id,display,category,threat,tier_hint,habitat,tameable,source_file,description_short
mo_jiao,墨蛟,yaoshou,4,5,血色禁地水域/巢穴,False,bestiary_compendium_v95.json,
xue_yu_zhizhu,血玉蜘蛛,lingshou,3,"[5, 8]","战场遗迹,古洞,培养于洞府",True,bestiary_compendium_v95.json,
yin_se_feichong,银色飞虫,chong,3,"[3, 5]",血色禁地,False,bestiary_compendium_v95.json,
shi_jin_chong,噬金虫,chong,5,"[1, 13]","乱星海偶得,洞府培育",True,bestiary_compendium_v95.json,
ti_hun_shou,啼魂兽,lingshou,5,special_growth,"契约随主,阴冥之地成长",True,bestiary_compendium_v95.json,
ying_li_shou,婴鲤兽,yaoshou,3,"[6, 7]",乱星海,False,bestiary_compendium_v95.json,
du_jiao_t8,八级毒蛟,yaoshou,5,8,乱星海荒岛/海外,False,bestiary_compendium_v95.json,
feng_xi,风希（九级妖兽）,yaoshou,5,9,乱星海外,False,bestiary_compendium_v95.json,
gui_yao_huaxing,龟妖（化形）,yaoshou,4,"[8, 9]",乱星海,,bestiary_compendium_v95.json,
jin_jiao_wang,金蛟王,yaoshou,6,11,乱星海极品灵石矿周边,,bestiary_compendium_v95.json,
tian_lan_shou,天澜圣兽,lingshou,6,special,"天澜草原信仰,契约后随缘",True,bestiary_compendium_v95.json,
tu_jia_long,土甲龙,lingshou,2,"[5, 8]","秘境,随主寻宝",True,bestiary_compendium_v95.json,
liu_yi_shuang_gong,六翼霜蚣,chong,4,"[6, 12]","御灵宗线,洞府,灵界可能失控",True,bestiary_compendium_v95.json,
si_xiao,尸魈,shi_gui,5,NASCENT_special,"阴地,古战场,雪云狐追踪线",False,bestiary_compendium_v95.json,
yinchi_yecha,银翅夜叉,shi_gui,6,10,"阴阳窟,重阴之地",False,bestiary_compendium_v95.json,
yin_zhi_ma,阴芝马,yaoshou,2,special,阴阳窟,False,bestiary_compendium_v95.json,
nie_yuan,孽猿,shi_gui,4,"[6, 8]",重阴之地,,bestiary_compendium_v95.json,
si_tong_ling_hu,四瞳灵狐,lingshou,3,"[5, 9]",,True,bestiary_compendium_v95.json,
hao_yang_niao,昊阳鸟,lingshou,4,"[7, 10]",岳阳宫传承,faction_only,bestiary_compendium_v95.json,
wu_feng,乌凤,yaoshou,5,"[8, 11]",苦竹岛等相关,,bestiary_compendium_v95.json,
zhi_mu_lingying,至木灵婴,plant_spirit,5,NASCENT_special,御灵宗禁制逃脱后游荡,,bestiary_compendium_v95.json,
xue_yan_gumo,血焰（古魔）,gu_mo,7,NASCENT_plus,"坠魔谷封印,出谷后游荡/大晋",,bestiary_compendium_v95.json,
huo_chan_shou,火蟾兽,yaoshou,4,"[8, 10]",坠魔谷,,bestiary_compendium_v95.json,
mang_shou_zhuimo,坠魔蟒兽,yaoshou,4,"[8, 10]",坠魔谷,,bestiary_compendium_v95.json,
bing_feng,冰凤,zhenling_bloodline,7,DEITY_to_GREAT,,,bestiary_compendium_v95.json,
lei_peng,雷鹏（骨骸/真灵遗）,zhenling,8,13,,,bestiary_compendium_v95.json,
you_tian_kunpeng,游天鲲鹏,zhenling,9,13,外星海可见与罗睺交战,,bestiary_compendium_v95.json,
luo_hou,罗睺,zhenling,9,13,,,bestiary_compendium_v95.json,
bao_lin_shou,豹麟兽,lingshou,5,"[10, 13]","灵界,地渊阴寒成长",True,bestiary_compendium_v95.json,
zhen_chan,真蟾兽,yaoshou,6,12,灵界,,bestiary_compendium_v95.json,
ming_lei_shou,冥雷兽,yaoshou,6,12,地渊周边,,bestiary_compendium_v95.json,
mo_yuan_heti,合体级魔猿,yaoshou,8,13,魔金山脉,,bestiary_compendium_v95.json,
zhi_xian,芝仙,plant_spirit,3,special,,capture,bestiary_compendium_v95.json,
jiu_qu_lingshen_spirit,九曲灵参（活体/曲儿）,plant_spirit,1,special,"虚天殿等,喜麝兰兽粪结构",True,bestiary_compendium_v95.json,
yin_yue,银月（雪玲）,humanoid_other,6,artifact_spirit_to_great,,,bestiary_compendium_v95.json,
mei_lan_shengwu,慕兰圣兽/图腾兽（结构）,yaoshou,5,"[8, 12]",慕兰草原,,bestiary_compendium_v95.json,
hai_shou_generic,乱星海普通海兽,yaoshou,2,"[3, 8]",内星海/外星海,,bestiary_compendium_v95.json,
xiang_yao_cao_marker,伴妖草指示巢穴的妖兽群,yaoshou,3,"[4, 9]",,,bestiary_compendium_v95.json,
jin_shen_yue_shi,金身月尸,shi_gui,7,NASCENT_plus,,,bestiary_compendium_v95.json,
shan_yue_juyuan_blood,山岳巨猿（真血/真灵）,zhenling,9,13,,,bestiary_compendium_v95.json,
tian_feng_bloodline,天凤血脉生物,zhenling,9,13,,,bestiary_compendium_v95.json,
wu_se_kongque,五色孔雀,zhenling,9,13,,,bestiary_compendium_v95.json,
ink_qilin_scale_beast,墨麒麟（远亲/真灵）,zhenling,9,13,,,bestiary_compendium_v95.json,
jin_bei_yaolang,金背妖螂,chong,3,"[4, 7]","御灵宗,虫修洞府",True,bestiary_secondary_v96.json,御灵宗常见驱使灵虫；适合筑基期虫阵消耗战。
cai_lian_chong,彩练虫（结构）,chong,2,"[3, 6]",天南山林,,bestiary_secondary_v96.json,中低阶虫修过渡种；坊市偶见虫卵。
xue_yun_hu,雪云狐,lingshou,3,"[5, 8]",天南雪山/秘境,True,bestiary_secondary_v96.json,韩立归落云宗后追踪目标结构；引出银月/尸魈事件。
ju_yuan_kuilei_beast,巨猿类妖兽（普通）,yaoshou,4,"[5, 9]","万岭,坠魔外围,灵界山地",,bestiary_secondary_v96.json,力系妖兽模板；与山岳巨猿真灵区分。
chi_huo_jiao,赤火蛟,yaoshou,5,"[8, 10]",大晋临江水域,,bestiary_secondary_v96.json,屠蛟任务目标；鳞片为火系法宝上佳材。
she_yao_generic,蛇妖（各级）,yaoshou,3,"[2, 8]","山林,沼泽,禁地",,bestiary_secondary_v96.json,最常见素材妖；胆可入药，皮可炼甲。
hu_yao_generic,虎妖（各级）,yaoshou,4,"[4, 9]","灵山,猎场",,bestiary_secondary_v96.json,正道猎场常见；骨可炼器药。
lang_yao_generic,狼妖群,yaoshou,3,"[3, 7]","草原,边关",,bestiary_secondary_v96.json,慕兰/边关战兽相关模板。
diao_yao,灵貂/貂妖,lingshou,2,"[3, 6]",药园盗药,True,bestiary_secondary_v96.json,药园灾害源；可驯为探路宠。
feng_yao_niao,风系妖禽,yaoshou,3,"[4, 8]","高山,星海岛屿",,bestiary_secondary_v96.json,翎羽可炼遁器辅材。
huo_yao_niao,火鸦/火禽,yaoshou,3,"[3, 7]","火脉,火狱外围",,bestiary_secondary_v96.json,火系炼器辅材来源。
shui_jiao_low,低阶水蛟,yaoshou,4,"[5, 7]","大河,内星海",,bestiary_secondary_v96.json,墨蛟与八级毒蛟之间的过渡种。
hai_jiao_kuilei,海蟹/甲壳海兽,yaoshou,3,"[4, 8]",乱星海浅滩,,bestiary_secondary_v96.json,海修常见猎物；壳可炼盾。
sha_yu_yao,妖鲨,yaoshou,4,"[5, 9]",外星海,,bestiary_secondary_v96.json,兽潮前锋模板。
zhang_yu_yao,妖章鱼/触手海怪,yaoshou,5,"[6, 10]",深海,,bestiary_secondary_v96.json,深海猎杀高危；墨可入阴修。
lei_shou_generic,雷兽（人界）,yaoshou,5,"[6, 10]","雷岛,雷空岛外围",,bestiary_secondary_v96.json,雷系炼器与雷珠辅材来源。
bing_yuan_lang,冰原狼,yaoshou,3,"[5, 8]",北地小极宫外围,,bestiary_secondary_v96.json,寒地常见；皮可制寒抗衣。
xuan_bing_chong,玄冰虫,chong,3,"[4, 7]",玄玉洞附近,,bestiary_secondary_v96.json,采玄冰花时的骚扰虫群。
du_xie,毒蝎妖,yaoshou,4,"[4, 8]","南疆沙漠,万毒谷外围",,bestiary_secondary_v96.json,毒圣门友好素材；十绝毒原料链。
sha_chong_wan,沙虫,yaoshou,4,"[5, 9]",南疆大漠,,bestiary_secondary_v96.json,姜黄晶产区伴生威胁。
gui_wu_generic,普通鬼物,shi_gui,3,"[2, 6]","古战场,阴罗宗驻地,阴冥",,bestiary_secondary_v96.json,啼魂口粮；正道符箓克制。
lian_shi_low,初级炼尸,shi_gui,3,"[3, 7]","鬼灵门,阴罗宗,战场",,bestiary_secondary_v96.json,魔道炮灰；可被收为低阶战力。
fei_tian_shi,飞天尸,shi_gui,5,"[8, 10]","阴罗高层,阴阳窟相关",,bestiary_secondary_v96.json,银翅夜叉前置形态结构。
tian_jue_mo_shi,天绝魔尸（炼制品）,shi_gui,5,crafted_NASCENT,,crafted,bestiary_secondary_v96.json,韩立炼制以寄第二元婴的结构体。
xiang_yao_huli,魅狐/妖狐修,yaoshou,4,"[6, 11]","合欢相关秘境,野外",,bestiary_secondary_v96.json,幻术系；定神符/神识可抗。
mu_yao_tree,树妖/木灵,plant_spirit,4,"[5, 10]","古林,木族边境灵界",,bestiary_secondary_v96.json,木系功法友好；灵界木族相关升级版。
jin_shi_ren,金石傀儡兽（遗迹）,humanoid_other,4,"[5, 9]","上古遗址,昆吾外围禁制",,bestiary_secondary_v96.json,非活物；近傀儡，魄石可修。
xue_sha_chong,血煞虫,chong,4,"[5, 8]","魔道秘地,血祭场",,bestiary_secondary_v96.json,魔功祭炼素材；正道禁运。
bi_zui_jiu,碧嘴鸠,yaoshou,4,"[6, 9]","毒沼,南疆",,bestiary_secondary_v96.json,十绝毒「碧鸠」来源生物。
she_lan_shou,麝兰兽,yaoshou,2,"[4, 7]",灵参出没地,,bestiary_secondary_v96.json,非强敌；粪便为引参奇物结构。
lei_shou_spirit,灵界雷兽,yaoshou,7,"[11, 13]","地渊,雷域",,bestiary_secondary_v96.json,鱼店主/啼魂线可涉；化神以上。
an_shou_diyuan,地渊暗兽,yaoshou,6,"[10, 13]",地渊深层,,bestiary_secondary_v96.json,豹麟兽进阶口粮；王级内丹极珍。
mo_lang_generic,魔狼/魔犬,yaoshou,5,"[8, 12]","魔界边境,魔金山外围",,bestiary_secondary_v96.json,魔界炮灰到精英模板。
mo_e,魔鳄,yaoshou,8,13,魔金山,,bestiary_secondary_v96.json,宝花线关联高危。
fu_you_zu_bug,蜉蝣族相关虫潮,chong,7,"[9, 13]",冥河周边,,bestiary_secondary_v96.json,冥河任务环境危害。
ming_chong_mu,螟虫之母,chong,8,13,跨界事件,,bestiary_secondary_v96.json,噬金虫终极进化关键素材来源。
hei_ni_shou,黑猊兽,zhenling,9,13,灵界大战,,bestiary_secondary_v96.json,马良之战等可见；非猎场生物。
huo_xu_zi,火须子（真灵火）,zhenling,9,13,,,bestiary_secondary_v96.json,真仙马良侧真灵级火修参照。
tian_peng_zuren,天鹏族战禽,lingshou,6,"[10, 12]",天鹏圣地,faction_only,bestiary_secondary_v96.json,圣地试炼与护卫用禽。
jin_wu_fragment,金乌相关（残影/血脉）,zhenling,9,13,,,bestiary_secondary_v96.json,噬灵天火吞噬链上的真灵火种标签。
ling_shou_shan_stock,灵兽山放养种,lingshou,2,"[2, 6]",麒麟阁/灵兽山,True,bestiary_secondary_v96.json,宗门商品灵兽；战力受驯化限制。
war_mount_mulan,慕兰战兽,yaoshou,4,"[5, 10]",慕兰草原,,bestiary_secondary_v96.json,战争单位；击杀掉图腾碎片。
bi_lin_she,碧鳞蛇,yaoshou,2,"[3, 6]","药园,禁地边缘",,bestiary_more_v97.json,药园常见害兽；胆可入基础解毒/毒丹。
huo_ling_shu,火鳞鼠,yaoshou,2,"[2, 5]","地火附近,矿洞",,bestiary_more_v97.json,矿脉害兽；可驯探矿。
shi_tie_kuang_chong,噬铁虫（普通）,chong,1,"[2, 5]",矿山,,bestiary_more_v97.json,与噬金虫同科低配；坊市可卖卵。
yun_yi_meng,云翼蟒,yaoshou,4,"[6, 9]","高山,坠魔外围",,bestiary_more_v97.json,空战威胁；翼膜可炼软甲。
xue_ci_hao,血刺豪猪妖,yaoshou,3,"[4, 7]",密林,,bestiary_more_v97.json,远程骚扰型；刺可炼暗器。
han_bing_chan,寒冰蟾,yaoshou,3,"[5, 8]","北地,小极宫外",,bestiary_more_v97.json,与火蟾对照的寒属性素材源。
lei_lin_e,雷鳞鳄,yaoshou,5,"[7, 10]","雷泽,星海雷岛",,bestiary_more_v97.json,雷系重甲素材；猎杀需防雷池。
you_ming_gu,幽冥蛊虫,chong,4,"[5, 9]","南疆蛊术,魔道",,bestiary_more_v97.json,邪修控人道具；正道缴获即毁或封。
jin_can_si,金蚕丝虫,chong,2,"[3, 6]","锦绣山门,养蚕洞府",True,bestiary_more_v97.json,丝可炼软甲与捆仙绳辅材。
shi_hun_yao,噬魂妖（低阶）,shi_gui,4,"[6, 9]","古修洞府,阴冥边缘",,bestiary_more_v97.json,神识弱者克星；大衍/啼魂克制。
kuang_zhan_shi,狂战尸,shi_gui,3,"[5, 8]",鬼灵门战场,,bestiary_more_v97.json,魔道冲阵单位。
xue_jiao_fan,血蛟帆（海兽）,yaoshou,4,"[6, 9]",外星海,,bestiary_more_v97.json,兽潮先锋模板。
jing_yu_shou,鲸语兽,yaoshou,5,"[8, 11]",深海,,bestiary_more_v97.json,深海猎杀需结队；骨可炼音系法宝。
mu_jia_chong,木甲虫,chong,3,"[4, 7]","古林,木灵地",,bestiary_more_v97.json,木系炼器胶合材。
tu_shi_long_qian,土蜥龙（低阶）,yaoshou,3,"[5, 8]","荒原,大晋西",,bestiary_more_v97.json,土甲龙远亲普通种。
feng_ling_die,风灵蝶,lingshou,2,"[3, 6]",灵花海,True,bestiary_more_v97.json,可驯为传讯/探路；粉可入幻药。
an_ying_bao,暗影豹,yaoshou,4,"[6, 9]",密林夜境,,bestiary_more_v97.json,刺客型妖兽；光系/天眼克制。
shi_yan_gui,石岩龟,yaoshou,3,"[5, 8]",山地,,bestiary_more_v97.json,防御素材；甲可炼盾。
chi_tong_yao_niao,赤瞳妖鸦,yaoshou,3,"[4, 7]","战场,魔道驻地",,bestiary_more_v97.json,魔道眼线生物；清场需范围术。
yin_huo_chong,阴火虫,chong,3,"[5, 8]","阴冥,鬼罗幡阵中",,bestiary_more_v97.json,阴修养虫；可喂啼魂。
xue_mo_quan,血魔犬,yaoshou,4,"[5, 9]","血祭场,慕兰外围魔修",,bestiary_more_v97.json,追杀逃兵与伤员的战争单位。
qing_mu_ren,青木人（精怪）,plant_spirit,4,"[6, 10]",古木阵眼,,bestiary_more_v97.json,护林精怪；杀之损木运（叙事）。
sha_hai_scorpion_king,沙海蝎王,yaoshou,5,"[8, 10]",南疆沙漠深处,,bestiary_more_v97.json,区域BOSS模板；毒圣门可能收服。
xing_hai_shui_mu,星海水母妖,yaoshou,3,"[5, 8]",内星海,,bestiary_more_v97.json,胶可炼软甲与丹药辅材。
gumo_canpo,古魔残魄,gu_mo,6,NASCENT_special,"坠魔谷裂缝,无边海",,bestiary_more_v97.json,血焰同类低配；接触需禁制。
tianwai_moying,天外魔影（低等）,gu_mo,7,"[10, 13]","魔金山,破界点",,bestiary_more_v97.json,灵界魔患模板。
ling_ji_shou,灵鸡/报晓灵禽,lingshou,1,"[1, 4]","洞府,药园",True,bestiary_more_v97.json,洞府警报宠；无战力。
cai_yun_lu,彩云鹿,lingshou,2,"[4, 7]",灵山浅层,True,bestiary_more_v97.json,灵药亲和；茸入药。
hei_feng_bao,黑风豹（慕兰）,yaoshou,4,"[6, 9]",慕兰草原,,bestiary_more_v97.json,法师骑乘/伴战单位。
yu_lin_jiao_long_qian,雨鳞蛟（未化形）,yaoshou,5,"[7, 9]","大湖,暴雨海域",,bestiary_more_v97.json,水修争夺的灵蛟。
zhen_yan_shou,镇岩兽,lingshou,5,"[8, 11]","矿脉核心,宗门镇压",sect_only,bestiary_more_v97.json,护山灵兽模板。
huo_yi_chong_wang,火蚁虫群,chong,3,"[3, 7]",火脉裂隙,,bestiary_more_v97.json,范围火术清场；单杀无意义。
bing_feng_que,冰峰雀,yaoshou,3,"[4, 7]",雪峰,,bestiary_more_v97.json,寒地飞行素材。
mo_lin_ma,墨鳞马,lingshou,3,"[5, 8]","边军,大晋",True,bestiary_more_v97.json,修士坐骑商品；价高于凡马百倍。
diyuan_fu_you_scout,地渊侦察蜉蝣,chong,5,"[9, 11]",地渊,,bestiary_more_v97.json,深层试炼骚扰单位。
guanghan_anshou_cub,广寒暗兽幼体,yaoshou,6,"[10, 12]",广寒界,,bestiary_more_v97.json,界面猎场；豹麟可抢食。
jin_chi_diao,金翅雕,yaoshou,4,"[6, 10]","高山之巅,乱星海孤岛",,bestiary_v98.json,空中霸主型妖禽。金羽可炼飞剑辅材与软甲；筑基后期需结队或遁符。
xuan_wu_gui_low,玄武血脉龟（低）,yaoshou,5,"[7, 11]","深湖,北地寒潭",,bestiary_v98.json,防御模板顶点之一。非真灵全血；甲片炼盾一等。
huo_qi_lin_cub,火麒麟幼兽（伪）,lingshou,6,"[8, 12]","火狱边缘奇遇,拍卖伪种",极难,bestiary_v98.json,多半是远亲或伪种。真火麒麟不入日常刷新。
yin_yang_yu,阴阳鱼妖,yaoshou,3,"[5, 8]","阴阳窟水域,太极灵泉",,bestiary_v98.json,双修与阴阳功法友好素材；成对比杀药性更全。
shi_xin_gu,蚀心蛊母,chong,5,"[7, 10]","南疆蛊洞,魔修密室",,bestiary_v98.json,邪道控人顶级虫。正道缴获须封禁神识阵；啼魂可嗅。
lei_ying_lang,雷影狼王,yaoshou,5,"[8, 10]","雷岛腹地,地渊浅层",,bestiary_v98.json,群居精英。先清小狼再王；皮炼雷抗衣。
mu_long_jiao_gan,木龙干尸守卫,shi_gui,6,"[9, 11]","上古木修遗迹,广寒边缘",,bestiary_v98.json,遗迹BOSS模板。火系克制；斩首绿火方死。
xue_mo_ying,血膜蝇群,chong,3,"[4, 7]","血祭场,慕兰战场尸体堆",,bestiary_v98.json,战场公害。范围火/冰清场；单杀无意义。
han_yu_hu,寒玉虎,yaoshou,4,"[6, 9]",小极宫外围雪谷,,bestiary_v98.json,北地硬目标。骨入寒药；皮制高级寒衣。
gu_jian_ling,古剑灵（失控）,humanoid_other,5,"[7, 10]","试剑大会禁地,古修剑冢",,bestiary_v98.json,非血肉生灵。强神识/佛光克制；掉落利剑修。
shen_shi_zhu,蜃尸蛛,yaoshou,4,"[6, 9]","沙漠绿洲幻境,南疆",,bestiary_v98.json,先破幻再杀本体。丝可炼幻衣与困敌网。
qing_luan_niao,青鸾（远亲）,lingshou,6,"[9, 12]","灵界木族边境,人界传说点",faction_or_event,bestiary_v98.json,祥瑞向灵禽。击杀损正道声望；羽炼音火双系宝。
mo_yan_chong,魔焰虫,chong,5,"[8, 11]","魔气之渊,魔金山浅层",,bestiary_v98.json,魔气区常见。壳炼魔器；正道触之易染魔气。
shui_yun_jiao_nv,水云蛟（化形女修）,yaoshou,5,"[8, 10]","大湖龙宫结构,内星海",,bestiary_v98.json,高智妖修模板。可交易可联姻剧情，亦可抢珠。
tian_can_dao_ren_puppet,天蚕道人遗傀,humanoid_other,4,"[6, 9]",旧道人洞府,,bestiary_v98.json,洞府守卫。火烧丝网；核心可修。
ye_cha_gui_jiang,夜叉鬼将,shi_gui,6,"[9, 11]","阴罗宗核心,重阴古战场",,bestiary_v98.json,银翅夜叉之下、飞天尸之上的精英鬼将。
jin_wu_huo_ji,金乌火鸡（伪血）,yaoshou,5,"[7, 10]","火狱深层,太阳精石矿",,bestiary_v98.json,太阳精火相关生态。真金乌不刷；此为氛围与素材。
di_xing_shu_wang,地行鼠王,yaoshou,3,"[5, 8]","矿道,灵矿地道",,bestiary_v98.json,矿脉公敌。可雇妖修捕鼠；掉落含随机矿。
feng_du_xie_hou,风毒蝎后,yaoshou,5,"[7, 9]",南疆风蚀谷,,bestiary_v98.json,沙海蝎王前置精英。解毒丹+防风阵。
yun_zhong_long_que,云中龙雀,lingshou,2,"[5, 8]","云梦高山,天南灵山",True,bestiary_v98.json,传讯灵禽商品。宗门信使常用。
xue_sha_ma_jiang,血煞魔僵,shi_gui,5,"[8, 10]","血祭战场,鬼灵门秘库",,bestiary_v98.json,炼尸进阶种。佛门/啼魂克制。
ling_xi_yu,灵溪鲤,lingshou,1,"[2, 5]","药园灵溪,聚灵阵旁",True,bestiary_v98.json,观赏与净池用。杀之扣药园风水（叙事）。
po_jun_xing_shou,破军星兽（幻）,yaoshou,6,"[10, 12]","星宫试炼幻境,天星城秘",,bestiary_v98.json,试炼投影，非野外真兽。掉落试炼积分物。
ku_mu_yao_lao,枯木妖老,plant_spirit,5,"[8, 11]","万木大阵眼,古林禁地",,bestiary_v98.json,护林首领。火雷有效；讲和可换灵木配额。
hai_long_zhu_hou,海龙蛛后,yaoshou,5,"[7, 10]",外星海暗礁洞,,bestiary_v98.json,海修噩梦。丝韧过血玉蛛一筹；卵可培。
san_wei_huo_li,三尾火狸,lingshou,2,"[4, 7]","火脉浅层,坊市灵兽摊",True,bestiary_v98.json,入门火系灵兽。可售可培。
you_ming_ma,幽冥骨马,shi_gui,4,"[6, 9]","阴冥,鬼修骑乘",鬼修,bestiary_v98.json,鬼修坐骑。正道缴获需超度或炼材。
zhen_yan_shou_cub,镇岩兽幼体,lingshou,2,"[4, 7]","矿脉,宗门育兽场",True,bestiary_v98.json,养成后成护山兽。幼体坊市偶见。
tian_lang_can_hun,天狼残魂,shi_gui,6,"[9, 12]","星空遗迹,灵界古战场",,bestiary_v98.json,神识战单位。大衍/炼神向挑战。
bi_shui_xuan_gui,碧水玄龟,lingshou,2,"[5, 8]","灵湖,洞府放生池",True,bestiary_v98.json,祥瑞与阵基活物。板可刻小阵。
du_sheng_men_chong,毒圣门驱使毒虫（通用）,chong,3,"[3, 8]","毒圣门驻地,南疆任务",,bestiary_v99.json,门派量产战虫。毒种随任务阶位升高；缴获可炼毒或喂噬金（风险自担）。
wan_du_hua,万毒花精,plant_spirit,5,"[7, 10]",万毒谷深处,,bestiary_v99.json,植物精怪与毒修中间态。近战需防吸入；火系有效但会引爆毒雾。
xuan_ming_gui_cha,玄冥鬼差（低阶）,shi_gui,4,"[6, 9]","阴冥深层,古修阴司遗迹",,bestiary_v99.json,秩序型鬼物，非狂化炼尸。强光/佛门/啼魂可破链。
lei_peng_cub,雷鹏幼雏,lingshou,3,"[5, 8]","雷岛外围巢,拍卖伪种",True,bestiary_v99.json,风雷翅素材线的生态补充。成体雷鹏事件向，幼雏可养成但难至真鹏。
jin_jiao_long_qian,金角蛟（未化形）,yaoshou,5,"[8, 10]","大晋深湖,外星海金脉水域",,bestiary_v99.json,金蛟王之下的精英蛟。角可炼金系法宝尖锋。
shi_gu_jiang_jun,尸谷将军尸,shi_gui,6,"[9, 11]","古战场尸谷,鬼灵门禁地",,bestiary_v99.json,尸潮指挥单位。优先斩将再清兵；佛门法宝克制。
yun_meng_jian_hu,云梦剑狐,lingshou,4,"[6, 9]",云梦试剑外围林,high_rep_yunmeng,bestiary_v99.json,圣地灵兽。擅杀扣声望；可作试剑伴生事件。
xing_gong_shou_wei,星宫守阵灵兽,lingshou,5,"[7, 10]","星宫山门,传送阵枢纽",False,bestiary_v99.json,派驻单位。攻击=与星宫开战；任务中可暂时并肩。
luo_yun_hu_shan,落云护山鹤,lingshou,2,"[5, 8]","落云宗,天南灵山",sect,bestiary_v99.json,宗门预警灵禽。羽可炼轻身衣。
he_huan_mei_ying,合欢魅影（妖化）,yaoshou,4,"[6, 9]","合欢宗秘境边缘,魅狐同域",,bestiary_v99.json,定神符/强神识必带。击杀掉魅材；亦可能是阵法投影。
qi_lin_ge_shou,麒麟阁展示兽,lingshou,2,"[4, 8]",灵兽山/麒麟阁,True,bestiary_v99.json,商品兽。偷窃触发全城通缉；正当购买走贡献/灵石。
wai_xing_hai_shui_gui,外星海深水鬼,shi_gui,4,"[7, 10]","兽潮后海域,沉船",,bestiary_v99.json,海修夜航威胁。阳灯/啼魂/雷符有效。
jin_chan_tuo_qiao,金蝉蜕壳虫,chong,2,"[4, 7]","密林,药园古树",,bestiary_v99.json,壳是炼器/符箓高级纸基辅材；打本体需防空壳骗招。
xue_lian_shou,雪莲守护兽,yaoshou,4,"[6, 9]",北地雪莲田,,bestiary_v99.json,采药必遇。杀守护兽可能毁药田风水（叙事）。
mo_qi_tun_tun,魔气吞噬兽（低等）,gu_mo,5,"[8, 11]","魔气之渊,无边海裂隙",,bestiary_v99.json,法术越多它越胖。物理/封禁类更有效。
di_yuan_shi_yan,地渊石炎兽,yaoshou,6,"[10, 12]",地渊火脉层,,bestiary_v99.json,化神猎场精英。寒焰/水法克制。
tian_peng_shi_wei,天鹏侍卫禽,lingshou,6,"[10, 12]",天鹏圣地,faction_only,bestiary_v99.json,圣地武装。外人击落=宣战。
mu_zu_shou_lin,木族守林使（化形）,plant_spirit,7,"[11, 13]",灵界木族边境,,bestiary_v99.json,高智对话单位。可任务可敌；杀之结木族仇。
mo_jie_xue_zhu,魔界血蛛,yaoshou,7,"[11, 13]",魔金山洞穴,,bestiary_v99.json,魔界常见。丝可炼魔器；正道触之染煞。
guang_han_bing_po,广寒冰魄,humanoid_other,6,"[10, 12]",广寒界冰原,,bestiary_v99.json,界面构装生灵。破核才死；火道高效。
san_yan_huo_tong,三眼火狪,yaoshou,4,"[6, 9]","火狱外围,坠魔外谷",,bestiary_v99.json,火眼可炼探查类辅材；群居时优先集火头目。
yin_yang_shi_zi,阴阳狮子兽,yaoshou,5,"[8, 11]","阴阳窟深层,太极遗迹",,bestiary_v99.json,需双属性或物理破防。掉落利阴阳功法。
qi_sha_xing_ying,七杀星影（试炼）,humanoid_other,6,"[9, 12]","星宫试炼,古战场投影",,bestiary_v99.json,非永久实体。试炼分/声望向。
hai_yu_jiao_ren,海御鲛人,yaoshou,4,"[7, 10]",内星海暗礁部落,,bestiary_v99.json,高智海族。交易鲛珠；开战则部落增援。
xue_yun_hu_alpha,雪云狐王,lingshou,5,"[7, 9]",雪原秘境,,bestiary_v99.json,雪云狐线精英。击杀可能触发尸魈事件。
zhu_guo_chong,蛀果虫,chong,1,"[1, 4]","药园,灵果林",,bestiary_v99.json,经济害虫。不杀则灵烛/天灵果等产量暴跌。
shou_yuan_shu_yao,寿元树妖（老）,plant_spirit,6,"[9, 12]","禁地中心,灵界古林",,bestiary_v99.json,可战可谈。杀之获材但背「夺寿」因果叙事。
fei_jian_ku_shou,飞剑冢守护剑傀,humanoid_other,5,"[7, 10]","剑冢,试剑禁地深层",,bestiary_v99.json,剑修圣地试炼怪。破核心或收服一柄本命残剑。
mo_lan_tu_teng_shou,慕兰图腾巨兽,yaoshou,6,"[8, 11]",慕兰战场中军,,bestiary_v99.json,破图腾兽=削弱一片敌阵。优先目标。
ling_yu_bai_ze_pseudo,白泽伪种,lingshou,5,"[9, 12]","拍卖,上古遗迹",,bestiary_v99.json,知万物的传说弱化版。可作鉴定辅助灵兽，极珍。
qi_xuan_men_hufa,七玄门护法人为（凡人高手）,humanoid_other,1,MORTAL,"七玄门,沧州山野",,bestiary_v100.json,凡人阶段敌人。无灵根，靠阵与人数；升仙后不足为惧。
ye_lang_bang_xiu,野狼帮修士,humanoid_other,2,"[1, 3]","边荒,升仙令争夺区",,bestiary_v100.json,金光上人线生态。掉落入门门票相关。
huang_feng_wai_men_patrol,黄枫谷外门巡查,humanoid_other,2,"[2, 5]","黄枫谷山门,药园外围",,bestiary_v100.json,友军默认。攻击=叛宗。
xue_se_shou_hu_shou,血色禁地守护兽（中核）,yaoshou,4,"[4, 7]",血色禁地中心区,,bestiary_v100.json,四主药田精英。试炼期刷新；非永久野外。
yan_ling_bao_ci_ke,燕翎堡刺客修,humanoid_other,3,"[4, 6]","天南商道,追杀线",,bestiary_v100.json,王蝉线。杀之加鬼灵门热度。
ling_kuang_kuang_gong,灵矿苦役妖兽,yaoshou,2,"[3, 6]",灵矿地道,,bestiary_v100.json,地道副本杂兵。魔道袭矿时狂化。
hei_sha_jiao_tu,黑煞教徒众,humanoid_other,3,"[3, 7]",黑煞教据点,,bestiary_v100.json,覆灭黑煞教任务单位。
tian_xing_cheng_xun_hai,天星城巡海队,humanoid_other,3,"[5, 8]",内星海航道,,bestiary_v100.json,秩序单位。无令牌运禁物则开战。
liu_lian_dian_ke_qing,六连殿客卿打手,humanoid_other,4,"[6, 8]",乱星海势力场,,bestiary_v100.json,古长老线前后的社会敌。
xu_tian_dian_shou_shi,虚天殿守殿石像/禁制灵,humanoid_other,5,"[7, 10]",虚天殿,,bestiary_v100.json,副本机制怪。非日常刷新。
yin_ming_shou_hu,阴冥地脉守物,shi_gui,4,"[6, 9]",阴冥深处,,bestiary_v100.json,环境+怪物一体。啼魂加成区。
yun_meng_shi_jian_ying,云梦试剑影,humanoid_other,5,"[7, 10]",试剑大会,,bestiary_v100.json,试炼投影。定灵丹线。
yin_luo_zong_fa_wang,阴罗宗法王护卫,humanoid_other,5,"[8, 10]","阴罗宗,赴约战场",,bestiary_v100.json,四长老战的添头单位。
mu_lan_fa_shi,慕兰图腾法师,humanoid_other,4,"[5, 10]",慕兰草原战场,,bestiary_v100.json,战争单位。优先打断法师再打兽。
dayan_kui_lei_shou,大衍遗留傀儡兽,humanoid_other,4,"[7, 10]","极西洞府,千竹教相关",puppet_skill,bestiary_v100.json,神君线素材与战力。
xue_yan_fen_shen,血焰分身残影,gu_mo,7,"[9, 11]","坠魔谷,昆吾",,bestiary_v100.json,主魂之前的压力测试单位。
kun_wu_dian_ling,昆吾殿灵,humanoid_other,5,"[9, 11]",昆吾山殿,,bestiary_v100.json,对话权重高于掉落。
han_yan_xiu_shi,寒焰修士（小极宫）,humanoid_other,5,"[8, 10]",小极宫,,bestiary_v100.json,友可变敌。反目线掉五寒焰相关。
jin_hua_laozu_shou_wei,金花老祖护岛兽,yaoshou,5,"[8, 10]",魔湖岛外围,,bestiary_v100.json,天阙玉书残线前哨。
huo_yu_huo_ling,火狱火灵,yaoshou,5,"[8, 11]",火狱,,bestiary_v100.json,取太阳精火的门槛怪。
tian_yuan_xun_cheng,天渊巡城执法,humanoid_other,6,"[10, 12]",天渊城,,bestiary_v100.json,秩序顶格。别在城里开杀。
di_yuan_ming_lei_xiao,地渊冥雷幼兽,yaoshou,5,"[10, 11]",地渊浅层,,bestiary_v100.json,冥雷兽前置。豹麟口粮链。
xing_gong_yuan_ci_shou,星宫元磁试炼兽,yaoshou,6,"[10, 12]",星宫试炼场,,bestiary_v100.json,元磁神光教学战。
guang_han_shou_shu,广寒守树灵,plant_spirit,6,"[11, 13]",广寒界药田,,bestiary_v100.json,采药BOSS。炼神术线周边。
ma_liang_fa_xiang,马良法相残影（结构）,humanoid_other,9,13,决战副本,,bestiary_v100.json,不可当野怪。唯一战。
fang_shi_dao_xiu,坊市盗修,humanoid_other,3,"[3, 9]",各大坊市暗巷,,bestiary_v100.json,经济生态敌。财不外露相关。
bao_shi_shou_hu_quan,拍卖行护卫修,humanoid_other,5,"[6, 11]",寸金阁/晋京拍/天渊拍,,bestiary_v100.json,拍场秩序。抢劫拍卖=全图追杀。
gong_fa_shi_lian_ren,功法试炼人偶,humanoid_other,3,"[2, 12]","洞府试炼间,宗门阁",,bestiary_v100.json,安全练功对象。对应功法冲突测试。
xue_mai_chong_tu_ying,血脉冲突幻魔,shi_gui,6,"[9, 12]",惊蛰修炼走火时,,bestiary_v100.json,惊蛰乱吞真血的惩罚怪。
mo_gong_fan_shi,魔功反噬魔影,gu_mo,5,"[7, 11]",走火入魔事件,,bestiary_v100.json,玄阴/煞丹乱修惩罚。
quest_escort_bandit,押镖劫匪修士,humanoid_other,2,"[2, 7]","商道,护送任务",,bestiary_v101.json,主线外日常。杀完交镖；放走扣评价。
quest_herb_thief_beast,盗药灵貂群,yaoshou,1,"[2, 5]","药园任务,禁地边缘",,bestiary_v101.json,药园日常敌。优先驱赶可保产量。
auction_spy_xiu,拍场盯梢修,humanoid_other,3,"[5, 10]","晋京地下,寸金阁后巷",,bestiary_v101.json,买到庚精/墨金后概率刷出。反侦察可避战。
escort_sea_pirate,星海海盗结丹,humanoid_other,4,"[6, 8]",内星海航线任务,,bestiary_v101.json,护送/清剿任务单位。天星城声望相关。
war_totem_priest_elite,慕兰大祭祀,humanoid_other,6,"[8, 10]",边界大战中军,,bestiary_v101.json,赌战精英。击杀推进顶赏进度。
secret_realm_gate_beast,秘境门关兽,yaoshou,5,"[5, 11]",虚天/坠魔/昆吾入口,,bestiary_v101.json,任务链闸门怪。败则开放下一区。
tag_filter_demo_beast,标签演示：可交易妖兽,yaoshou,2,"[3, 6]",越国灵脉,,bestiary_v101.json,经济标签示例生物。掉落均可 trade。
unique_drop_forbid_boss,唯一物守护影（结构）,humanoid_other,7,"[9, 12]",剧情唯一战,,bestiary_v101.json,设计用：保证掌天瓶/八灵尺等不复制。
merit_camp_drill_beast,功勋演武兽,yaoshou,4,"[10, 12]",天渊演武场,,bestiary_v101.json,安全练功。merit_only 经济区配套。
sect_contrib_thief,盗贡献令弟子,humanoid_other,2,"[3, 6]",宗门内务任务,,bestiary_v101.json,sect_only 货币线反派。
black_market_enforcer,黑市执法傀,humanoid_other,5,"[7, 10]",晋京地下,,bestiary_v101.json,黑市秩序。抢劫摊位触发。
bond_quest_rival,道侣线情敌修,humanoid_other,4,"[6, 10]",道侣相关任务,,bestiary_v101.json,bond 标签事件。可战可智取。
summary_filler_stone_turtle,石纹龟（摘要补）,lingshou,1,"[3, 6]","灵湖,坊市放生池",True,bestiary_v101.json,低威胁祥瑞。板可刻小阵。
summary_filler_wind_weasel,疾风貂,yaoshou,3,"[4, 7]","高山,慕兰边缘",,bestiary_v101.json,身法修士素材。筋炼软甲。
summary_filler_copper_ox,铜皮灵牛,lingshou,2,"[5, 8]","矿脉牧场,宗门后勤",True,bestiary_v101.json,运输与炼体辅助。非战斗主力。
summary_filler_night_bat,夜啼蝠妖,yaoshou,2,"[3, 6]","山洞,阴冥边缘",,bestiary_v101.json,定神符克制。翼炼暗器。
summary_filler_jade_bee,玉蜂,chong,1,"[2, 5]","药园,灵花田",,bestiary_v101.json,可驯产蜜。蜜入疗伤丹辅。
summary_filler_sand_lizard,流沙蜥,yaoshou,3,"[4, 7]",南疆大漠,,bestiary_v101.json,南疆抗毒包测试怪。
summary_filler_ice_shrimp,玄冰虾,lingshou,2,"[5, 8]",北地寒潭,,bestiary_v101.json,寒药辅材。壳炼寒符纸。
summary_filler_ember_moth,烬蛾,chong,2,"[4, 7]","火狱外围,地火室事故点",,bestiary_v101.json,炼器事故衍生。粉入弄焰辅材。
summary_filler_mirror_fish,镜鳞鱼,lingshou,1,"[3, 6]","云梦湖,幻阵边",,bestiary_v101.json,破幻研究材。魅香线对照。
summary_filler_bone_vulture,白骨鹫,shi_gui,4,"[6, 9]","古战场,鬼道驻地",,bestiary_v101.json,鬼修坐骑候选。佛门克制。
summary_filler_lotus_snake,莲纹蛇,yaoshou,3,"[5, 8]","药园古池,合欢外围",,bestiary_v101.json,解毒与幻香双用胆。
summary_filler_cloud_ram,云角羊,lingshou,2,"[4, 7]","落云山,高山牧场",True,bestiary_v101.json,角炼轻身。宗门可牧。
summary_filler_void_mite,虚空螨（界面）,chong,5,"[10, 12]","广寒裂隙,破界点",,bestiary_v101.json,炼虚后威胁。破界符使用点可能引来。
summary_filler_merit_herald,功勋信使鹤,lingshou,3,"[9, 11]",天渊航线,,bestiary_v101.json,不可攻击友好单位。任务交付用。
summary_filler_chain_quest_wolf,任务链头狼,yaoshou,3,"[4, 8]",各境日常狩猎板,,bestiary_v101.json,多步狩猎链。逃跑触发下一区刷怪。
summary_filler_alchemy_fail_slime,炸炉药泥怪,plant_spirit,2,"[3, 7]",炼丹失败事件,,bestiary_v101.json,丹方失败率的具象化杂兵。
summary_filler_array_bug,噬阵蚁,chong,3,"[5, 8]","护府阵外,战场废阵",,bestiary_v101.json,阵法维护事件。不杀则聚灵阵效率降。
summary_filler_price_gouger_spirit,奸商聚灵鼠（戏）,yaoshou,1,"[2, 4]",坊市地沟（彩蛋）,,bestiary_v101.json,物价讽刺彩蛋。掉落贴 currency 标签。
road_bandit_qi,官道散修劫匪（炼气）,humanoid_other,2,"[2, 4]","太南-黄枫陆路,旅行事件",,bestiary_v102.json,遁光未成时的路遇。交买路财或战。
road_patrol_sect,七派巡路弟子,humanoid_other,2,"[3, 6]",越国官道,,bestiary_v102.json,声望友好则放行；敌对则战斗。
sea_lane_shark_pack,航道妖鲨群,yaoshou,4,"[5, 8]",天星-黑石海路,,bestiary_v102.json,法舟旅行随机。兽潮期权重×2。
teleport_array_guard,传送阵守护修,humanoid_other,4,"[6, 10]",各大传送枢纽,,bestiary_v102.json,逃票/闯阵触发。声望高可减免盘查。
border_sentry_mulan,慕兰边哨战骑,yaoshou,4,"[5, 9]",慕兰-天南边界,,bestiary_v102.json,战争状态默认敌；停战贸易后可避战。
border_sentry_tiannan,天南边军修士,humanoid_other,3,"[5, 9]",边界防线,,bestiary_v102.json,无军令禁入战区。声望盟军≥20 放行。
nether_travel_wraith,阴冥路魂,shi_gui,4,"[6, 9]",阴冥旅行线,,bestiary_v102.json,法力异常区路遇。啼魂降威胁。
cold_road_ice_wolf,北地雪道冰狼,yaoshou,4,"[6, 9]",晋京-小极宫雪道,,bestiary_v102.json,极寒旅行。需寒抗。
fire_road_ember_hound,火狱烟道炎犬,yaoshou,5,"[7, 10]",火狱外围路径,,bestiary_v102.json,取太阳精火路上的门槛。
reputation_bounty_hunter,声望通缉猎修,humanoid_other,5,"[4, 11]",任意枢纽（敌对时）,,bestiary_v102.json,势力声望≤-40 时刷新。易容可暂避。
exalted_escort_elite,崇敬级护卫（友）,humanoid_other,0,"[7, 11]",声望 exalted 任务,,bestiary_v102.json,声望≥81 的友好单位。可作旅行护卫。
black_market_tail,黑市尾随杀手,humanoid_other,5,"[8, 10]",晋京地下出口,,bestiary_v102.json,拍下庚精/墨金后高概率。声望地下高则降权。
yunmeng_sword_road_shade,云梦剑道残影,humanoid_other,4,"[7, 9]",赴云梦山道,,bestiary_v102.json,圣地声望≥10 才刷友好试炼；否则当敌。
void_rift_lurker,节点裂隙潜伏兽,yaoshou,6,"[10, 12]",飞升节点附近,,bestiary_v102.json,破界前清场怪。无详尽节点时更危。
tianyuan_customs_inspector,天渊关卡司察,humanoid_other,6,"[10, 12]",天渊入口,,bestiary_v102.json,飞升后第一关。声望0即可注册；负声望扣押。
diyuan_convoy_ambush,地渊运补伏击暗兽,yaoshou,6,"[10, 12]",天渊-地渊补给线,,bestiary_v102.json,地渊军功日常。声望军体系越高任务档越高。
guanghan_road_ice_elemental,广寒路冰元灵,humanoid_other,6,"[11, 13]",赴广寒界途,,bestiary_v102.json,界面旅行威胁。火道优。
ng_plus_echo_self,轮回残响（己影）,humanoid_other,5,随玩家,NG+ 关键节点,,bestiary_v102.json,多周目专属。只给阅历不给通天复制。
economy_audit_specter,天道审计虚影（结构）,humanoid_other,7,12,绿液滥用触发,,bestiary_v102.json,防炸经济具象。批量抛售万年草时出现。
liquid_overuse_bane,药园反噬藤怪,plant_spirit,4,"[6, 10]",绿液超帽药园,,bestiary_v102.json,瓶规则违反的软惩罚怪。
insect_swarm_softcap,噬金失控集群（警告态）,chong,5,"[7, 11]",虫群超软顶时,,bestiary_v102.json,虫群软顶机制。需收编或献祭数量。
route_storm_spirit,航路风暴灵,yaoshou,5,"[8, 11]",外星海风暴带,,bestiary_v102.json,海图可绕行。风雷翅降风险。
hub_pickpocket_spirit_mouse,枢纽灵窃鼠,yaoshou,1,"[2, 5]",天星/晋京/天渊坊市,,bestiary_v102.json,城市旅行彩蛋。神识高可反杀。
faction_duel_enforcer,势力决斗监礼,humanoid_other,4,"[7, 10]",声望任务决斗场,,bestiary_v102.json,友好~崇敬声望任务用。
zi_ling_escort_demon,魔陀护送魔修,humanoid_other,5,"[9, 11]",紫灵线旅行,,bestiary_v102.json,bond 紫灵阈值决定敌友。
tianlan_omen_beast,天澜征兆兽,lingshou,1,"[8, 10]",天澜契约线,,bestiary_v102.json,圣兽 bond≥40 出现。
legacy_dayan_echo,大衍遗产考校傀,humanoid_other,4,"[8, 10]",极西洞府,,bestiary_v102.json,dayan_legacy 声望门槛怪。
feisheng_gate_keeper,飞升门关影,humanoid_other,6,"[10, 12]",飞升节点,,bestiary_v102.json,资料残缺则开战；详尽则对话通过。
minghe_ferry_shade,冥河渡影,shi_gui,7,"[12, 14]",冥河,,bestiary_v102.json,大乘旅行终点单位。非普通野怪。
map_fog_revealer_moth,破雾灵蛾（NG+）,chong,0,"[1, 3]",NG+ 开局附近,,bestiary_v102.json,多周目继承奖励的生态表达。不给灵石。
handbook_demo_spirit_deer,手册示例·灵角鹿,lingshou,1,"[2, 5]","越国灵脉浅层,药园边缘",True,bestiary_v103.json,策划手册「词条怎么写」示例。低威胁、可驯、掉落全 trade，适合教程任务。
alias_yin_yue_xue_hu,雪云狐（银月相关）,lingshou,4,"[6, 9]","雪原,尸魈事件边缘",,bestiary_v103.json,别名表银月线的野外对照种。高智个体可入 bond，勿当普通刷皮。
numeric_anchor_t6_beast,数值锚·六级妖兽模板,yaoshou,4,"[6, 6]",通用野区,,bestiary_v103.json,物价与掉落平衡用模板，非固定原著指名兽。
numeric_anchor_t8_beast,数值锚·八级妖兽模板,yaoshou,5,"[8, 8]",外海/大晋深层,,bestiary_v103.json,结丹后期~元婴前标尺。
glossary_kunpeng_sighting,鲲鹏掠影（目击）,zhenling,9,"[12, 14]",外星海极深处事件,,bestiary_v103.json,真灵不进日常刷。仅事件与别名检索用。
glossary_jin_jiao_wang_echo,金蛟王余威（海域）,yaoshou,7,"[10, 11]",金蛟王事件海域,,bestiary_v103.json,具名级。对应别名表与时间线。
designer_slice_blood_guard,制作切片·禁地药田卫,yaoshou,3,"[4, 6]",血色禁地四主药点,,bestiary_v103.json,手册「炼气→筑基切片」推荐第一只精英。
designer_slice_sea_hunter,制作切片·星海猎手兽,yaoshou,4,"[6, 8]",内星海,,bestiary_v103.json,「筑基→结丹切片」日常猎材。
designer_slice_xutian_trial,制作切片·虚天试炼灵,humanoid_other,5,"[7, 9]",虚天殿外殿,,bestiary_v103.json,「结丹→元婴切片」秘境闸。
designer_slice_border_rider,制作切片·边军斥候骑,humanoid_other,3,"[5, 8]",边界,,bestiary_v103.json,赌战切片友军/任务单位。
designer_slice_kunwu_shade,制作切片·昆吾影侍,humanoid_other,5,"[9, 10]",昆吾山道,,bestiary_v103.json,元婴中盘飞升前切片。
designer_slice_diyuan_scout,制作切片·地渊侦察兽,yaoshou,5,"[10, 11]",地渊浅层,,bestiary_v103.json,灵界切片入门敌。
alias_search_mo_jiao,墨蛟（别名检索完整向）,yaoshou,4,"[5, 8]","血色禁地水域,越国深潭",,bestiary_v103.json,韩立南宫婉线相关。定点精英，权重低。
alias_search_yinchi_yecha,银翅夜叉（检索完整）,shi_gui,6,"[9, 11]",阴阳窟深层,,bestiary_v103.json,培婴线高危。阴芝马优先于硬刚此物。
alias_search_huo_chan,火蟾兽（检索完整）,yaoshou,4,"[7, 9]",坠魔外谷,,bestiary_v103.json,坠魔切片常见。丹可入火系炼器。
alias_search_ying_li,婴鲤兽（检索完整）,yaoshou,4,"[6, 8]",乱星海,,bestiary_v103.json,六连殿邀猎相关。结丹期海材。
redline_no_farm_tihun_wild,红线示例·不可野刷啼魂,lingshou,0,"[7, 10]",,,bestiary_v103.json,设计备忘实体化：啼魂仅剧情/养成，不进 region_spawn 日常。
redline_no_farm_shijin_wild,红线示例·不可野刷噬金成灾,chong,0,"[5, 12]",,,bestiary_v103.json,噬金只养成线。野区 weight=0。
onepager_threat1_critter,威胁1·田鼠妖,yaoshou,1,"[1, 2]","凡人田,外门药圃",,bestiary_v103.json,数值一页 threat 指南示例。
onepager_threat5_core,威胁5·结丹海獒,yaoshou,5,"[7, 8]",内星海外围,,bestiary_v103.json,结丹标尺示例。
onepager_threat7_nascent,威胁7·元婴巡海妖修,humanoid_other,7,"[9, 10]",外星海,,bestiary_v103.json,元婴 threat 指南示例。高智可对话。
glossary_xue_yan_boss,血焰（古魔）,gu_mo,8,"[10, 12]",坠魔/昆吾事件,,bestiary_v103.json,别名表 boss。主线压力源，非日常。
glossary_yuan_cha_boss,元刹,gu_mo,8,"[11, 12]",昆吾,,bestiary_v103.json,昆吾顶层敌对结构。
handbook_vendor_spirit_crane,坊市信使鹤（友好）,lingshou,0,"[3, 6]",各大坊市,sect_or_shop,bestiary_v103.json,经济系统友好单位。手册经济章示例。
handbook_auction_golem,拍卖行禁制傀,humanoid_other,5,"[7, 10]",寸金阁/晋京拍场,,bestiary_v103.json,抢拍触发。对应 never 抢唯一物规则。
slice_foundation_mine_rat,灵矿巨鼠（筑基切片）,yaoshou,3,"[4, 6]",灵矿地道,,bestiary_v103.json,地道三宝线前置杂兵。
slice_core_star_jellyfish,星海水母妖（结丹切片）,yaoshou,3,"[5, 7]",内星海,,bestiary_v103.json,天星立足期安全练级向。
slice_nascent_gumo_remnant,古魔残魄（元婴切片）,gu_mo,5,"[8, 10]",坠魔/魔渊/昆吾,,bestiary_v103.json,中盘魔气压力。佛门/八灵相关克制叙事。
slice_deity_lei_beast,灵界雷兽幼（化神切片）,yaoshou,5,"[10, 11]",地渊/雷脉,,bestiary_v103.json,天渊功勋任务友好。
glossary_feng_xi_true,风希（真灵级事件）,zhenling,8,"[11, 13]",事件定点,,bestiary_v103.json,具名真灵。weight=0 日常，仅剧情。
blood_mist_serpent,血雾藤蛇,yaoshou,2,"[2, 4]",血色禁地外圈血雾林,,bestiary_v104.json,禁地外圈常见。定神+解毒即可；群居时优先清雾。
blood_herb_boar,药田血鬃豕,yaoshou,3,"[3, 5]",血色禁地药田环带,,bestiary_v104.json,药点争夺的兽祸。击杀过猛可能毁田，叙事上降产量。
blood_field_guardian_elite,四主药田大卫,yaoshou,4,"[4, 6]",玉髓芝/紫猴花/天灵果/千年灵草点,,bestiary_v104.json,禁地经济精英。一兽一田；清卫后短暂可采，同窗期枯竭。
blood_forbidden_disciple_elite,禁地他派精英弟子,humanoid_other,3,"[3, 6]",中环争夺带,,bestiary_v104.json,人祸主体。可交涉分药；杀之结派仇。
blood_ancient_seal_wisp,禁地古禁残灵,humanoid_other,5,"[5, 7]",内圈古禁残区,,bestiary_v104.json,内圈风险源。非必打；贪奇物者常栽。
blood_silver_bug_swarm,银色飞虫群（禁地）,chong,3,"[3, 6]","内圈偶发,奇物点",,bestiary_v104.json,奇物级遭遇。可研究不可当日常刷；与噬金叙事区分。
blood_pool_water_wraith,墨潭水魅,shi_gui,3,"[3, 5]",墨蛟水潭带,,bestiary_v104.json,水潭采集前奏。阳符/雷符有效；深水引墨蛟。
blood_mo_jiao_adult,禁地墨蛟（成体）,yaoshou,5,"[5, 8]",血色禁地墨蛟水潭,,bestiary_v104.json,禁地招牌精英。可联手；独战需结丹级准备或智取。
xutian_stone_colossus,虚天守殿石像,humanoid_other,5,"[7, 9]",虚天殿外殿,,bestiary_v104.json,外殿过滤器。破核或破阵眼；蛮力硬抗耗药。
xutian_seal_spirit,虚天禁制灵,humanoid_other,6,"[7, 10]",虚天殿廊道/门关,,bestiary_v104.json,机制怪。噬金/破禁手段有效；纯堆攻慢。
xutian_garden_keeper,殿中药苑守兽,yaoshou,5,"[6, 8]",虚天殿药苑残,,bestiary_v104.json,九曲灵参点守卫。优先控场再寻参。
xutian_living_ginseng_flee,九曲活参（逃窜态）,plant_spirit,4,"[6, 8]",虚天药苑,bond_qu_er_line,bestiary_v104.json,曲儿线。活捕用禁土/麝兰类诱饵结构；杀死降价值。
xutian_core_contest_xiu,虚天核心夺宝修士,humanoid_other,6,"[7, 10]",核心宝库,,bestiary_v104.json,真正的敌人往往是人。unique 池竞争。
xutian_palace_spirit_judge,虚天殿灵（考校）,humanoid_other,5,"[8, 10]",核心前殿,,bestiary_v104.json,对话权重大。强攻可能锁死宝库。
xutian_escape_hunter,殿外追杀队头目,humanoid_other,6,"[8, 10]",撤离廊/殿外,,bestiary_v104.json,夺鼎/夺焰后高概率。风雷翅与敛息降权。
zhuimo_ember_toad,坠魔火蟾（外谷）,yaoshou,4,"[7, 9]",坠魔谷外谷,,bestiary_v104.json,外谷稳定产。火抗必备；皮可炼火甲。
zhuimo_gangyin_scarab,罡银沙甲虫,chong,3,"[6, 8]",坠魔外谷沙地,,bestiary_v104.json,沙矿虫。清群可稳定收沙。
zhuimo_rift_flame_hound,裂谷炎獒,yaoshou,5,"[7, 9]",坠魔中裂谷,,bestiary_v104.json,中裂谷门槛。扇法线索区常见。
zhuimo_inner_gumo_wraith,内谷古魔残魄,gu_mo,6,"[8, 10]",坠魔内谷,,bestiary_v104.json,内谷常驻压力。佛门/净魔/速切有效。
zhuimo_xueyan_echo,血焰残影（坠魔）,gu_mo,7,"[9, 11]",内谷/灵烛果点附近事件,,bestiary_v104.json,主魂前压测。摘果后触发权重升。勿恋战。
zhuimo_candle_tree_spirit,灵烛果树灵,plant_spirit,6,"[8, 10]",灵烛果树点,,bestiary_v104.json,造化线门神。优先保果完整；范围火伤反伤低。
zhuimo_fruit_robber_xiu,夺果元婴修士,humanoid_other,6,"[9, 10]",灵烛果点/撤离线,,bestiary_v104.json,人祸。保鲜倒计时下最危险的敌人。
zhuimo_token_guardian,坠魔令守护傀,humanoid_other,4,"[7, 9]",谷口/令牌验证点,,bestiary_v104.json,入场机制。伪造令触发追杀事件。
xutian_map_bandit,残图劫夺修,humanoid_other,4,"[6, 8]","乱星海开启前夜,天星城暗巷",,bestiary_v104.json,虚天前置生态。鉴定符防假图。
blood_exit_gate_keeper,禁地撤离门使（结构）,humanoid_other,2,"[4, 6]",血色禁地出口,,bestiary_v104.json,闭窗机制。滞留=高危事件。
xutian_butian_guardian,补天丹匣守护灵,humanoid_other,7,"[8, 10]",虚天核心,,bestiary_v104.json,补天争夺战核心怪。打灵不如抢匣时机。
zhuimo_qi_yan_page_moth,扇法残页火蛾,chong,3,"[6, 8]",坠魔中裂谷古籍残洞,,bestiary_v104.json,扇法收集。勿用大范围火毁掉页。
blood_ban_yao_lure_beast,伴妖草诱来妖,yaoshou,2,"[2, 5]",伴妖草丛,,bestiary_v104.json,伴妖草双刃剑：标药也招妖。
xutian_yanghun_wood_sprite,养魂木木灵,plant_spirit,5,"[7, 9]",虚天养魂木点,,bestiary_v104.json,神识线关键。粗暴砍树降品；温养取木更佳。
realm_post_xutian_price_gouger,殿后奸商修（结构）,humanoid_other,1,"[5, 8]",虚天开启后坊市,,bestiary_v104.json,秘境后通货膨胀的人化。对应 balance post_realm_inflation。
kunwu_path_shadow_guard,昆吾山道影侍,humanoid_other,5,"[8, 10]",昆吾山道外围,,bestiary_v105.json,入山过滤器。对话/战测皆可；强杀不给顶层权限。
kunwu_outer_hall_spirit,昆吾外殿殿灵,humanoid_other,5,"[8, 10]",昆吾外殿群,,bestiary_v105.json,考校心性与资格。硬攻可能锁殿。
kunwu_construct_sentry,昆吾构装哨,humanoid_other,5,"[8, 10]",外殿廊道,,bestiary_v105.json,破核优先。与虚天石像同族机制。
kunwu_fire_seal_warden,太阴火禁守灵,humanoid_other,6,"[9, 10]",火禁/太阴相关区,,bestiary_v105.json,真火与火鼎线。寒焰/控火手段降难。
kunwu_yuan_cha_pressure,元刹威压影,gu_mo,8,"[10, 12]",镇魔/古魔区,,bestiary_v105.json,昆吾顶层压力源。八灵尺叙事对手结构。
kunwu_xueyan_apex,血焰（昆吾现）,gu_mo,8,"[10, 12]",镇魔区/顶层事件,,bestiary_v105.json,古魔线高潮之一。净魔+八灵叙事克制。
kunwu_apex_scrambler,顶层夺宝修士,humanoid_other,7,"[9, 11]",顶层宝库,,bestiary_v105.json,真正的竞争者。unique 池在此结算。
kunwu_vault_spirit,昆吾守库灵,humanoid_other,7,"[9, 11]",顶层宝库,,bestiary_v105.json,飞升包门神。打灵不如抢时机。
kunwu_exit_hunter,出山追杀队,humanoid_other,7,"[9, 11]",出山追杀廊,,bestiary_v105.json,通关后半程。逃遁与敛息降权。
kunwu_wuzi_user,五子同心魔操控者,humanoid_other,7,"[9, 10]",昆吾截杀事件,,bestiary_v105.json,截杀事件单位。夺宝或反杀。
yinyang_mist_corpse,阴雾尸偶,shi_gui,4,"[7, 9]",阴阳窟外窟阴雾,,bestiary_v105.json,入窟测试。解毒+阳火清场。
yinyang_twin_beast,阴阳双头兽,yaoshou,6,"[8, 10]",阴阳分途,,bestiary_v105.json,单属性硬闯吃亏。平衡攻或分头斩。
yinyang_lion_structure,阴阳狮子兽（结构）,yaoshou,6,"[8, 10]",阴阳分途深处,,bestiary_v105.json,分途精英。可绕，不可小看。
yinyang_yezha_adult,银翅夜叉（成体）,shi_gui,6,"[9, 11]",银翅夜叉巢,,bestiary_v105.json,培婴线高危。优先绕行抓马；硬刚需净法。
yinyang_yezha_young,银翅夜叉幼,shi_gui,4,"[7, 9]",夜叉巢外围,,bestiary_v105.json,巢区预警。杀幼可能引成体。
yinyang_yinzhima,阴芝马,yaoshou,5,"[8, 10]",阴芝马栖息层,capture_only,bestiary_v105.json,培婴丹核心。活捕禁制优先；杀光=失败向。
yinyang_guard_beast,护马阴兽,yaoshou,5,"[8, 9]",阴芝马栖息层,,bestiary_v105.json,抓马时的障碍。控场再捕。
yinyang_poacher_xiu,阴阳窟盗猎修,humanoid_other,5,"[8, 10]",栖息层/出窟口,,bestiary_v105.json,人祸。协作炼丹前后都可能遇。
tianyuan_customs,天渊关卡司察,humanoid_other,6,"[10, 12]",天渊入口,,bestiary_v105.json,飞升第一关。负声望扣押；禁物清单含未报通天。
tianyuan_patrol,天渊巡城执法,humanoid_other,6,"[10, 12]",天渊城内,,bestiary_v105.json,城内红线。开杀即崩。
tianyuan_lease_warden,灵地管事修,humanoid_other,0,"[9, 11]",灵地出租区,,bestiary_v105.json,友好服务单位。声望影响租档。
diyuan_scout_beast,地渊侦察暗兽,yaoshou,5,"[10, 11]",地渊浅层,,bestiary_v105.json,浅层日常。军功声望≥20 任务友好。
diyuan_ming_lei_cub,冥雷兽幼,yaoshou,5,"[10, 11]",地渊浅层雷脉,,bestiary_v105.json,雷材来源。化神切片友好。
diyuan_convoy_ambusher,运补线伏击暗兽,yaoshou,6,"[10, 12]",天渊-地渊补给线,,bestiary_v105.json,护送任务主敌。护车优先于击杀。
diyuan_shi_yan_beast,地渊石炎兽,yaoshou,6,"[11, 12]",地渊中层,,bestiary_v105.json,中层标尺。火抗+破甲。
diyuan_an_shi_beast,暗蚀兽,yaoshou,6,"[11, 12]",地渊中层暗域,,bestiary_v105.json,中层高危。光/净属性有效。
diyuan_bao_lin_prey,豹麟猎食目标兽,yaoshou,6,"[11, 12]",地渊深层,,bestiary_v105.json,豹麟养成任务。击倒后喂养，非单纯掉落。
diyuan_king_shadow,王级暗兽影（结构）,yaoshou,7,"[12, 13]",地渊深层王域,,bestiary_v105.json,深层精英。声望≥50 任务。
diyuan_camp_quartermaster,地渊营地军需官,humanoid_other,0,"[10, 11]",地渊营地,,bestiary_v105.json,买回 0.4–0.7。声望影响价。
tianyuan_auction_golem,天渊拍卖禁制傀,humanoid_other,7,"[11, 12]",天渊拍卖,,bestiary_v105.json,抢拍/开杀触发。界面级秩序。
guanghan_ice_elemental_road,广寒路冰元灵,humanoid_other,6,"[11, 13]",赴广寒界途,,bestiary_v106.json,界面旅行门槛。火道与太阴对冲有效；不可当日常刷。
guanghan_void_mite,广寒裂隙虚空螨,chong,5,"[10, 12]",广寒界面裂隙,,bestiary_v106.json,破界点伴生。炼虚后威胁；稳空间优先。
guanghan_palace_warden,广寒冰宫守灵,humanoid_other,6,"[11, 13]",广寒界内,,bestiary_v106.json,炼神/虚灵线门卫。强攻可能锁机缘。
guanghan_array_echo,广寒古阵残影,humanoid_other,6,"[11, 13]",广寒古阵区,,bestiary_v106.json,机制怪。神识题权重大。
guanghan_trial_spirit,广寒考校灵,humanoid_other,5,"[12, 13]",炼神授术点,,bestiary_v106.json,炼神术来源结构。非击杀掉落，考校通过。
maliang_true_immortal,马良（真仙）,humanoid_other,9,"[13, 14]",真仙战事件定点,,bestiary_v106.json,终局压力源。联军/布局战，非单挑刷材料。
maliang_art_projection,真仙术法投影,humanoid_other,7,"[12, 13]",真仙战场,,bestiary_v106.json,主战前奏/分压单位。清投影减威压。
xianqi_remnant_wraith,仙器残威灵,humanoid_other,7,"[12, 13]",真仙战残骸区,,bestiary_v106.json,战后拾荒危险。研究向，非成品灵宝。
minghe_ferry_shade_v106,冥河渡影（终局）,shi_gui,7,"[12, 14]",冥河,,bestiary_v106.json,大乘门户单位。非普通野怪。
huoyu_ember_hound,火狱烟道炎犬,yaoshou,5,"[7, 10]",火狱烟道外围,,bestiary_v106.json,取太阳精火路上门槛。避火纱必需。
huoyu_ember_moth,火狱烬蛾,chong,2,"[6, 8]",火狱外围,,bestiary_v106.json,弄焰辅粉。群扰多于致命。
huoyu_heat_wisp,热浪灵,humanoid_other,4,"[7, 9]",烟道/熔岩边缘,,bestiary_v106.json,环境具象。寒焰驱散。
huoyu_lava_lizard,熔岩巨蜥,yaoshou,5,"[8, 10]",火狱熔岩海,,bestiary_v106.json,熔岩海标尺。破甲+火抗。
huoyu_fire_jiao_shadow,火蛟影（火狱）,yaoshou,6,"[9, 11]",熔岩海深层,,bestiary_v106.json,精火前压测。不必死磕，可绕。
huoyu_sunfire_warden,太阳精火守护灵,humanoid_other,7,"[9, 11]",太阳精火核心,,bestiary_v106.json,取火门神。有次数/冷却，非无限采。
xiaojigong_cold_guard,小极宫寒焰卫,humanoid_other,5,"[8, 10]",小极宫,,bestiary_v106.json,五寒焰线。友好可交流，反目则争夺战。
sea_jin_jiao_echo,金蛟王海域余威,yaoshou,7,"[10, 11]",外星海金蛟事件点,,bestiary_v106.json,化神准备链金蛟步。事件向。
sect_huangfeng_patrol,黄枫谷巡山弟子,humanoid_other,2,"[3, 6]",黄枫谷山门内外,,bestiary_v106.json,货架秩序。盗园/杀同门触发敌对。
sect_huangfeng_garden_thief,药园窃贼散修,humanoid_other,2,"[2, 5]",黄枫药园边缘任务,,bestiary_v106.json,内门声望任务敌。活捉评价更高。
sect_tianfu_inscriptor,天符门制符修,humanoid_other,0,"[5, 9]",天符门坊/大晋符市,,bestiary_v106.json,货架NPC。地符批发需声望≥25。
sect_tianfu_fake_fu_vendor,假符贩子,humanoid_other,2,"[4, 7]",符市边缘黑摊,,bestiary_v106.json,天符门声望任务可打。鉴定符克制。
sect_yuling_beast_keeper,御灵宗饲虫使,humanoid_other,0,"[4, 8]",御灵宗虫园,,bestiary_v106.json,虫架NPC。声望50开中阶虫种。
sect_yuling_runaway_swarm,失控低阶虫群,chong,2,"[3, 6]",御灵宗事故任务,,bestiary_v106.json,软顶教学事件。对应虫群警铃设定。
sect_huangfeng_dihuo_accident,地火室事故火灵,yaoshou,3,"[4, 7]",黄枫地火室,,bestiary_v106.json,地火时券玩法事故怪。
integration_heart_demon,合体心魔影,humanoid_other,6,随玩家,合体冲击闭关,,bestiary_v106.json,破境机制。虚灵丹与洗灵降权。
deity_tribulation_echo,化神天劫残影（结构）,humanoid_other,7,"[10, 12]",化神冲击点,,bestiary_v106.json,破境演出单位。护劫阵降伤。
alliance_human_coalition_xiu,真仙战人类联军修,humanoid_other,0,"[11, 13]",马良战场,,bestiary_v106.json,终局友军。保护/配合比抢人头重要。
taiyi_mountain_spirit,太乙青山山灵,plant_spirit,5,"[12, 13]",太乙青山认主点,,bestiary_v106.json,至宝认主。战力次于契合与神识。
zi_ling_escort_event,魔元交换护卫魔修,humanoid_other,5,"[9, 11]",魔元丹交换事件,,bestiary_v106.json,紫灵线。bond 决定敌友。
sect_shelf_price_gouger,宗门倒卖黄牛修,humanoid_other,2,"[3, 7]",黄枫/天符门外暗市,,bestiary_v106.json,经济生态。声望高走内部价可绕过。
manyue_outer_disciple,掩月宗外门女弟子,humanoid_other,1,"[2, 5]","掩月宗山门,坊市掩月摊",,bestiary_v107.json,外门货架秩序。友好可购驻颜/迷香；强闯库房变敌对。
manyue_inner_deacon,掩月内门执事,humanoid_other,3,"[5, 8]","掩月内门,月华阵旁",,bestiary_v107.json,声望≥25 开放。阳环/六丁只走剧情与 bond，不走秒买。
manyue_patrol_duo,掩月巡山双修小队,humanoid_other,3,"[4, 7]",掩月山道,,bestiary_v107.json,盗药/杀同门触发。道侣高 bond 可免战对话。
luoyun_sword_guard,落云宗剑卫,humanoid_other,4,"[5, 9]","落云宗山门,护山阵眼",,bestiary_v107.json,客卿声望0可入山购基础架；开杀锁全宗。
luoyun_array_master,落云阵法师,humanoid_other,0,"[6, 9]",内门阵法架,,bestiary_v107.json,声望≥30 租颠倒五行旗类。损坏要赔。
luoyun_exchange_envoy,元婴交换会使者,humanoid_other,0,"[8, 10]",落云/天南枢纽,,bestiary_v107.json,声望≥55 人情线。会场开杀=全天南通缉结构。
guiling_outer_corpse_driver,鬼灵门外门驱尸修,humanoid_other,2,"[3, 6]","鬼灵门外围,阴市",,bestiary_v107.json,正道默认声望偏低。易容可购外门阴货。
guiling_inner_jiangshi,鬼灵门中阶炼尸,shi_gui,4,"[5, 8]","鬼灵门内门,护送黑货",,bestiary_v107.json,内门货架护卫。杀之暴涨敌对。
guiling_elder_shadow,鬼灵门长老影卫,humanoid_other,5,"[7, 10]",长老黑架区,,bestiary_v107.json,声望≥45 可见。天尸珠不直接卖。
guiling_bounty_hunter,鬼灵追杀队,humanoid_other,5,"[6, 9]",天南各地（敌对后）,,bestiary_v107.json,声望≤-40 刷出。非商店，是惩罚生态。
sea_route_shark_pack,航道妖鲨群,yaoshou,3,"[4, 7]",乱星海航道,,bestiary_v107.json,内星海常见。法舟甲与水箭符有效。
sea_core_pirate,星海海盗（结丹）,humanoid_other,4,"[6, 8]","航道岔口,无巡海区",,bestiary_v107.json,人祸。可交买路钱；杀光可能结海盗仇。
sea_hunter_beast_v107,星海猎手兽（成体）,yaoshou,4,"[6, 8]",海猎场,,bestiary_v107.json,六连殿客卿任务友好。结丹期练级材。
sea_ying_li_adult,婴鲤兽（海猎）,yaoshou,4,"[6, 8]",乱星海猎场,,bestiary_v107.json,六连殿邀猎目标之一。珠可入水属性宝。
sea_storm_spirit,航路风暴灵,humanoid_other,5,"[7, 9]",风暴带,,bestiary_v107.json,海图绕行或风雷翅硬闯。兽潮期权重升。
sea_xutian_map_fleet,虚天夺图舰队修,humanoid_other,5,"[7, 10]",虚天开启海域,,bestiary_v107.json,虚天前置海战。鉴定符防假图。
liulian_deacon_npc,六连殿执事,humanoid_other,0,"[7, 9]",六连殿,,bestiary_v107.json,声望≥20 开客卿。降尘不直接货架秒买。
liulian_gu_elder_struct,古长老（结构）,humanoid_other,6,"[9, 10]",六连殿核心事件,,bestiary_v107.json,结丹关键 NPC 结构。人情与算计并存，非无脑刷怪。
liulian_outer_guard,六连殿外殿护卫,humanoid_other,3,"[6, 8]",六连殿山门/岛门,,bestiary_v107.json,无令硬闯触发殿杀线。
tianxing_harbor_clerk,天星港务司吏,humanoid_other,0,"[5, 8]",天星城港,,bestiary_v107.json,法舟票与城居。声望负则加价盘查。
tianxing_secret_shopkeep,天星秘店掌柜,humanoid_other,0,"[6, 9]",天星暗巷,,bestiary_v107.json,声望≥25 解锁。星宫线索≥50。
nether_mist_sea_wraith,阴冥海侧魂,shi_gui,4,"[7, 9]",阴冥边缘海侧,,bestiary_v107.json,结婴阴冥线海侧入口。勿当内星海日常。
fengxi_wind_avatar,风希风域残影（事件）,zhenling,7,"[11, 13]",风希交易/试炼定点,,bestiary_v107.json,真灵事件。不进日常刷。翅线质变逃遁。
manyue_xiang_beast,迷香灵貂（掩月饲）,lingshou,1,"[2, 4]",掩月药圃,True,bestiary_v107.json,货架生态宠物。杀扣掩月声望。
luoyun_spirit_crane_msg,落云传讯鹤,lingshou,0,"[3, 6]",落云/盟军,,bestiary_v107.json,护宗通讯。经济友好单位。
guiling_soul_sand_wraith,魂砂阴灵,shi_gui,2,"[3, 6]",鬼灵阴坑,,bestiary_v107.json,外门阴货原料怪。佛符有效。
sea_ticket_scalper,船票黄牛修,humanoid_other,1,"[3, 6]",天星港外,,bestiary_v107.json,经济生态。高声望走港务正票。
jiangchen_robber_post,降尘劫夺修,humanoid_other,5,"[7, 9]",六连殿事件后航道,,bestiary_v107.json,降尘到手后高权重。勿当街炫耀。
heishi_smuggler,黑石城走私客,humanoid_other,3,"[5, 8]","黑石城边缘,内外海交界",,bestiary_v107.json,外星海入口生态。风险与溢价并存。
catalog_index_spirit,总目录司书灵（结构）,humanoid_other,0,"[1, 3]",设定检索点/天星藏书阁结构,,bestiary_v107.json,叙事用：指向 CATALOG_MASTER 与 economy_index。非战斗单位。
xinggong_outer_envoy_guard,星宫外使护卫,humanoid_other,4,"[6, 8]",天星城星宫外使区,,bestiary_v108.json,星宫外围秩序。无令硬闯升敌对；可交涉情报。
xinggong_seal_inquisitor,神念烙印司察,humanoid_other,5,"[7, 9]",烙印殿结构,,bestiary_v108.json,烙印抉择核心。拒绝有代价，接受有绑定。非无脑击杀单位。
xinggong_seal_spirit,烙印禁制灵,humanoid_other,5,"[7, 9]",烙印殿廊,,bestiary_v108.json,机制怪。破印路线相关，蛮力低效。
xinggong_inner_adept,星宫内廷修士,humanoid_other,5,"[7, 10]",星宫内廷,,bestiary_v108.json,友好可任务；敌对则海域高压。
xinggong_elder_shadow,星宫长老影,humanoid_other,7,"[9, 11]",内廷核心事件,,bestiary_v108.json,高层压力。非日常刷新。
xinggong_false_ling_agent,假星宫令贩子,humanoid_other,3,"[5, 8]","天星暗巷,黑石边缘",,bestiary_v108.json,假令事件。鉴定失败则烙印殿死路。
dajin_gate_officer,晋京城门司吏,humanoid_other,2,"[6, 9]",晋京城门,,bestiary_v108.json,大晋秩序第一关。负声望加查。
dajin_auction_guard,寸金阁禁制卫,humanoid_other,5,"[7, 10]",晋京拍场,,bestiary_v108.json,抢拍/开杀触发。唯一物保护。
dajin_duel_referee,赌战台司仪,humanoid_other,4,"[8, 10]",赌战台,,bestiary_v108.json,庚精级顶赏线索入口。台下私斗严惩。
dajin_duel_challenger,赌战台挑战修,humanoid_other,5,"[7, 10]",赌战台,,bestiary_v108.json,可观礼可上台。顶赏相关非必打。
dajin_black_broker,晋京地下牙人,humanoid_other,3,"[5, 8]",地下黑市,,bestiary_v108.json,高风险服务。官差清扫事件。
dajin_patrol_constable,晋京巡城修士,humanoid_other,4,"[6, 9]",晋京街道,,bestiary_v108.json,城内红线。开杀崩声望。
garden_field_rat_spirit,药圃田鼠妖,yaoshou,1,"[1, 3]","凡人药圃,外门园边缘",,bestiary_v108.json,春季节气害。除虫/饲灵貂可压。
garden_fruit_borer,蛀果虫,chong,1,"[2, 4]","果药园,夏",,bestiary_v108.json,天灵果天敌。灵虫网/驱虫符。
garden_herb_thief,盗药散修,humanoid_other,2,"[2, 6]",洞府园/宗门园冬高发,,bestiary_v108.json,雇守卫降权。活捉宗门评价+。
garden_sect_inspector,药园考核执事,humanoid_other,0,"[3, 6]",宗门药园,,bestiary_v108.json,防全卖。上缴部分产出。
garden_array_spirit_minor,聚灵阵眼小灵,humanoid_other,1,"[3, 5]",布阵药园,,bestiary_v108.json,聚灵加持具象。破阵贼会先打它。
jizi_time_anomaly_wisp,芥子时流异灵（结构）,humanoid_other,2,"[4, 8]",芥子药园加速过载时,,bestiary_v108.json,平衡叙事：提醒绿液次数不因加速增加。
liquid_audit_envoy,坊市药监审计使（结构）,humanoid_other,0,"[5, 9]",大坊市/拍卖行,,bestiary_v108.json,绿液经济审计人化。非战斗，是抛售惩罚接口。
xinggong_hunt_squad,星宫追杀小队,humanoid_other,6,"[7, 10]",敌对后全乱星海,,bestiary_v108.json,声望≤-40 或叛印。海域高压。
dajin_state_warrant_runner,州府协拿捕头,humanoid_other,4,"[6, 9]",大晋州府,,bestiary_v108.json,官面敌对。路引作废风险。
mulan_border_scout_dajin,大晋慕兰边哨,humanoid_other,3,"[5, 8]",大晋-慕兰边界,,bestiary_v108.json,赌战/军功线接口。可友可任务。
wanbao_auctioneer,万宝楼拍卖师结构,humanoid_other,0,"[6, 9]",天星/晋京拍场,,bestiary_v108.json,星宫利益交错。溢价×1.5。
garden_ban_yao_lure_pack,伴妖草引来杂妖群,yaoshou,2,"[2, 5]",伴妖草丛,,bestiary_v108.json,种植双刃。标药也招妖。
cold_vein_xuanbing_keeper,玄冰花寒脉守兽,yaoshou,3,"[5, 8]",寒脉药点,,bestiary_v108.json,寒药种植/采集精英。需寒脉环境。
qu_er_garden_echo,活参灵智残响（园中）,plant_spirit,3,"[6, 8]",误植活参的园,,bestiary_v108.json,九曲灵参不可当普通园苗绿液猛催。
dajin_gengjing_guard_event,庚精押运护卫,humanoid_other,6,"[8, 10]",赌战顶赏前后,,bestiary_v108.json,庚精不在野。劫运=大晋大敌。
xinggong_intel_broker,星宫外围情报贩,humanoid_other,2,"[5, 7]",外使区茶楼,,bestiary_v108.json,虚天/外海情报。需交叉验证。
consistency_scribe_spirit,校对司书灵（结构）,humanoid_other,0,"[1, 2]",藏书阁/设定检索点,,bestiary_v108.json,指向 CONSISTENCY_AUDIT。非战斗。
standard_year_calendar_sprite,年历节气灵（结构）,plant_spirit,0,"[1, 3]",药园中心石,,bestiary_v108.json,年历 UI 叙事化。标准档 6 滴/年。
qianzhu_bamboo_patrol_puppet,竹甲巡傀,humanoid_other,2,"[3, 5]",千竹机关塔一层,,bestiary_v109.json,教学层。认纹停机比硬砍快；对应原包傀儡试炼气质。
qianzhu_spike_trap_spirit,刺竹陷阱灵,plant_spirit,2,"[3, 5]",竹门廊,,bestiary_v109.json,陷阱具象。探路符/火折降权。
qianzhu_gear_warden,齿轮卫,humanoid_other,3,"[4, 6]",千竹塔二层齿轮厅,,bestiary_v109.json,停轮优先。蛮力耗灵。
qianzhu_crossbow_puppet,连弩傀,humanoid_other,3,"[4, 6]",齿轮厅廊道,,bestiary_v109.json,远程压。侧翼近身破核。
qianzhu_spear_puppet,枪傀,humanoid_other,4,"[5, 7]",三层傀营,,bestiary_v109.json,群战。控场拆阵。
qianzhu_shield_puppet,盾傀,humanoid_other,4,"[5, 7]",傀营,,bestiary_v109.json,先破盾再清枪。
qianzhu_trial_rival_xiu,千竹试炼散修,humanoid_other,4,"[5, 7]",三层及以上,,bestiary_v109.json,人祸。层内无意义屠杀扣千竹声望结构。
stone_spirit_puppet,石灵傀,humanoid_other,5,"[6, 8]",千竹塔四层,,bestiary_v109.json,原包 boss 展开。破甲窗口输出。
puppet_tower_lord,机关塔主傀,humanoid_other,6,"[7, 9]",五层塔主殿,,bestiary_v109.json,原包 puppet_tower_lord。完整大衍不保底。
nether_mist_soul,冥河雾魂,shi_gui,3,"[4, 6]",冥河雾岸,,bestiary_v109.json,一层常见。阴御丹+定神。
nether_yin_sha_corpse,阴砂尸,shi_gui,3,"[4, 6]",雾岸浅滩,,bestiary_v109.json,解毒需求。与阴阳窟尸偶同族机制。
nether_water_wraith,冥河水魅,shi_gui,3,"[4, 7]",雾岸与渡口之间,,bestiary_v109.json,定神检定。勿追入深雾。
nether_ferry_toll_spirit,渡口索命灵,shi_gui,4,"[5, 8]",冥河二层渡口廊,,bestiary_v109.json,可付阴材/灵石/人情。蛮渡开战。
nether_boat_shadow,阴舟影,shi_gui,4,"[5, 7]",渡口廊水道,,bestiary_v109.json,环境威胁。认渡符再登。
nether_yin_robber_xiu,夺阴修,humanoid_other,4,"[5, 8]",渡口廊,,bestiary_v109.json,人祸。正魔皆可能。
nether_river_guardian,冥河守卫,shi_gui,6,"[7, 10]",冥河三层深门,,bestiary_v109.json,原包 boss。终局相位可加强。
nether_ferry_shade_v109,冥河渡影（深门）,shi_gui,6,"[8, 11]",深门相位,,bestiary_v109.json,与广寒后冥河线对齐。非日常野怪。
yinluo_wandering_corpse,外冢游尸,shi_gui,2,"[3, 5]",阴罗冢一层外坡,,bestiary_v109.json,入门过滤。
yinluo_grave_robber,墓盗散修,humanoid_other,2,"[3, 6]",外冢坡,,bestiary_v109.json,可交可杀。魔道任务有时要活口。
yinluo_yin_crow,阴鸦,yaoshou,1,"[2, 4]",外冢与灯灭廊入口,,bestiary_v109.json,破照明。备多火折。
yinluo_lantern_wraith,提灯阴魂,shi_gui,3,"[4, 6]",二层灯灭廊,,bestiary_v109.json,定神+自备照明。
yinluo_coffin_trap,陷阱棺尸,shi_gui,3,"[4, 6]",灯灭廊,,bestiary_v109.json,鉴定符防诈。
yinluo_banner_apprentice,鬼罗学徒结构,humanoid_other,4,"[5, 7]",三层幡厅,,bestiary_v109.json,与鬼灵货架生态连通。
yinluo_mid_jiangshi,冢中中阶炼尸,shi_gui,4,"[5, 8]",幡厅,,bestiary_v109.json,破甲+属性克制。
yin_corpses_general,阴罗尸将,shi_gui,6,"[6, 9]",四层将军冢,,bestiary_v109.json,原包 yin_corpses_general。先破幡再斩将。
yinluo_guard_jiangshi,尸将亲卫炼尸,shi_gui,5,"[6, 8]",将军冢侧室,,bestiary_v109.json,清卫再集火将。
yinluo_loot_party,夺宝魔修队,humanoid_other,5,"[6, 9]",四层,,bestiary_v109.json,通关后半人祸。
bridge_orig_beast_note_ink_jiao,原包桥接·墨蛟（说明位）,yaoshou,5,"[6, 9]",乱星海等,,bestiary_v109.json,合并提示：原包已有 ink_flood_dragon；后期词条勿重复当新种，UI 合并 id。
merge_scribe_spirit_v109,合并司书灵（结构）,humanoid_other,0,"[1, 2]",设定检索点,,bestiary_v109.json,指向 merge_bridge_v109。非战斗。
seven_meridian_echo_placeholder,七脉试炼洞回声（浅）,humanoid_other,1,"[1, 4]",七脉试炼洞,,bestiary_v109.json,仍浅层：原包七脉洞占位，待后续专页。炼气友好。
meridian_wood_dummy_spirit,木人桩灵,humanoid_other,1,"[1, 3]",七脉试炼洞一层,,bestiary_v110.json,考校木人。打满回合给贡献，非真杀怪。
meridian_spell_target,低阶术法靶,humanoid_other,0,"[1, 3]",外脉廊,,bestiary_v110.json,火球/御物命中检定。
meridian_trial_disciple,试炼弟子,humanoid_other,2,"[2, 4]",七脉试炼洞,,bestiary_v110.json,同门竞争。仇杀扣贡献。
meridian_composite_spirit,综合试炼灵,humanoid_other,2,"[2, 4]",二层内脉堂,,bestiary_v110.json,无大 BOSS 设计的替代终点。
meridian_deacon_struct,护脉执事（结构）,humanoid_other,0,"[4, 6]",内脉堂,,bestiary_v110.json,秩序 NPC。高阶碾压刷贡献会被拦。
ruin_gate_wood_puppet,守门木傀,humanoid_other,2,"[2, 4]",古修洞府一层,,bestiary_v110.json,模板门卫。火系优。
ruin_poison_fog_rat,毒雾鼠,yaoshou,2,"[2, 4]",残门院,,bestiary_v110.json,腐雾环境。小解毒。
ruin_treasure_seeker,寻宝散修,humanoid_other,2,"[2, 5]",古修洞府,,bestiary_v110.json,可交易情报。独吞易结仇。
puppet_guardian,古修守护傀儡,humanoid_other,3,"[3, 5]",古修洞府二层,,bestiary_v110.json,原包 boss。破核即停。低于千竹塔主傀。
ruin_array_wisp,阵眼残灵,humanoid_other,2,"[3, 5]",内库外围,,bestiary_v110.json,破禁符友好。
ruin_loot_party,洞府夺宝队,humanoid_other,3,"[3, 6]",二层开门后,,bestiary_v110.json,库房一开刷出。人祸。
tianlan_wind_blade_wolf,风刃狼,yaoshou,3,"[4, 6]",天澜秘境一层风麓,,bestiary_v110.json,慕兰骑狼相关。风抗降伤。
tianlan_mulan_scout,慕兰斥候,humanoid_other,3,"[4, 6]",风麓,,bestiary_v110.json,阵营声望友好则观望。
tianlan_wind_sand_rat,风砂鼠,yaoshou,2,"[3, 5]",风麓石缝,,bestiary_v110.json,净目需求。烦扰型。
tianlan_mulan_fushi,慕兰符师,humanoid_other,4,"[5, 7]",二层符文廊,,bestiary_v110.json,谈判失败开战。符卷主来源之一。
tianlan_wind_talisman_puppet,风符傀,humanoid_other,4,"[5, 7]",符文廊,,bestiary_v110.json,火系拆符快。
tianlan_border_xiu,边军散修,humanoid_other,3,"[5, 7]",符文廊交界,,bestiary_v110.json,友军结构。交石换功。
mulan_fashi_captain,慕兰法师队长,humanoid_other,5,"[6, 8]",天澜三层法师长厅,,bestiary_v110.json,原包 boss。友好阵营可决斗/谈判降难度。
tianlan_wind_rider_guard,风骑亲卫,humanoid_other,5,"[6, 8]",法师长厅,,bestiary_v110.json,先清骑再压队长。
tianlan_stone_snatch_team,夺石队,humanoid_other,4,"[5, 8]",三层战后,,bestiary_v110.json,通关后半人祸。
tianlan_guide_spirit_echo,天澜向导残响,humanoid_other,0,"[3, 5]",持向导骨哨时,,bestiary_v110.json,道具召唤结构。非野怪。
meridian_boost_auditor,试炼审计执事（结构）,humanoid_other,0,"[5, 8]",七脉洞入口,,bestiary_v110.json,结丹刷炼气洞收益骤降。
ancient_ruin_instance_marker,洞府模板地标灵（结构）,humanoid_other,0,"[1, 2]",可实例化坐标,,bestiary_v110.json,说明古修洞府可多地图复用。
tianlan_war_state_herald,战况传令兵（结构）,humanoid_other,0,"[4, 6]",秘境入口营地,,bestiary_v110.json,mulan_tianlan_war 接口。
seven_meridian_low_pill_chest_spirit,试炼丹匣灵,humanoid_other,0,"[1, 3]",内脉堂通关,,bestiary_v110.json,掉落具象。非无限开箱。
wind_spirit_ore_vein_guardian,风灵石脉小守,yaoshou,4,"[5, 7]",天澜深层石窍,,bestiary_v110.json,采矿精英。非 BOSS。
huangfeng_outer_exam_link,黄枫外门考官影,humanoid_other,0,"[3, 5]",七脉洞结算,,bestiary_v110.json,与黄枫货架/贡献链对接。
shallow_list_scribe_v110,仍浅清单司书（结构）,humanoid_other,0,"[1, 2]",检索点,,bestiary_v110.json,魔金、修罗、九仙、荒冢等仍浅。
cover_count_spirit_v110,深挖进度灵（结构）,humanoid_other,0,"[1, 2]",merge_bridge 旁,,bestiary_v110.json,v110 覆盖进度叙事。
orig_boss_align_v110,原包 BOSS 对齐·v110,humanoid_other,0,"[1, 1]",结构,,bestiary_v110.json,索引用元生物，可不进刷怪表。
tomb_wandering_wraith,荒冢游魂,shi_gui,2,"[3, 5]",荒冢秘穴一层,,bestiary_v111.json,入门阴怪。定神足够。
tomb_grave_robber_xiu,盗墓散修,humanoid_other,2,"[3, 6]",荒冢外坡,,bestiary_v111.json,人祸。可交可杀。
tomb_grave_rat,墓鼠,yaoshou,1,"[2, 4]",冢外与尸道,,bestiary_v111.json,烦扰型。毁照明与符。
tomb_ambush_corpse,尸道伏尸,shi_gui,3,"[4, 6]",荒冢二层,,bestiary_v111.json,探路符降权。
ghost_cultivator,鬼修残魂,shi_gui,5,"[5, 7]",荒冢主棺堂,,bestiary_v111.json,原包 boss。定神失败有夺舍事件。
tomb_possession_echo,夺舍残影,shi_gui,4,"[5, 7]",主棺堂,,bestiary_v111.json,鬼修技能具象。清心符。
ruin_barbarian_lizard,蛮荒巨蜥,yaoshou,3,"[5, 7]",蛮荒遗迹外围,,bestiary_v111.json,一层过滤。
ruin_scavenger_xiu,遗迹拾荒散修,humanoid_other,3,"[5, 8]",外围与石廊,,bestiary_v111.json,人祸。
ruin_stone_ward_light,石纹守卫（轻）,humanoid_other,4,"[6, 8]",石廊,,bestiary_v111.json,石卫前哨。
ruin_herb_guard_beast,荒药圃守兽,yaoshou,4,"[6, 8]",三层荒药圃,,bestiary_v111.json,火攻易毁药，控场优先。
ruin_stone_guardian,遗迹石卫,humanoid_other,6,"[7, 9]",蛮荒遗迹四层,,bestiary_v111.json,原包 boss。破甲窗口。
abyss_depth_shark,深渊海鲨,yaoshou,4,"[6, 8]",乱星海深渊裂隙缘,,bestiary_v111.json,一层。抗压舟甲。
abyss_current_eel,暗流鳗,yaoshou,4,"[7, 8]",竖井暗流,,bestiary_v111.json,环境+怪。定风定水。
abyss_sea_demon_guard,裂架海妖卫,yaoshou,5,"[7, 9]",三层裂架,,bestiary_v111.json,蛟前哨。
abyss_loot_nascent_xiu,夺宝元婴修（裂隙）,humanoid_other,5,"[7, 9]",裂架平台,,bestiary_v111.json,人祸主威胁之一。
abyss_young_jiao,幼渊蛟,yaoshou,5,"[8, 9]",四层蛟巢外,,bestiary_v111.json,引 BOSS 前奏。
abyss_jiao,深渊蛟,yaoshou,7,"[8, 10]",五层裂心,,bestiary_v111.json,原包 boss。元婴海战向。
gold_sand_scorpion,魔金砂蝎,chong,5,"[8, 9]",魔金山脉金麓,,bestiary_v111.json,炼虚入门害。
gold_demon_warden_light,金魔卫（轻）,gu_mo,6,"[8, 10]",矿脉廊,,bestiary_v111.json,破金手段。
gold_blood_shrine_echo,血祭残影,gu_mo,6,"[9, 10]",三层血祭残坛,,bestiary_v111.json,心性检定。
gold_demon_general,金魔将,gu_mo,8,"[9, 11]",四层金魔将台,,bestiary_v111.json,原包 boss。炼虚天花板战。
asura_killing_remnant,杀意残兵,humanoid_other,6,"[9, 10]",小修罗界杀雾原,,bestiary_v111.json,清心降侵蚀。
asura_blood_mist_wolf,血雾狼,yaoshou,6,"[9, 10]",杀雾原,,bestiary_v111.json,一层群。
asura_forge_warden,修罗锻卫,humanoid_other,7,"[9, 11]",二层甲锻台,,bestiary_v111.json,甲材来源。
asura_avatar,修罗投影,gu_mo,9,"[10, 12]",修罗影殿,,bestiary_v111.json,原包 boss。投影非真修罗本体。
jiuxian_peak_spirit_light,九仙峰灵（轻）,humanoid_other,7,"[10, 11]",一~三峰,,bestiary_v111.json,入门峰考。
jiuxian_heart_demon_sprout,心魔芽,humanoid_other,6,"[10, 11]",前中峰,,bestiary_v111.json,非纯战。心性。
jiuxian_dao_exam_spirit,道考灵,humanoid_other,7,"[11, 12]",四~六峰,,bestiary_v111.json,答对/战过皆可。
peak_trial_spirit,峰顶试炼灵,zhenling,9,"[12, 13]",九峰绝顶,,bestiary_v111.json,原包 boss。非大众刷；劝退亦可残篇。
garden_fence_spirit,药篱灵,plant_spirit,5,"[9, 10]",灵缈园残篱,,bestiary_v111.json,一层。有残图令可降敌意。
garden_mist_bee,迷香蜂,chong,5,"[9, 10]",残篱与残畦,,bestiary_v111.json,净香符。
garden_bed_guardian,残畦药守兽,yaoshou,6,"[9, 11]",二层残畦,,bestiary_v111.json,节制击杀，免毁药。
garden_heart_seal_spirit,园心禁制灵,humanoid_other,6,"[10, 11]",三层园心残殿,,bestiary_v111.json,原包无 BOSS；禁制灵管软顶。
coverage_complete_scribe_v111,十九境收官司书（结构）,humanoid_other,0,"[1, 2]",检索点,,bestiary_v111.json,merge_bridge 进度完结叙事。
orig_beast_twin_pupil_rat,双瞳鼠（原包加深）,lingshou,3,"[1, 1]",灵脉洞窟,True,bestiary_v112.json,【原包图鉴加深】双瞳鼠。双瞳可穿迷雾，修士常欲擒为灵宠。 双瞳看穿迷雾，喜灵浓处筑窝。 双瞳可破简易迷障，灵宠向。火光与巨响易惊逃。天南洞窟常见，筑基前可遇。 
orig_beast_red_leopard_beast,红狸兽（原包加深）,lingshou,3,"[1, 1]","tiannan,forest",True,bestiary_v112.json,【原包图鉴加深】红狸兽。敏捷、嗅觉超常。 敏捷、嗅觉超常。  位阶参考：1。元素/气机：wood。 生态位：spirit_pet_candidate。战斗气质：
orig_beast_fire_horn_deer,炙角鹿（原包加深）,yaoshou,3,"[2, 2]","tiannan,hills",False,bestiary_v112.json,【原包图鉴加深】炙角鹿。火红独角。 火红独角。  位阶参考：2。元素/气机：fire。 生态位：wild_beast。战斗气质：火红独角。。 栖息：tianna
orig_beast_wind_screech_hawk,风啸鹰（原包加深）,lingshou,3,"[2, 2]","tiannan,mulan",True,bestiary_v112.json,【原包图鉴加深】风啸鹰。高空巡猎，难驯。 驯养放哨侦察。  位阶参考：2。元素/气机：wind。 生态位：aerial_scout。战斗气质：风刃俯冲。 栖息：
orig_beast_scent_spirit_beast,嗅灵兽（原包加深）,lingshou,3,"[2, 2]",药园山林,True,bestiary_v112.json,【原包图鉴加深】嗅灵兽。对灵草灵药气味极敏感。 查违禁物品。  位阶参考：2。元素/气机：neutral。 生态位：tracker。战斗气质：嗅探灵药。 栖息：
orig_beast_giant_centipede,巨型蜈蚣（原包加深）,yaoshou,3,"[3, 3]","tiannan,caves",False,bestiary_v112.json,【原包图鉴加深】巨型蜈蚣。黑色甲壳。 黑色甲壳。  位阶参考：3。元素/气机：poison。 生态位：wild_beast。战斗气质：黑色甲壳。。 栖息：tia
orig_beast_ink_flood_dragon,墨蛟（原包加深）,yaoshou,3,"[3, 3]","tiannan,river",False,bestiary_v112.json,【原包图鉴加深】墨蛟。低阶蛟形。 低阶蛟形。 墨蛟盘水脉，毒雾与绞杀并重。乱星海/内陆深潭皆有传闻。结丹级威胁，皮骨可炼器。 位阶参考：3。元素/气机：wate
orig_beast_heart_bore_worm,钻心虫（原包加深）,yaoshou,3,"[3, 3]","tiannan,demonic",False,bestiary_v112.json,【原包图鉴加深】钻心虫。沿血脉钻心。 沿血脉钻心。 专蚀心脉与木石芯，群居则毁阵基。惧焚烟与金系锐器。 位阶参考：3。元素/气机：yin。 生态位：wild_b
orig_beast_fire_crow,火鸦（原包加深）,yaoshou,3,"[4, 4]","tiannan,volcano",False,bestiary_v112.json,【原包图鉴加深】火鸦。火属性远程。 火属性远程。  位阶参考：4。元素/气机：fire。 生态位：wild_beast。战斗气质：火属性远程。。 栖息：tian
orig_beast_green_vine_demon,青木妖藤（原包加深）,yaoshou,3,"[4, 4]","tiannan,jungle",False,bestiary_v112.json,【原包图鉴加深】青木妖藤。束缚毒回血。 束缚毒回血。  位阶参考：4。元素/气机：wood。 生态位：wild_beast。战斗气质：束缚毒回血。。 栖息：ti
orig_beast_mystic_water_turtle,玄水龟（原包加深）,yaoshou,3,"[4, 4]","chaotic_sea,tiannan",False,bestiary_v112.json,【原包图鉴加深】玄水龟。高防水系控制。 高防水系控制。  位阶参考：4。元素/气机：water。 生态位：wild_beast。战斗气质：高防水系控制。。 栖息
orig_beast_thunder_horn_tiger,雷角虎（原包加深）,yaoshou,3,"[4, 4]",tiannan,False,bestiary_v112.json,【原包图鉴加深】雷角虎。冲锋雷击。 冲锋雷击。  位阶参考：4。元素/气机：thunder。 生态位：wild_beast。战斗气质：冲锋雷击。。 栖息：tia
orig_beast_demon_core_bear,妖丹熊（原包加深）,yaoshou,3,"[5, 5]","tiannan,mountain",False,bestiary_v112.json,【原包图鉴加深】妖丹熊。结丹初，体内结妖丹。 结丹初，体内结妖丹。  位阶参考：5。元素/气机：earth。 生态位：wild_beast。战斗气质：结丹初，体
orig_beast_baby_carp_demon,婴鲤兽（原包加深）,yaoshou,3,"[6, 6]",chaotic_sea,False,bestiary_v112.json,【原包图鉴加深】婴鲤兽。娃娃脸鱼尾，水罡神雷。 娃娃脸鱼尾，水罡神雷。  位阶参考：6。元素/气机：water。 生态位：wild_beast。战斗气质：娃娃脸
orig_beast_ice_soul_serpent,冰魄蛇（原包加深）,yaoshou,3,"[6, 6]","tiannan,snow",False,bestiary_v112.json,"【原包图鉴加深】冰魄蛇。冰冻毒。 冰冻毒。  位阶参考：6。元素/气机：ice。 生态位：wild_beast。战斗气质：冰冻毒。。 栖息：tiannan,sn"
orig_beast_spirit_fox,灵狐（原包加深）,lingshou,3,"[6, 6]","tiannan,forest",True,bestiary_v112.json,【原包图鉴加深】灵狐。灵狐一脉，化形后智力接近人族。 幻术闪避可驯服。  位阶参考：6。元素/气机：illusion。 生态位：illusion_support
orig_beast_shape_shift_trial_beast,化形试炼兽（原包加深）,yaoshou,3,"[7, 7]",global,False,bestiary_v112.json,【原包图鉴加深】化形试炼兽。七级渡劫化形模板。 七级渡劫化形模板。  位阶参考：7。元素/气机：mixed。 生态位：wild_beast。战斗气质：七级渡劫化
orig_beast_thunder_jiao,雷劫蛟（原包加深）,yaoshou,3,"[7, 7]","chaotic_sea,storm",False,bestiary_v112.json,【原包图鉴加深】雷劫蛟。蛟类化龙前躯，雷劫伴生。 雷暴秘境Boss雏形。  位阶参考：7。元素/气机：thunder。 生态位：boss_beast。战斗气质：
orig_beast_silver_wing_yaksha,银翅夜叉（原包加深）,yaoshou,3,"[8, 8]","tiannan,zhuimo",False,bestiary_v112.json,【原包图鉴加深】银翅夜叉。炼尸/妖 hybrid，风土遁幻术。 炼尸/妖 hybrid，风土遁幻术。  位阶参考：8。元素/气机：yin。 生态位：wild_b
orig_beast_wind_split_beast,裂风兽（原包加深）,yaoshou,3,"[9, 9]",chaotic_sea,False,bestiary_v112.json,【原包图鉴加深】裂风兽。妖王级，学人族技术。 妖王级，学人族技术。  位阶参考：9。元素/气机：wind。 生态位：wild_beast。战斗气质：妖王级，学人
orig_beast_earth_armor_dragon,土甲龙（原包加深）,yaoshou,3,"[9, 9]","dajin,caves",False,bestiary_v112.json,【原包图鉴加深】土甲龙。寻宝天赋。 寻宝天赋。  位阶参考：9。元素/气机：earth。 生态位：wild_beast。战斗气质：寻宝天赋。。 栖息：dajin
orig_beast_fire_jiao_adult,离火蛟（原包加深）,yaoshou,3,"[10, 10]","chaotic_sea,ocean",False,bestiary_v112.json,【原包图鉴加深】离火蛟。海域蛟龙。 海域蛟龙。  位阶参考：10。元素/气机：fire。 生态位：wild_beast。战斗气质：海域蛟龙。。 栖息：chaot
orig_beast_suanni_beast,狻猊兽（原包加深）,yaoshou,3,"[10, 10]",dajin,False,bestiary_v112.json,【原包图鉴加深】狻猊兽。上古兽形。 上古兽形。  位阶参考：10。元素/气机：fire。 生态位：wild_beast。战斗气质：上古兽形。。 栖息：dajin
orig_beast_four_ear_gold_ape,四耳金猿（原包加深）,yaoshou,3,"[11, 11]","dajin,kunwu",False,bestiary_v112.json,【原包图鉴加深】四耳金猿。金黄巨猴凶恶。 金黄巨猴凶恶。  位阶参考：11。元素/气机：metal。 生态位：wild_beast。战斗气质：金黄巨猴凶恶。。 
orig_beast_gold_body_moon_corpse,金身月尸（原包加深）,yaoshou,3,"[11, 11]",tiannan,False,bestiary_v112.json,【原包图鉴加深】金身月尸。人界顶阶炼尸，金遁。 人界顶阶炼尸，金遁。  位阶参考：11。元素/气机：metal。 生态位：wild_beast。战斗气质：人界顶
orig_beast_six_wing_frost_centipede,六翼霜蚣（原包加深）,yaoshou,3,"[12, 12]","spirit_realm,ancient",False,bestiary_v112.json,【原包图鉴加深】六翼霜蚣。冰龙血统灵虫。 冰龙血统灵虫。  位阶参考：12。元素/气机：ice。 生态位：wild_beast。战斗气质：冰龙血统灵虫。。 栖息
orig_beast_leopard_qilin_beast,豹麟兽（原包加深）,yaoshou,3,"[12, 12]",spirit_realm,False,bestiary_v112.json,【原包图鉴加深】豹麟兽。麒麟血脉，元婴实力幼体。 麒麟血脉，元婴实力幼体。  位阶参考：12。元素/气机：mixed。 生态位：wild_beast。战斗气质：
orig_beast_mirage_sand_beast,蜃兽（原包加深）,yaoshou,3,"[13, 13]","chaotic_sea,desert",False,bestiary_v112.json,【原包图鉴加深】蜃兽。双蛇首蛙身，幻化。 双蛇首蛙身，幻化。  位阶参考：13。元素/气机：illusion。 生态位：wild_beast。战斗气质：双蛇首蛙
orig_beast_sky_tiger_beast,天虎兽（原包加深）,yaoshou,3,"[13, 13]",mulan,False,bestiary_v112.json,【原包图鉴加深】天虎兽。土风法术瞬移。 土风法术瞬移。  位阶参考：13。元素/气机：earth_wind。 生态位：wild_beast。战斗气质：土风法术瞬
orig_beast_holy_peacock,圣禽（青孔雀）（原包加深）,yaoshou,3,"[13, 13]","mulan,spirit_realm",False,bestiary_v112.json,【原包图鉴加深】圣禽（青孔雀）。慕兰供奉，妖火。 慕兰供奉，妖火。  位阶参考：13。元素/气机：fire。 生态位：wild_beast。战斗气质：慕兰供奉，
orig_beast_soul_weep_beast,泣魂兽（原包加深）,yaoshou,3,"[4, 4]",nether_river,False,bestiary_v112.json,【原包图鉴加深】泣魂兽。冥河阴兽，啼哭可乱人心神，常伴尸气。 冥河阴兽，啼哭可乱人心神，常伴尸气。  位阶参考：4。元素/气机：yin。 生态位：wild_be
orig_beast_phantom_flame_moth,幻焰蛾（原包加深）,yaoshou,3,"[8, 8]",fallen_demon_valley,False,bestiary_v112.json,【原包图鉴加深】幻焰蛾。堕魔谷群居妖蛾，鳞粉引幻火，遇风则燎原。 堕魔谷群居妖蛾，鳞粉引幻火，遇风则燎原。  位阶参考：8。元素/气机：fire。 生态位：wi
orig_beast_gold_devour_beetle,噬金虫（原包加深）,lingshou,3,"[5, 5]","chaotic_sea,spirit_world",True,bestiary_v112.json,【原包图鉴加深】噬金虫。天下奇虫，专噬五金之精。 啃噬五金法宝灵光，群居奇虫。  位阶参考：5。元素/气机：metal。 生态位：artifact_counte
orig_beast_soul_weeping_beast,啼魂兽（原包加深）,lingshou,3,"[6, 6]",demonic_ruins,True,bestiary_v112.json,【原包图鉴加深】啼魂兽。对阴魂鬼物有天然克制。 尖啸伤魂，对鬼物克制极强。  位阶参考：6。元素/气机：yin。 生态位：anti_ghost。战斗气质：神魂尖
orig_beast_mountain_giant_ape,山岳巨猿（原包加深）,yaoshou,3,"[7, 7]",barbarian_wasteland,False,bestiary_v112.json,【原包图鉴加深】山岳巨猿。力大无穷，可化形前兆。 力大无穷，可化形前兆。  位阶参考：7。元素/气机：earth。 生态位：wild_beast。战斗气质：力大
orig_beast_blood_jiao,血蛟（原包加深）,yaoshou,3,"[8, 8]",chaotic_sea,False,bestiary_v112.json,【原包图鉴加深】血蛟。海域凶蛟，妖丹珍贵。 海域凶蛟，妖丹珍贵。  位阶参考：8。元素/气机：water。 生态位：wild_beast。战斗气质：海域凶蛟，妖
orig_beast_three_tailed_fox,三尾妖狐（原包加深）,lingshou,3,"[5, 5]",tiannan,True,bestiary_v112.json,【原包图鉴加深】三尾妖狐。擅幻术，灵狐一脉。 擅幻术，灵狐一脉。  位阶参考：5。元素/气机：illusion。 生态位：spirit_pet_candidat
orig_beast_iron_lion_beast,铁甲狮兽（原包加深）,lingshou,3,"[4, 4]",tiannan,True,bestiary_v112.json,【原包图鉴加深】铁甲狮兽。体修型妖兽，皮糙肉厚。 体修型妖兽，皮糙肉厚。  位阶参考：4。元素/气机：metal。 生态位：spirit_pet_candida
orig_beast_cloud_silk_spider,云丝蛛（原包加深）,lingshou,3,"[3, 3]",caves,True,bestiary_v112.json,【原包图鉴加深】云丝蛛。吐丝缚敌，可炼蛛丝材料。 吐丝缚敌，可炼蛛丝材料。  位阶参考：3。元素/气机：wood。 生态位：spirit_pet_candida
orig_beast_flame_salamander,火蜥兽（原包加深）,lingshou,3,"[2, 2]",volcano,True,bestiary_v112.json,【原包图鉴加深】火蜥兽。火系低阶妖兽，内丹可入药。 火系低阶妖兽，内丹可入药。  位阶参考：2。元素/气机：fire。 生态位：spirit_pet_candi
orig_beast_ice_phoenix_chick,冰凤幼禽（原包加深）,lingshou,3,"[9, 9]",polar,True,bestiary_v112.json,【原包图鉴加深】冰凤幼禽。灵界珍禽幼体，极难驯服。 灵界珍禽幼体，极难驯服。  位阶参考：9。元素/气机：ice。 生态位：spirit_pet_candida
orig_beast_void_mantis,虚空螳螂（原包加深）,yaoshou,3,"[10, 10]",spirit_world,False,bestiary_v112.json,【原包图鉴加深】虚空螳螂。灵界虫族，前肢如刃。 灵界虫族，前肢如刃。  位阶参考：10。元素/气机：void。 生态位：wild_beast。战斗气质：灵界虫族
orig_pet_gold_devouring_beetle,噬金虫（原包灵宠加深）,lingshou,1,,,True,bestiary_v112.json,【原包灵宠】噬金虫。金属克星虫群，王可化形。 养成向，非野刷灾厄体。
orig_pet_soul_weep_beast,啼魂兽（原包灵宠加深）,lingshou,1,,,True,bestiary_v112.json,【原包灵宠】啼魂兽。吸魂噬鬼，猿形巨口。 养成向，非野刷灾厄体。
orig_pet_musk_orchid_beast,麝兰兽（原包灵宠加深）,lingshou,1,,,True,bestiary_v112.json,【原包灵宠】麝兰兽。安神定魂气味。 养成向，非野刷灾厄体。
orig_pet_phantom_flame_moth,幻焰蛾（原包灵宠加深）,lingshou,1,,,True,bestiary_v112.json,【原包灵宠】幻焰蛾。短隐身幻化。 养成向，非野刷灾厄体。
orig_pet_iron_wood_great_ape_puppet,巨猿傀儡（战兽级）（原包灵宠加深）,lingshou,1,,,True,bestiary_v112.json,【原包灵宠】巨猿傀儡（战兽级）。 养成向，非野刷灾厄体。
long_beast_twin_pupil_rat,双瞳鼠（加长图鉴）,lingshou,3,1,灵脉洞窟,True,bestiary_v113.json,【原著向加长】双瞳鼠。双瞳如豆，夜能视雾。灵脉洞窟与废矿常见，修士捕为探路灵宠。火折一晃即惊群。威胁低，信息价值高。 原包摘要：双瞳看穿迷雾，喜灵浓处筑窝。。位
long_beast_red_leopard_beast,红狸兽（加长图鉴）,lingshou,3,1,"tiannan,forest",True,bestiary_v113.json,【原著向加长】红狸兽。赤狸身形，嗅觉锁灵药与血气。山地猎手。皮可衣，骨入药。驯化需鲜肉与耐心。 原包摘要：敏捷、嗅觉超常。。位阶：1/1。元素：wood。域：t
long_beast_fire_horn_deer,炙角鹿（加长图鉴）,yaoshou,3,2,"tiannan,hills",False,bestiary_v113.json,【原著向加长】炙角鹿。额生火角，受惊喷火星。山林边角。角可炼火系低器，鹿血暖身。勿逼入死角群奔。 原包摘要：火红独角。。位阶：2/2。元素：fire。域：tia
long_beast_wind_screech_hawk,风啸鹰（加长图鉴）,lingshou,3,2,"tiannan,mulan",True,bestiary_v113.json,【原著向加长】风啸鹰。长啸裂风，盘高放哨。边军与散修皆驯侦察。惧密林网罗。羽可炼风符。 原包摘要：驯养放哨侦察。。位阶：2/2。元素：wind。域：tianna
long_beast_scent_spirit_beast,嗅灵兽（加长图鉴）,lingshou,3,2,药园山林,True,bestiary_v113.json,【原著向加长】嗅灵兽。专嗅禁药、血腥与邪气。坊市巡察、宗门山门偶用。战斗弱，辅助强。 原包摘要：查违禁物品。。位阶：2/2。元素：neutral。域：tiann
long_beast_giant_centipede,巨型蜈蚣（加长图鉴）,yaoshou,3,3,"tiannan,caves",False,bestiary_v113.json,【原著向加长】巨型蜈蚣。黑甲百足，毒液腐兵刃。阴湿洞穴。惧火烟与鸡类灵禽。蜕可炼毒。 原包摘要：黑色甲壳。。位阶：3/3。元素：poison。域：tiannan
long_beast_ink_flood_dragon,墨蛟（加长图鉴）,yaoshou,3,3,"tiannan,river",False,bestiary_v113.json,【原著向加长】墨蛟。墨色蛟形，未成真龙。深潭与内海。毒雾绞尾，结丹修亦慎。皮骨鳞皆材；卵更稀。乱星海同族更凶。 原包摘要：低阶蛟形。。位阶：3/3。元素：wat
long_beast_heart_bore_worm,钻心虫（加长图鉴）,yaoshou,3,3,"tiannan,demonic",False,bestiary_v113.json,【原著向加长】钻心虫。细如丝，钻血脉向心。中者剧痛失神。薰焚与金针可逼。医修与魔修两用。 原包摘要：沿血脉钻心。。位阶：3/3。元素：yin。域：tiannan
long_beast_fire_crow,火鸦（加长图鉴）,yaoshou,3,4,"tiannan,volcano",False,bestiary_v113.json,"【原著向加长】火鸦。火羽群鸦，远程灼烧。火山与火脉。惧水雨阵。羽入火丹辅。 原包摘要：火属性远程。。位阶：4/4。元素：fire。域：tiannan,volca"
long_beast_green_vine_demon,青木妖藤（加长图鉴）,yaoshou,3,4,"tiannan,jungle",False,bestiary_v113.json,"【原著向加长】青木妖藤。藤妖缠人吸血回春。密林。刃斩再生，宜火雷。藤汁毒可提。 原包摘要：束缚毒回血。。位阶：4/4。元素：wood。域：tiannan,jun"
long_beast_mystic_water_turtle,玄水龟（加长图鉴）,yaoshou,3,4,"chaotic_sea,tiannan",False,bestiary_v113.json,【原著向加长】玄水龟。玄水负甲，控水迟敌。湖泽。甲炼盾，肉滋阴。性慢可守洞府。 原包摘要：高防水系控制。。位阶：4/4。元素：water。域：chaotic_s
long_beast_thunder_horn_tiger,雷角虎（加长图鉴）,yaoshou,3,4,tiannan,False,bestiary_v113.json,【原著向加长】雷角虎。角引雷，冲锋撕咬。雷泽山地。虎骨虎鞭皆贵。硬刚需土盾或引雷反制。 原包摘要：冲锋雷击。。位阶：4/4。元素：thunder。域：tiann
long_beast_demon_core_bear,妖丹熊（加长图鉴）,yaoshou,4,5,"tiannan,mountain",False,bestiary_v113.json,"【原著向加长】妖丹熊。体中结妖丹，力撼结丹初。深山。取丹险，活捉更难。 原包摘要：结丹初，体内结妖丹。。位阶：5/5。元素：earth。域：tiannan,mo"
long_beast_baby_carp_demon,婴鲤兽（加长图鉴）,yaoshou,4,6,chaotic_sea,False,bestiary_v113.json,【原著向加长】婴鲤兽。婴面鱼尾，水中雷罡。湖海异种。可遇不可求，有灵智萌芽。 原包摘要：娃娃脸鱼尾，水罡神雷。。位阶：6/6。元素：water。域：chaoti
long_beast_ice_soul_serpent,冰魄蛇（加长图鉴）,yaoshou,4,6,"tiannan,snow",False,bestiary_v113.json,"【原著向加长】冰魄蛇。冰魄寒毒，僵人经脉。雪原。胆与涎入寒药。火系克。 原包摘要：冰冻毒。。位阶：6/6。元素：ice。域：tiannan,snow。角色：wi"
long_beast_spirit_fox,灵狐（加长图鉴）,lingshou,4,6,"tiannan,forest",True,bestiary_v113.json,【原著向加长】灵狐。多尾未化形前善幻。山林。皮毛美，心窍通。驯则伴修，敌则惑神。 原包摘要：幻术闪避可驯服。。位阶：6/6。元素：illusion。域：tian
long_beast_shape_shift_trial_beast,化形试炼兽（加长图鉴）,yaoshou,4,7,global,False,bestiary_v113.json,【原著向加长】化形试炼兽。化形关模板兽。渡劫/化形试炼用，非日常生态种。击溃考核，滥杀无益。 原包摘要：七级渡劫化形模板。。位阶：7/7。元素：mixed。域：
long_beast_thunder_jiao,雷劫蛟（加长图鉴）,yaoshou,4,7,"chaotic_sea,storm",False,bestiary_v113.json,【原著向加长】雷劫蛟。雷暴中的蛟，秘境 Boss 雏。雷狱水域。鳞含雷晶。 原包摘要：雷暴秘境Boss雏形。。位阶：7/7。元素：thunder。域：chaot
long_beast_silver_wing_yaksha,银翅夜叉（加长图鉴）,yaoshou,4,8,"tiannan,zhuimo",False,bestiary_v113.json,【原著向加长】银翅夜叉。银翅，炼尸与妖血驳杂。风土遁、幻术。乱星海与魔道常见威胁。 原包摘要：炼尸/妖 hybrid，风土遁幻术。。位阶：8/8。元素：yin。
long_beast_wind_split_beast,裂风兽（加长图鉴）,yaoshou,4,9,chaotic_sea,False,bestiary_v113.json,【原著向加长】裂风兽。裂风如刃，妖王气质，偶学人族器术。草原与高崖。 原包摘要：妖王级，学人族技术。。位阶：9/9。元素：wind。域：chaotic_sea。
long_beast_earth_armor_dragon,土甲龙（加长图鉴）,yaoshou,4,9,"dajin,caves",False,bestiary_v113.json,"【原著向加长】土甲龙。土甲蜿形，善寻矿脉宝气。地脉。甲厚，土遁。 原包摘要：寻宝天赋。。位阶：9/9。元素：earth。域：dajin,caves。角色：wil"
long_beast_fire_jiao_adult,离火蛟（加长图鉴）,yaoshou,4,10,"chaotic_sea,ocean",False,bestiary_v113.json,"【原著向加长】离火蛟。离火蛟成体，海域。烈焰煮海。丹与筋极品火材。 原包摘要：海域蛟龙。。位阶：10/10。元素：fire。域：chaotic_sea,ocea"
long_beast_suanni_beast,狻猊兽（加长图鉴）,yaoshou,4,10,dajin,False,bestiary_v113.json,【原著向加长】狻猊兽。狻猊上古兽形，火焰与威压。极稀，近传说。不进日常刷表权重。 原包摘要：上古兽形。。位阶：10/10。元素：fire。域：dajin。角色：
long_beast_four_ear_gold_ape,四耳金猿（加长图鉴）,yaoshou,4,11,"dajin,kunwu",False,bestiary_v113.json,"【原著向加长】四耳金猿。四耳金毛，力暴且狡。深山铜矿。金身难伤，惧特破。 原包摘要：金黄巨猴凶恶。。位阶：11/11。元素：metal。域：dajin,kunw"
long_beast_gold_body_moon_corpse,金身月尸（加长图鉴）,yaoshou,4,11,tiannan,False,bestiary_v113.json,【原著向加长】金身月尸。人界顶阶炼尸，金遁诡秘。魔道秘宝级。佛雷克；正道围剿事件。 原包摘要：人界顶阶炼尸，金遁。。位阶：11/11。元素：metal。域：ti
long_beast_six_wing_frost_centipede,六翼霜蚣（加长图鉴）,yaoshou,4,12,"spirit_realm,ancient",False,bestiary_v113.json,【原著向加长】六翼霜蚣。六翼霜蚣，冰龙血虫。极寒。翼与涎炼冰器。可养成线。 原包摘要：冰龙血统灵虫。。位阶：12/12。元素：ice。域：spirit_real
long_beast_leopard_qilin_beast,豹麟兽（加长图鉴）,yaoshou,4,12,spirit_realm,False,bestiary_v113.json,【原著向加长】豹麟兽。豹身麟纹，麒麟血残。幼体已近元婴压。地渊/珍域。养成极难。 原包摘要：麒麟血脉，元婴实力幼体。。位阶：12/12。元素：mixed。域：s
long_beast_mirage_sand_beast,蜃兽（加长图鉴）,yaoshou,4,13,"chaotic_sea,desert",False,bestiary_v113.json,【原著向加长】蜃兽。蜃气双首蛙身，幻城迷阵。沙漠与海上。破幻镜克。 原包摘要：双蛇首蛙身，幻化。。位阶：13/13。元素：illusion。域：chaotic_
long_beast_sky_tiger_beast,天虎兽（加长图鉴）,yaoshou,4,13,mulan,False,bestiary_v113.json,【原著向加长】天虎兽。天虎，土风瞬移扑杀。高原。虎骨稀。 原包摘要：土风法术瞬移。。位阶：13/13。元素：earth_wind。域：mulan。角色：wild
long_beast_holy_peacock,圣禽（青孔雀）（加长图鉴）,yaoshou,4,13,"mulan,spirit_realm",False,bestiary_v113.json,【原著向加长】圣禽（青孔雀）。青孔雀圣禽，慕兰供奉气质。妖火开屏。猎杀毁慕兰声望。 原包摘要：慕兰供奉，妖火。。位阶：13/13。元素：fire。域：mulan
long_beast_soul_weep_beast,泣魂兽（加长图鉴）,yaoshou,3,4,nether_river,False,bestiary_v113.json,【原著向加长】泣魂兽。冥河泣魂，哭声乱神。阴岸。定神珠/清心。 原包摘要：冥河阴兽，啼哭可乱人心神，常伴尸气。。位阶：4/4。元素：yin。域：nether_r
long_beast_phantom_flame_moth,幻焰蛾（加长图鉴）,yaoshou,4,8,fallen_demon_valley,False,bestiary_v113.json,【原著向加长】幻焰蛾。堕魔谷幻焰蛾，鳞粉着风成火。群灾。烟熏与寒域。 原包摘要：堕魔谷群居妖蛾，鳞粉引幻火，遇风则燎原。。位阶：8/8。元素：fire。域：fa
long_beast_gold_devour_beetle,噬金虫（加长图鉴）,lingshou,4,5,"chaotic_sea,spirit_world",True,bestiary_v113.json,【原著向加长】噬金虫。噬金虫，啃法宝灵光。原著奇虫。可养成克金；野群灾厄禁无限刷。唯一养成线优先。 原包摘要：啃噬五金法宝灵光，群居奇虫。。位阶：5/5。元素：
long_beast_soul_weeping_beast,啼魂兽（加长图鉴）,lingshou,4,6,demonic_ruins,True,bestiary_v113.json,【原著向加长】啼魂兽。啼魂兽，尖啸伤魂、克鬼物。可伙伴向（啼魂）。活捕远贵于尸体。 原包摘要：尖啸伤魂，对鬼物克制极强。。位阶：6/6。元素：yin。域：dem
long_beast_mountain_giant_ape,山岳巨猿（加长图鉴）,yaoshou,4,7,barbarian_wasteland,False,bestiary_v113.json,【原著向加长】山岳巨猿。山岳巨猿，力拔峰。化形前兆。蛮荒。 原包摘要：力大无穷，可化形前兆。。位阶：7/7。元素：earth。域：barbarian_waste
long_beast_blood_jiao,血蛟（加长图鉴）,yaoshou,4,8,chaotic_sea,False,bestiary_v113.json,【原著向加长】血蛟。血海凶蛟，妖丹浓烈。海域战场。血河术辅材。 原包摘要：海域凶蛟，妖丹珍贵。。位阶：8/8。元素：water。域：chaotic_sea。角色
long_beast_three_tailed_fox,三尾妖狐（加长图鉴）,lingshou,4,5,tiannan,True,bestiary_v113.json,【原著向加长】三尾妖狐。三尾妖狐，幻术一脉。灵狐近亲。皮毛与内丹。 原包摘要：擅幻术，灵狐一脉。。位阶：5/5。元素：illusion。域：tiannan。角色
long_beast_iron_lion_beast,铁甲狮兽（加长图鉴）,lingshou,3,4,tiannan,True,bestiary_v113.json,【原著向加长】铁甲狮兽。铁甲狮，体修型。平原关隘。皮甲优质。 原包摘要：体修型妖兽，皮糙肉厚。。位阶：4/4。元素：metal。域：tiannan。角色：spi
long_beast_cloud_silk_spider,云丝蛛（加长图鉴）,lingshou,3,3,caves,True,bestiary_v113.json,【原著向加长】云丝蛛。云丝缚敌，丝可炼绳网。云崖。惧火。 原包摘要：吐丝缚敌，可炼蛛丝材料。。位阶：3/3。元素：wood。域：caves。角色：spirit_
long_beast_flame_salamander,火蜥兽（加长图鉴）,lingshou,3,2,volcano,True,bestiary_v113.json,【原著向加长】火蜥兽。火蜥，低阶火丹辅。火山溪。 原包摘要：火系低阶妖兽，内丹可入药。。位阶：2/2。元素：fire。域：volcano。角色：spirit_p
long_beast_ice_phoenix_chick,冰凤幼禽（加长图鉴）,lingshou,4,9,polar,True,bestiary_v113.json,【原著向加长】冰凤幼禽。冰凤幼禽，灵界珍。极难驯。成长线长，禁虐杀任务奖励。 原包摘要：灵界珍禽幼体，极难驯服。。位阶：9/9。元素：ice。域：polar。角
long_beast_void_mantis,虚空螳螂（加长图鉴）,yaoshou,4,10,spirit_world,False,bestiary_v113.json,【原著向加长】虚空螳螂。虚空螳螂，前肢如空间刃。灵界虫。闪避高，惧领域锁。 原包摘要：灵界虫族，前肢如刃。。位阶：10/10。元素：void。域：spirit_
long_pet_gold_devouring_beetle,噬金虫（灵宠加长）,lingshou,1,,,True,bestiary_v113.json,【灵宠加长】噬金虫。金属克星虫群，王可化形。 绑定养成，死亡惩罚与忠诚度见伙伴规则。非灾厄野刷。
long_pet_soul_weep_beast,啼魂兽（灵宠加长）,lingshou,1,,,True,bestiary_v113.json,【灵宠加长】啼魂兽。吸魂噬鬼，猿形巨口。 绑定养成，死亡惩罚与忠诚度见伙伴规则。非灾厄野刷。
long_pet_musk_orchid_beast,麝兰兽（灵宠加长）,lingshou,1,,,True,bestiary_v113.json,【灵宠加长】麝兰兽。安神定魂气味。 绑定养成，死亡惩罚与忠诚度见伙伴规则。非灾厄野刷。
long_pet_phantom_flame_moth,幻焰蛾（灵宠加长）,lingshou,1,,,True,bestiary_v113.json,【灵宠加长】幻焰蛾。短隐身幻化。 绑定养成，死亡惩罚与忠诚度见伙伴规则。非灾厄野刷。
long_pet_iron_wood_great_ape_puppet,巨猿傀儡（战兽级）（灵宠加长）,lingshou,1,,,True,bestiary_v113.json,【灵宠加长】巨猿傀儡（战兽级）。 绑定养成，死亡惩罚与忠诚度见伙伴规则。非灾厄野刷。
rule_gold_devour_no_swarm,规则·噬金不成灾刷,chong,0,,,,bestiary_v113.json,噬金虫以养成/事件为主，禁止开放世界无限虫灾刷宝。
rule_true_spirit_no_farm,规则·真灵不日常刷,zhenling,0,,,,bestiary_v113.json,狻猊等上古向 weight 0 或事件。
rule_tihun_capture,规则·啼魂活捕优先,lingshou,0,,,,bestiary_v113.json,活体伙伴远贵尸体材料。
eco_red_leopard_beast,红狸兽（生态刷怪）,yaoshou,2,,,,bestiary_v114.json,【生态】红狸兽 于：tiannan/forest(w30)。摘要：敏捷、嗅觉超常。。权重高=常见；极低=稀有邂逅。
eco_spirit_fox,灵狐（生态刷怪）,yaoshou,2,,,,bestiary_v114.json,【生态】灵狐 于：tiannan/forest(w2)。摘要：幻术闪避可驯服。。权重高=常见；极低=稀有邂逅。
eco_green_vine_demon,青木妖藤（生态刷怪）,yaoshou,2,,,,bestiary_v114.json,【生态】青木妖藤 于：tiannan/forest(w5)。摘要：束缚毒回血。。权重高=常见；极低=稀有邂逅。
eco_ink_flood_dragon,墨蛟（生态刷怪）,yaoshou,2,,,,bestiary_v114.json,【生态】墨蛟 于：tiannan/river(w15)。摘要：低阶蛟形。。权重高=常见；极低=稀有邂逅。
eco_mystic_water_turtle,玄水龟（生态刷怪）,yaoshou,2,,,,bestiary_v114.json,【生态】玄水龟 于：tiannan/river(w8)。摘要：高防水系控制。。权重高=常见；极低=稀有邂逅。
eco_baby_carp_demon,婴鲤兽（生态刷怪）,yaoshou,2,,,,bestiary_v114.json,【生态】婴鲤兽 于：chaotic_sea/ocean(w12)。摘要：娃娃脸鱼尾，水罡神雷。。权重高=常见；极低=稀有邂逅。
eco_fire_jiao_adult,离火蛟（生态刷怪）,yaoshou,2,,,,bestiary_v114.json,【生态】离火蛟 于：chaotic_sea/ocean(w2)。摘要：海域蛟龙。。权重高=常见；极低=稀有邂逅。
eco_wind_screech_hawk,风啸鹰（生态刷怪）,yaoshou,2,,,,bestiary_v114.json,【生态】风啸鹰 于：mulan/savanna(w20)。摘要：驯养放哨侦察。。权重高=常见；极低=稀有邂逅。
eco_sky_tiger_beast,天虎兽（生态刷怪）,yaoshou,2,,,,bestiary_v114.json,【生态】天虎兽 于：mulan/savanna(w1)。摘要：土风法术瞬移。。权重高=常见；极低=稀有邂逅。
eco_ice_soul_serpent,冰魄蛇（生态刷怪）,yaoshou,2,,,,bestiary_v114.json,【生态】冰魄蛇 于：dajin/mountain(w5)。摘要：冰冻毒。。权重高=常见；极低=稀有邂逅。
eco_earth_armor_dragon,土甲龙（生态刷怪）,yaoshou,2,,,,bestiary_v114.json,【生态】土甲龙 于：dajin/mountain(w3)。摘要：寻宝天赋。。权重高=常见；极低=稀有邂逅。
eco_soul_weep_beast,泣魂兽（生态刷怪）,yaoshou,2,,,,bestiary_v114.json,【生态】泣魂兽 于：nether_river/yin(w20)。摘要：冥河阴兽，啼哭可乱人心神，常伴尸气。。权重高=常见；极低=稀有邂逅。
eco_gold_body_moon_corpse,金身月尸（生态刷怪）,yaoshou,2,,,,bestiary_v114.json,【生态】金身月尸 于：nether_river/yin(w2)。摘要：人界顶阶炼尸，金遁。。权重高=常见；极低=稀有邂逅。
eco_suanni_beast,狻猊兽（生态刷怪）,yaoshou,2,,,,bestiary_v114.json,【生态】狻猊兽 于：fallen_demon_valley/None(w6)。摘要：上古兽形。。权重高=常见；极低=稀有邂逅。
eco_phantom_flame_moth,幻焰蛾（生态刷怪）,yaoshou,2,,,,bestiary_v114.json,【生态】幻焰蛾 于：fallen_demon_valley/None(w4)。摘要：堕魔谷群居妖蛾，鳞粉引幻火，遇风则燎原。。权重高=常见；极低=稀有邂逅。
eco_mountain_giant_ape,山岳巨猿（生态刷怪）,yaoshou,2,,,,bestiary_v114.json,【生态】山岳巨猿 于：tianyuan/wild_land(w12)。摘要：力大无穷，可化形前兆。。权重高=常见；极低=稀有邂逅。
eco_void_mantis,虚空螳螂（生态刷怪）,yaoshou,2,,,,bestiary_v114.json,【生态】虚空螳螂 于：tianyuan/wild_land(w3); diyuan/rift(w10)。摘要：灵界虫族，前肢如刃。。权重高=常见；极低=稀有邂逅
eco_shape_shift_trial_beast,化形试炼兽（生态刷怪）,yaoshou,2,,,,bestiary_v114.json,【生态】化形试炼兽 于：tianyuan/wild_land(w5)。摘要：七级渡劫化形模板。。权重高=常见；极低=稀有邂逅。
eco_four_ear_gold_ape,四耳金猿（生态刷怪）,yaoshou,2,,,,bestiary_v114.json,【生态】四耳金猿 于：diyuan/rift(w4)。摘要：金黄巨猴凶恶。。权重高=常见；极低=稀有邂逅。
eco_gold_devour_beetle,噬金虫（生态刷怪）,yaoshou,2,,,,bestiary_v114.json,【生态】噬金虫 于：spirit_fengyuan/plains(w15)。摘要：啃噬五金法宝灵光，群居奇虫。。权重高=常见；极低=稀有邂逅。
eco_wind_split_beast,裂风兽（生态刷怪）,yaoshou,2,,,,bestiary_v114.json,【生态】裂风兽 于：spirit_fengyuan/plains(w6)。摘要：妖王级，学人族技术。。权重高=常见；极低=稀有邂逅。
region_eco_tiannan,区域生态·tiannan,humanoid_other,0,,,,bestiary_v114.json,"【区域生态】tiannan：子表2，兽种约5。green_vine_demon, ink_flood_dragon, mystic_water_turtle, "
region_eco_chaotic_sea,区域生态·chaotic_sea,humanoid_other,0,,,,bestiary_v114.json,"【区域生态】chaotic_sea：子表3，兽种约2。baby_carp_demon, fire_jiao_adult。"
region_eco_mulan,区域生态·mulan,humanoid_other,0,,,,bestiary_v114.json,"【区域生态】mulan：子表2，兽种约2。sky_tiger_beast, wind_screech_hawk。"
region_eco_dajin,区域生态·dajin,humanoid_other,0,,,,bestiary_v114.json,"【区域生态】dajin：子表1，兽种约2。earth_armor_dragon, ice_soul_serpent。"
region_eco_nether_river,区域生态·nether_river,humanoid_other,0,,,,bestiary_v114.json,"【区域生态】nether_river：子表1，兽种约2。gold_body_moon_corpse, soul_weep_beast。"
region_eco_fallen_demon_valley,区域生态·fallen_demon_valley,humanoid_other,0,,,,bestiary_v114.json,"【区域生态】fallen_demon_valley：子表1，兽种约2。phantom_flame_moth, suanni_beast。"
region_eco_blood_forbidden,区域生态·blood_forbidden,humanoid_other,0,,,,bestiary_v114.json,【区域生态】blood_forbidden：子表1，兽种约0。。
region_eco_kunwu,区域生态·kunwu,humanoid_other,0,,,,bestiary_v114.json,【区域生态】kunwu：子表1，兽种约0。。
region_eco_mulan_border,区域生态·mulan_border,humanoid_other,0,,,,bestiary_v114.json,【区域生态】mulan_border：子表1，兽种约0。。
region_eco_tianyuan,区域生态·tianyuan,humanoid_other,0,,,,bestiary_v114.json,"【区域生态】tianyuan：子表2，兽种约3。mountain_giant_ape, shape_shift_trial_beast, void_mantis"
region_eco_diyuan,区域生态·diyuan,humanoid_other,0,,,,bestiary_v114.json,"【区域生态】diyuan：子表1，兽种约2。four_ear_gold_ape, void_mantis。"
region_eco_spirit_fengyuan,区域生态·spirit_fengyuan,humanoid_other,0,,,,bestiary_v114.json,"【区域生态】spirit_fengyuan：子表1，兽种约2。gold_devour_beetle, wind_split_beast。"
sect_patrol_huangfeng_valley,黄枫谷山门巡卫（结构）,humanoid_other,3,,,,bestiary_v114.json,【宗门巡卫】黄枫谷，正道。负声望盘查/驱逐/追杀。非野刷种。
sect_patrol_yanyue_sect,掩月宗山门巡卫（结构）,humanoid_other,3,,,,bestiary_v114.json,【宗门巡卫】掩月宗，正道。负声望盘查/驱逐/追杀。非野刷种。
sect_patrol_spirit_beast_mountain,灵兽山山门巡卫（结构）,humanoid_other,3,,,,bestiary_v114.json,【宗门巡卫】灵兽山，正道。负声望盘查/驱逐/追杀。非野刷种。
sect_patrol_qingxu_gate,清虚门山门巡卫（结构）,humanoid_other,3,,,,bestiary_v114.json,【宗门巡卫】清虚门，正道。负声望盘查/驱逐/追杀。非野刷种。
sect_patrol_huadao_wu,化刀坞山门巡卫（结构）,humanoid_other,3,,,,bestiary_v114.json,【宗门巡卫】化刀坞，正道。负声望盘查/驱逐/追杀。非野刷种。
sect_patrol_tianque_fort,天阙堡山门巡卫（结构）,humanoid_other,3,,,,bestiary_v114.json,【宗门巡卫】天阙堡，正道。负声望盘查/驱逐/追杀。非野刷种。
sect_patrol_giant_sword_gate,巨剑门山门巡卫（结构）,humanoid_other,3,,,,bestiary_v114.json,【宗门巡卫】巨剑门，正道。负声望盘查/驱逐/追杀。非野刷种。
sect_patrol_qixuan_men,七玄门山门巡卫（结构）,humanoid_other,3,,,,bestiary_v114.json,【宗门巡卫】七玄门，中立。负声望盘查/驱逐/追杀。非野刷种。
sect_patrol_ghost_spirit_gate,鬼灵门山门巡卫（结构）,humanoid_other,3,,,,bestiary_v114.json,【宗门巡卫】鬼灵门，魔道。负声望盘查/驱逐/追杀。非野刷种。
sect_patrol_hehuan_sect,合欢宗山门巡卫（结构）,humanoid_other,3,,,,bestiary_v114.json,【宗门巡卫】合欢宗，魔道。负声望盘查/驱逐/追杀。非野刷种。
sect_patrol_moyan_gate,魔焰门山门巡卫（结构）,humanoid_other,3,,,,bestiary_v114.json,【宗门巡卫】魔焰门，魔道。负声望盘查/驱逐/追杀。非野刷种。
sect_patrol_tiansha_sect,天煞宗山门巡卫（结构）,humanoid_other,3,,,,bestiary_v114.json,【宗门巡卫】天煞宗，魔道。负声望盘查/驱逐/追杀。非野刷种。
sect_patrol_yuling_sect,御灵宗山门巡卫（结构）,humanoid_other,3,,,,bestiary_v114.json,【宗门巡卫】御灵宗，魔道。负声望盘查/驱逐/追杀。非野刷种。
sect_patrol_qianhuan_sect,千幻宗山门巡卫（结构）,humanoid_other,3,,,,bestiary_v114.json,【宗门巡卫】千幻宗，魔道。负声望盘查/驱逐/追杀。非野刷种。
sect_patrol_luoyun_sect,落云宗山门巡卫（结构）,humanoid_other,3,,,,bestiary_v114.json,【宗门巡卫】落云宗，正道。负声望盘查/驱逐/追杀。非野刷种。
sect_patrol_star_palace,星宫山门巡卫（结构）,humanoid_other,3,,,,bestiary_v114.json,【宗门巡卫】星宫，lawful。负声望盘查/驱逐/追杀。非野刷种。
sect_patrol_inverse_star_alliance,逆星盟山门巡卫（结构）,humanoid_other,3,,,,bestiary_v114.json,【宗门巡卫】逆星盟，rebel。负声望盘查/驱逐/追杀。非野刷种。
sect_patrol_qianzhu_teach,千竹教山门巡卫（结构）,humanoid_other,3,,,,bestiary_v114.json,【宗门巡卫】千竹教，中立。负声望盘查/驱逐/追杀。非野刷种。
sect_patrol_mulan_fashi_council,慕兰神师府山门巡卫（结构）,humanoid_other,3,,,,bestiary_v114.json,【宗门巡卫】慕兰神师府，tribal_faith。负声望盘查/驱逐/追杀。非野刷种。
sect_patrol_tianlan_temple,天澜圣殿山门巡卫（结构）,humanoid_other,3,,,,bestiary_v114.json,【宗门巡卫】天澜圣殿，tribal_faith。负声望盘查/驱逐/追杀。非野刷种。
sect_patrol_qianzhu_sect,千竹教山门巡卫（结构）,humanoid_other,3,,,,bestiary_v114.json,【宗门巡卫】千竹教，正道。负声望盘查/驱逐/追杀。非野刷种。
sect_patrol_yuling_sect_secret,御灵宗山门巡卫（结构）,humanoid_other,3,,,,bestiary_v114.json,【宗门巡卫】御灵宗，中立。负声望盘查/驱逐/追杀。非野刷种。
sect_patrol_guiling_gate,鬼灵门山门巡卫（结构）,humanoid_other,3,,,,bestiary_v114.json,【宗门巡卫】鬼灵门，魔道。负声望盘查/驱逐/追杀。非野刷种。
sect_patrol_tianmo_sect,天魔宗山门巡卫（结构）,humanoid_other,3,,,,bestiary_v114.json,【宗门巡卫】天魔宗，魔道。负声望盘查/驱逐/追杀。非野刷种。
sect_patrol_qingluo_sect,青罗宗山门巡卫（结构）,humanoid_other,3,,,,bestiary_v114.json,【宗门巡卫】青罗宗，魔道。负声望盘查/驱逐/追杀。非野刷种。
sect_patrol_wanhu_sect,万狐宗山门巡卫（结构）,humanoid_other,3,,,,bestiary_v114.json,【宗门巡卫】万狐宗，魔道。负声望盘查/驱逐/追杀。非野刷种。
sect_patrol_xuewu_sect,血巫教山门巡卫（结构）,humanoid_other,3,,,,bestiary_v114.json,【宗门巡卫】血巫教，魔道。负声望盘查/驱逐/追杀。非野刷种。
sect_patrol_dajin_buddhist_temple_line,大晋佛寺一脉山门巡卫（结构）,humanoid_other,3,,,,bestiary_v114.json,【宗门巡卫】大晋佛寺一脉，neutral_righteous。负声望盘查/驱逐/追杀。非野刷种。
eco_rule_weight_zero,规则·零权重真灵,zhenling,0,,,,bestiary_v114.json,真灵不进常规 weights 或 weight=0。
eco_rule_overhunt,规则·过度狩猎,humanoid_other,0,,,,bestiary_v114.json,连猎稀有种降 weight、升仇敌事件。
quest_hook_spirit,任务钩灵（结构）,humanoid_other,0,,,,bestiary_v114.json,指向 quest_sect_guide_v114。
trib_spirit_minor_soul_trial,元婴小劫具象（结构）,zhenling,8,,,,bestiary_v115.json,渡劫实例专属。波次3。非野刷。
trib_spirit_heart_demon_or_thunder,化神心魔/雷劫具象（结构）,zhenling,8,,,,bestiary_v115.json,渡劫实例专属。波次5。非野刷。
trib_spirit_void_thunder,炼虚雷劫具象（结构）,zhenling,8,,,,bestiary_v115.json,渡劫实例专属。波次9。非野刷。
trib_spirit_body_soul_dual,合体双劫具象（结构）,zhenling,8,,,,bestiary_v115.json,渡劫实例专属。波次12。非野刷。
trib_spirit_great_ascension_thunder,大乘天劫具象（结构）,zhenling,8,,,,bestiary_v115.json,渡劫实例专属。波次18。非野刷。
trib_spirit_final_ascension,飞升仙劫具象（结构）,zhenling,8,,,,bestiary_v115.json,渡劫实例专属。波次27。非野刷。
trib_spirit_beast_shape_shift_minor,妖兽化形小劫具象（结构）,zhenling,8,,,,bestiary_v115.json,渡劫实例专属。波次3。非野刷。
faction_envoy_huangfeng_valley,黄枫谷使者（结构）,humanoid_other,2,,,,bestiary_v115.json,势力信使。alchemy_strong。非野刷。
faction_envoy_yanyue_sect,掩月宗使者（结构）,humanoid_other,2,,,,bestiary_v115.json,势力信使。illusion_array。非野刷。
faction_envoy_spirit_beast_mountain,灵兽山使者（结构）,humanoid_other,2,,,,bestiary_v115.json,势力信使。beast_tamer。非野刷。
faction_envoy_qingxu_gate,清虚门使者（结构）,humanoid_other,2,,,,bestiary_v115.json,势力信使。talisman_specialist。非野刷。
faction_envoy_huadao_wu,化刀坞使者（结构）,humanoid_other,2,,,,bestiary_v115.json,势力信使。None。非野刷。
faction_envoy_tianque_fort,天阙堡使者（结构）,humanoid_other,2,,,,bestiary_v115.json,势力信使。None。非野刷。
faction_envoy_giant_sword_gate,巨剑门使者（结构）,humanoid_other,2,,,,bestiary_v115.json,势力信使。None。非野刷。
faction_envoy_qixuan_men,七玄门使者（结构）,humanoid_other,2,,,,bestiary_v115.json,势力信使。None。非野刷。
faction_envoy_ghost_spirit_gate,鬼灵门使者（结构）,humanoid_other,2,,,,bestiary_v115.json,势力信使。None。非野刷。
faction_envoy_hehuan_sect,合欢宗使者（结构）,humanoid_other,2,,,,bestiary_v115.json,势力信使。None。非野刷。
faction_envoy_moyan_gate,魔焰门使者（结构）,humanoid_other,2,,,,bestiary_v115.json,势力信使。None。非野刷。
faction_envoy_tiansha_sect,天煞宗使者（结构）,humanoid_other,2,,,,bestiary_v115.json,势力信使。None。非野刷。
faction_envoy_yuling_sect,御灵宗使者（结构）,humanoid_other,2,,,,bestiary_v115.json,势力信使。None。非野刷。
faction_envoy_qianhuan_sect,千幻宗使者（结构）,humanoid_other,2,,,,bestiary_v115.json,势力信使。None。非野刷。
faction_envoy_luoyun_sect,落云宗使者（结构）,humanoid_other,2,,,,bestiary_v115.json,势力信使。None。非野刷。
faction_envoy_star_palace,星宫使者（结构）,humanoid_other,2,,,,bestiary_v115.json,势力信使。order_maintainer。非野刷。
faction_envoy_inverse_star_alliance,逆星盟使者（结构）,humanoid_other,2,,,,bestiary_v115.json,势力信使。rebel_faction。非野刷。
faction_envoy_qianzhu_teach,千竹教使者（结构）,humanoid_other,2,,,,bestiary_v115.json,势力信使。None。非野刷。
faction_envoy_mulan_fashi_council,慕兰神师府使者（结构）,humanoid_other,2,,,,bestiary_v115.json,势力信使。None。非野刷。
faction_envoy_tianlan_temple,天澜圣殿使者（结构）,humanoid_other,2,,,,bestiary_v115.json,势力信使。holy_beast_cult。非野刷。
encounter_blood_forbidden,遭遇·blood_forbidden,humanoid_other,5,,,,bestiary_v115.json,【遭遇包】血色妖兽潮+夺名额。
encounter_void_palace,遭遇·void_palace,humanoid_other,5,,,,bestiary_v115.json,【遭遇包】虚天殿卫+夺宝。
encounter_chaotic_sea,遭遇·chaotic_sea,humanoid_other,5,,,,bestiary_v115.json,【遭遇包】海兽+星宫+劫修。
encounter_diyuan,遭遇·diyuan,humanoid_other,5,,,,bestiary_v115.json,【遭遇包】地渊虫+夺宝。
encounter_spirit_border,遭遇·spirit_border,humanoid_other,5,,,,bestiary_v115.json,【遭遇包】灵界边高压+本地妖。
figure_echo_dayan_sage,大衍神君影（结构）,humanoid_other,0,,,,bestiary_v115.json,纪年人物残影。创千竹教傀儡术。
figure_echo_seal_saints,封魔诸圣影（结构）,humanoid_other,0,,,,bestiary_v115.json,纪年人物残影。集体封印，无单一主角。
figure_echo_nine_nation_alliance,九国盟影（结构）,humanoid_other,0,,,,bestiary_v115.json,纪年人物残影。抗魔联盟。
figure_echo_qixuan_men,七玄门影（结构）,humanoid_other,0,,,,bestiary_v115.json,纪年人物残影。新手江湖门派。
figure_echo_player,入道者（玩家）影（结构）,humanoid_other,0,,,,bestiary_v115.json,纪年人物残影。创角默认年。
spirit_root_tester_npc,测灵根执事,humanoid_other,0,,,,bestiary_v115.json,开局测灵。
lifespan_reaper_echo,寿元将尽残响,shi_gui,0,,,,bestiary_v115.json,寿元叙事。
v115_scribe,v115司书,humanoid_other,0,,,,bestiary_v115.json,timeline_guide_v115。
npc_huangfeng_valley_sect_master,黄枫谷·掌门/代掌,humanoid_other,3,,tiannan,False,bestiary_v116.json,【具名NPC】黄枫谷·掌门/代掌。宗门：黄枫谷（huangfeng_valley）。域：tiannan。立场：righteous。职司：掌门/代掌。最高决策，剧
npc_huangfeng_valley_great_elder,黄枫谷·大长老,humanoid_other,1,,tiannan,False,bestiary_v116.json,【具名NPC】黄枫谷·大长老。宗门：黄枫谷（huangfeng_valley）。域：tiannan。立场：righteous。职司：大长老。执法与资源分配，贡献
npc_huangfeng_valley_alchemy_elder,黄枫谷·丹堂执事,humanoid_other,1,,tiannan,False,bestiary_v116.json,【具名NPC】黄枫谷·丹堂执事。宗门：黄枫谷（huangfeng_valley）。域：tiannan。立场：righteous。职司：丹堂执事。丹方、地火房、筑
npc_huangfeng_valley_outer_deacon,黄枫谷·外门执事,humanoid_other,1,,tiannan,False,bestiary_v116.json,【具名NPC】黄枫谷·外门执事。宗门：黄枫谷（huangfeng_valley）。域：tiannan。立场：righteous。职司：外门执事。入门、七脉、日常
npc_huangfeng_valley_patrol_captain,黄枫谷·巡卫队长,humanoid_other,3,,tiannan,False,bestiary_v116.json,【具名NPC】黄枫谷·巡卫队长。宗门：黄枫谷（huangfeng_valley）。域：tiannan。立场：righteous。职司：巡卫队长。山门盘查、负声望
npc_yanyue_sect_sect_master,掩月宗·掌门/代掌,humanoid_other,3,,tiannan,False,bestiary_v116.json,【具名NPC】掩月宗·掌门/代掌。宗门：掩月宗（yanyue_sect）。域：tiannan。立场：righteous。职司：掌门/代掌。最高决策，剧情罕见现身
npc_yanyue_sect_great_elder,掩月宗·大长老,humanoid_other,1,,tiannan,False,bestiary_v116.json,【具名NPC】掩月宗·大长老。宗门：掩月宗（yanyue_sect）。域：tiannan。立场：righteous。职司：大长老。执法与资源分配，贡献兑换终审。
npc_yanyue_sect_alchemy_elder,掩月宗·丹堂执事,humanoid_other,1,,tiannan,False,bestiary_v116.json,【具名NPC】掩月宗·丹堂执事。宗门：掩月宗（yanyue_sect）。域：tiannan。立场：righteous。职司：丹堂执事。丹方、地火房、筑基丹配额相
npc_yanyue_sect_outer_deacon,掩月宗·外门执事,humanoid_other,1,,tiannan,False,bestiary_v116.json,【具名NPC】掩月宗·外门执事。宗门：掩月宗（yanyue_sect）。域：tiannan。立场：righteous。职司：外门执事。入门、七脉、日常任务发放。
npc_yanyue_sect_patrol_captain,掩月宗·巡卫队长,humanoid_other,3,,tiannan,False,bestiary_v116.json,【具名NPC】掩月宗·巡卫队长。宗门：掩月宗（yanyue_sect）。域：tiannan。立场：righteous。职司：巡卫队长。山门盘查、负声望驱逐。宗门
npc_spirit_beast_mountain_sect_master,灵兽山·掌门/代掌,humanoid_other,3,,tiannan,False,bestiary_v116.json,【具名NPC】灵兽山·掌门/代掌。宗门：灵兽山（spirit_beast_mountain）。域：tiannan。立场：righteous。职司：掌门/代掌。最
npc_spirit_beast_mountain_great_elder,灵兽山·大长老,humanoid_other,1,,tiannan,False,bestiary_v116.json,【具名NPC】灵兽山·大长老。宗门：灵兽山（spirit_beast_mountain）。域：tiannan。立场：righteous。职司：大长老。执法与资源
npc_spirit_beast_mountain_alchemy_elder,灵兽山·丹堂执事,humanoid_other,1,,tiannan,False,bestiary_v116.json,【具名NPC】灵兽山·丹堂执事。宗门：灵兽山（spirit_beast_mountain）。域：tiannan。立场：righteous。职司：丹堂执事。丹方、
npc_spirit_beast_mountain_outer_deacon,灵兽山·外门执事,humanoid_other,1,,tiannan,False,bestiary_v116.json,【具名NPC】灵兽山·外门执事。宗门：灵兽山（spirit_beast_mountain）。域：tiannan。立场：righteous。职司：外门执事。入门、
npc_spirit_beast_mountain_patrol_captain,灵兽山·巡卫队长,humanoid_other,3,,tiannan,False,bestiary_v116.json,【具名NPC】灵兽山·巡卫队长。宗门：灵兽山（spirit_beast_mountain）。域：tiannan。立场：righteous。职司：巡卫队长。山门盘
npc_qingxu_gate_sect_master,清虚门·掌门/代掌,humanoid_other,3,,tiannan,False,bestiary_v116.json,【具名NPC】清虚门·掌门/代掌。宗门：清虚门（qingxu_gate）。域：tiannan。立场：righteous。职司：掌门/代掌。最高决策，剧情罕见现身
npc_qingxu_gate_great_elder,清虚门·大长老,humanoid_other,1,,tiannan,False,bestiary_v116.json,【具名NPC】清虚门·大长老。宗门：清虚门（qingxu_gate）。域：tiannan。立场：righteous。职司：大长老。执法与资源分配，贡献兑换终审。
npc_qingxu_gate_alchemy_elder,清虚门·丹堂执事,humanoid_other,1,,tiannan,False,bestiary_v116.json,【具名NPC】清虚门·丹堂执事。宗门：清虚门（qingxu_gate）。域：tiannan。立场：righteous。职司：丹堂执事。丹方、地火房、筑基丹配额相
npc_qingxu_gate_outer_deacon,清虚门·外门执事,humanoid_other,1,,tiannan,False,bestiary_v116.json,【具名NPC】清虚门·外门执事。宗门：清虚门（qingxu_gate）。域：tiannan。立场：righteous。职司：外门执事。入门、七脉、日常任务发放。
npc_qingxu_gate_patrol_captain,清虚门·巡卫队长,humanoid_other,3,,tiannan,False,bestiary_v116.json,【具名NPC】清虚门·巡卫队长。宗门：清虚门（qingxu_gate）。域：tiannan。立场：righteous。职司：巡卫队长。山门盘查、负声望驱逐。宗门
npc_huadao_wu_sect_master,化刀坞·掌门/代掌,humanoid_other,3,,tiannan,False,bestiary_v116.json,【具名NPC】化刀坞·掌门/代掌。宗门：化刀坞（huadao_wu）。域：tiannan。立场：righteous。职司：掌门/代掌。最高决策，剧情罕见现身，声
npc_huadao_wu_great_elder,化刀坞·大长老,humanoid_other,1,,tiannan,False,bestiary_v116.json,【具名NPC】化刀坞·大长老。宗门：化刀坞（huadao_wu）。域：tiannan。立场：righteous。职司：大长老。执法与资源分配，贡献兑换终审。宗门
npc_huadao_wu_alchemy_elder,化刀坞·丹堂执事,humanoid_other,1,,tiannan,False,bestiary_v116.json,【具名NPC】化刀坞·丹堂执事。宗门：化刀坞（huadao_wu）。域：tiannan。立场：righteous。职司：丹堂执事。丹方、地火房、筑基丹配额相关。
npc_huadao_wu_outer_deacon,化刀坞·外门执事,humanoid_other,1,,tiannan,False,bestiary_v116.json,【具名NPC】化刀坞·外门执事。宗门：化刀坞（huadao_wu）。域：tiannan。立场：righteous。职司：外门执事。入门、七脉、日常任务发放。宗门
npc_huadao_wu_patrol_captain,化刀坞·巡卫队长,humanoid_other,3,,tiannan,False,bestiary_v116.json,【具名NPC】化刀坞·巡卫队长。宗门：化刀坞（huadao_wu）。域：tiannan。立场：righteous。职司：巡卫队长。山门盘查、负声望驱逐。宗门特长
npc_tianque_fort_sect_master,天阙堡·掌门/代掌,humanoid_other,3,,tiannan,False,bestiary_v116.json,【具名NPC】天阙堡·掌门/代掌。宗门：天阙堡（tianque_fort）。域：tiannan。立场：righteous。职司：掌门/代掌。最高决策，剧情罕见现
npc_tianque_fort_great_elder,天阙堡·大长老,humanoid_other,1,,tiannan,False,bestiary_v116.json,【具名NPC】天阙堡·大长老。宗门：天阙堡（tianque_fort）。域：tiannan。立场：righteous。职司：大长老。执法与资源分配，贡献兑换终审
npc_tianque_fort_alchemy_elder,天阙堡·丹堂执事,humanoid_other,1,,tiannan,False,bestiary_v116.json,【具名NPC】天阙堡·丹堂执事。宗门：天阙堡（tianque_fort）。域：tiannan。立场：righteous。职司：丹堂执事。丹方、地火房、筑基丹配额
npc_tianque_fort_outer_deacon,天阙堡·外门执事,humanoid_other,1,,tiannan,False,bestiary_v116.json,【具名NPC】天阙堡·外门执事。宗门：天阙堡（tianque_fort）。域：tiannan。立场：righteous。职司：外门执事。入门、七脉、日常任务发放
npc_tianque_fort_patrol_captain,天阙堡·巡卫队长,humanoid_other,3,,tiannan,False,bestiary_v116.json,【具名NPC】天阙堡·巡卫队长。宗门：天阙堡（tianque_fort）。域：tiannan。立场：righteous。职司：巡卫队长。山门盘查、负声望驱逐。宗
npc_giant_sword_gate_sect_master,巨剑门·掌门/代掌,humanoid_other,3,,tiannan,False,bestiary_v116.json,【具名NPC】巨剑门·掌门/代掌。宗门：巨剑门（giant_sword_gate）。域：tiannan。立场：righteous。职司：掌门/代掌。最高决策，剧
npc_giant_sword_gate_great_elder,巨剑门·大长老,humanoid_other,1,,tiannan,False,bestiary_v116.json,【具名NPC】巨剑门·大长老。宗门：巨剑门（giant_sword_gate）。域：tiannan。立场：righteous。职司：大长老。执法与资源分配，贡献
npc_giant_sword_gate_alchemy_elder,巨剑门·丹堂执事,humanoid_other,1,,tiannan,False,bestiary_v116.json,【具名NPC】巨剑门·丹堂执事。宗门：巨剑门（giant_sword_gate）。域：tiannan。立场：righteous。职司：丹堂执事。丹方、地火房、筑
npc_giant_sword_gate_outer_deacon,巨剑门·外门执事,humanoid_other,1,,tiannan,False,bestiary_v116.json,【具名NPC】巨剑门·外门执事。宗门：巨剑门（giant_sword_gate）。域：tiannan。立场：righteous。职司：外门执事。入门、七脉、日常
npc_giant_sword_gate_patrol_captain,巨剑门·巡卫队长,humanoid_other,3,,tiannan,False,bestiary_v116.json,【具名NPC】巨剑门·巡卫队长。宗门：巨剑门（giant_sword_gate）。域：tiannan。立场：righteous。职司：巡卫队长。山门盘查、负声望
npc_qixuan_men_sect_master,七玄门·掌门/代掌,humanoid_other,3,,tiannan,False,bestiary_v116.json,【具名NPC】七玄门·掌门/代掌。宗门：七玄门（qixuan_men）。域：tiannan。立场：neutral。职司：掌门/代掌。最高决策，剧情罕见现身，声望
npc_qixuan_men_great_elder,七玄门·大长老,humanoid_other,1,,tiannan,False,bestiary_v116.json,【具名NPC】七玄门·大长老。宗门：七玄门（qixuan_men）。域：tiannan。立场：neutral。职司：大长老。执法与资源分配，贡献兑换终审。宗门特
npc_qixuan_men_alchemy_elder,七玄门·丹堂执事,humanoid_other,1,,tiannan,False,bestiary_v116.json,【具名NPC】七玄门·丹堂执事。宗门：七玄门（qixuan_men）。域：tiannan。立场：neutral。职司：丹堂执事。丹方、地火房、筑基丹配额相关。宗
npc_qixuan_men_outer_deacon,七玄门·外门执事,humanoid_other,1,,tiannan,False,bestiary_v116.json,【具名NPC】七玄门·外门执事。宗门：七玄门（qixuan_men）。域：tiannan。立场：neutral。职司：外门执事。入门、七脉、日常任务发放。宗门特
npc_qixuan_men_patrol_captain,七玄门·巡卫队长,humanoid_other,3,,tiannan,False,bestiary_v116.json,【具名NPC】七玄门·巡卫队长。宗门：七玄门（qixuan_men）。域：tiannan。立场：neutral。职司：巡卫队长。山门盘查、负声望驱逐。宗门特长：
npc_ghost_spirit_gate_sect_master,鬼灵门·掌门/代掌,humanoid_other,3,,tiannan,False,bestiary_v116.json,【具名NPC】鬼灵门·掌门/代掌。宗门：鬼灵门（ghost_spirit_gate）。域：tiannan。立场：demonic。职司：掌门/代掌。最高决策，剧情
npc_ghost_spirit_gate_great_elder,鬼灵门·大长老,humanoid_other,1,,tiannan,False,bestiary_v116.json,【具名NPC】鬼灵门·大长老。宗门：鬼灵门（ghost_spirit_gate）。域：tiannan。立场：demonic。职司：大长老。执法与资源分配，贡献兑
npc_ghost_spirit_gate_alchemy_elder,鬼灵门·丹堂执事,humanoid_other,1,,tiannan,False,bestiary_v116.json,【具名NPC】鬼灵门·丹堂执事。宗门：鬼灵门（ghost_spirit_gate）。域：tiannan。立场：demonic。职司：丹堂执事。丹方、地火房、筑基
npc_ghost_spirit_gate_outer_deacon,鬼灵门·外门执事,humanoid_other,1,,tiannan,False,bestiary_v116.json,【具名NPC】鬼灵门·外门执事。宗门：鬼灵门（ghost_spirit_gate）。域：tiannan。立场：demonic。职司：外门执事。入门、七脉、日常任
npc_ghost_spirit_gate_patrol_captain,鬼灵门·巡卫队长,humanoid_other,3,,tiannan,False,bestiary_v116.json,【具名NPC】鬼灵门·巡卫队长。宗门：鬼灵门（ghost_spirit_gate）。域：tiannan。立场：demonic。职司：巡卫队长。山门盘查、负声望驱
npc_hehuan_sect_sect_master,合欢宗·掌门/代掌,humanoid_other,3,,tiannan,False,bestiary_v116.json,【具名NPC】合欢宗·掌门/代掌。宗门：合欢宗（hehuan_sect）。域：tiannan。立场：demonic。职司：掌门/代掌。最高决策，剧情罕见现身，声
npc_hehuan_sect_great_elder,合欢宗·大长老,humanoid_other,1,,tiannan,False,bestiary_v116.json,【具名NPC】合欢宗·大长老。宗门：合欢宗（hehuan_sect）。域：tiannan。立场：demonic。职司：大长老。执法与资源分配，贡献兑换终审。宗门
npc_hehuan_sect_alchemy_elder,合欢宗·丹堂执事,humanoid_other,1,,tiannan,False,bestiary_v116.json,【具名NPC】合欢宗·丹堂执事。宗门：合欢宗（hehuan_sect）。域：tiannan。立场：demonic。职司：丹堂执事。丹方、地火房、筑基丹配额相关。
npc_hehuan_sect_outer_deacon,合欢宗·外门执事,humanoid_other,1,,tiannan,False,bestiary_v116.json,【具名NPC】合欢宗·外门执事。宗门：合欢宗（hehuan_sect）。域：tiannan。立场：demonic。职司：外门执事。入门、七脉、日常任务发放。宗门
npc_hehuan_sect_patrol_captain,合欢宗·巡卫队长,humanoid_other,3,,tiannan,False,bestiary_v116.json,【具名NPC】合欢宗·巡卫队长。宗门：合欢宗（hehuan_sect）。域：tiannan。立场：demonic。职司：巡卫队长。山门盘查、负声望驱逐。宗门特长
npc_moyan_gate_sect_master,魔焰门·掌门/代掌,humanoid_other,3,,tiannan,False,bestiary_v116.json,【具名NPC】魔焰门·掌门/代掌。宗门：魔焰门（moyan_gate）。域：tiannan。立场：demonic。职司：掌门/代掌。最高决策，剧情罕见现身，声望
npc_moyan_gate_great_elder,魔焰门·大长老,humanoid_other,1,,tiannan,False,bestiary_v116.json,【具名NPC】魔焰门·大长老。宗门：魔焰门（moyan_gate）。域：tiannan。立场：demonic。职司：大长老。执法与资源分配，贡献兑换终审。宗门特
npc_moyan_gate_alchemy_elder,魔焰门·丹堂执事,humanoid_other,1,,tiannan,False,bestiary_v116.json,【具名NPC】魔焰门·丹堂执事。宗门：魔焰门（moyan_gate）。域：tiannan。立场：demonic。职司：丹堂执事。丹方、地火房、筑基丹配额相关。宗
npc_moyan_gate_outer_deacon,魔焰门·外门执事,humanoid_other,1,,tiannan,False,bestiary_v116.json,【具名NPC】魔焰门·外门执事。宗门：魔焰门（moyan_gate）。域：tiannan。立场：demonic。职司：外门执事。入门、七脉、日常任务发放。宗门特
npc_moyan_gate_patrol_captain,魔焰门·巡卫队长,humanoid_other,3,,tiannan,False,bestiary_v116.json,【具名NPC】魔焰门·巡卫队长。宗门：魔焰门（moyan_gate）。域：tiannan。立场：demonic。职司：巡卫队长。山门盘查、负声望驱逐。宗门特长：
npc_tiansha_sect_sect_master,天煞宗·掌门/代掌,humanoid_other,3,,tiannan,False,bestiary_v116.json,【具名NPC】天煞宗·掌门/代掌。宗门：天煞宗（tiansha_sect）。域：tiannan。立场：demonic。职司：掌门/代掌。最高决策，剧情罕见现身，
npc_tiansha_sect_great_elder,天煞宗·大长老,humanoid_other,1,,tiannan,False,bestiary_v116.json,【具名NPC】天煞宗·大长老。宗门：天煞宗（tiansha_sect）。域：tiannan。立场：demonic。职司：大长老。执法与资源分配，贡献兑换终审。宗
npc_tiansha_sect_alchemy_elder,天煞宗·丹堂执事,humanoid_other,1,,tiannan,False,bestiary_v116.json,【具名NPC】天煞宗·丹堂执事。宗门：天煞宗（tiansha_sect）。域：tiannan。立场：demonic。职司：丹堂执事。丹方、地火房、筑基丹配额相关
npc_tiansha_sect_outer_deacon,天煞宗·外门执事,humanoid_other,1,,tiannan,False,bestiary_v116.json,【具名NPC】天煞宗·外门执事。宗门：天煞宗（tiansha_sect）。域：tiannan。立场：demonic。职司：外门执事。入门、七脉、日常任务发放。宗
npc_tiansha_sect_patrol_captain,天煞宗·巡卫队长,humanoid_other,3,,tiannan,False,bestiary_v116.json,【具名NPC】天煞宗·巡卫队长。宗门：天煞宗（tiansha_sect）。域：tiannan。立场：demonic。职司：巡卫队长。山门盘查、负声望驱逐。宗门特
npc_yuling_sect_sect_master,御灵宗·掌门/代掌,humanoid_other,3,,tiannan,False,bestiary_v116.json,【具名NPC】御灵宗·掌门/代掌。宗门：御灵宗（yuling_sect）。域：tiannan。立场：demonic。职司：掌门/代掌。最高决策，剧情罕见现身，声
npc_yuling_sect_great_elder,御灵宗·大长老,humanoid_other,1,,tiannan,False,bestiary_v116.json,【具名NPC】御灵宗·大长老。宗门：御灵宗（yuling_sect）。域：tiannan。立场：demonic。职司：大长老。执法与资源分配，贡献兑换终审。宗门
npc_yuling_sect_alchemy_elder,御灵宗·丹堂执事,humanoid_other,1,,tiannan,False,bestiary_v116.json,【具名NPC】御灵宗·丹堂执事。宗门：御灵宗（yuling_sect）。域：tiannan。立场：demonic。职司：丹堂执事。丹方、地火房、筑基丹配额相关。
npc_yuling_sect_outer_deacon,御灵宗·外门执事,humanoid_other,1,,tiannan,False,bestiary_v116.json,【具名NPC】御灵宗·外门执事。宗门：御灵宗（yuling_sect）。域：tiannan。立场：demonic。职司：外门执事。入门、七脉、日常任务发放。宗门
npc_yuling_sect_patrol_captain,御灵宗·巡卫队长,humanoid_other,3,,tiannan,False,bestiary_v116.json,【具名NPC】御灵宗·巡卫队长。宗门：御灵宗（yuling_sect）。域：tiannan。立场：demonic。职司：巡卫队长。山门盘查、负声望驱逐。宗门特长
npc_qianhuan_sect_sect_master,千幻宗·掌门/代掌,humanoid_other,3,,tiannan,False,bestiary_v116.json,【具名NPC】千幻宗·掌门/代掌。宗门：千幻宗（qianhuan_sect）。域：tiannan。立场：demonic。职司：掌门/代掌。最高决策，剧情罕见现身
npc_qianhuan_sect_great_elder,千幻宗·大长老,humanoid_other,1,,tiannan,False,bestiary_v116.json,【具名NPC】千幻宗·大长老。宗门：千幻宗（qianhuan_sect）。域：tiannan。立场：demonic。职司：大长老。执法与资源分配，贡献兑换终审。
npc_qianhuan_sect_alchemy_elder,千幻宗·丹堂执事,humanoid_other,1,,tiannan,False,bestiary_v116.json,【具名NPC】千幻宗·丹堂执事。宗门：千幻宗（qianhuan_sect）。域：tiannan。立场：demonic。职司：丹堂执事。丹方、地火房、筑基丹配额相
npc_qianhuan_sect_outer_deacon,千幻宗·外门执事,humanoid_other,1,,tiannan,False,bestiary_v116.json,【具名NPC】千幻宗·外门执事。宗门：千幻宗（qianhuan_sect）。域：tiannan。立场：demonic。职司：外门执事。入门、七脉、日常任务发放。
npc_qianhuan_sect_patrol_captain,千幻宗·巡卫队长,humanoid_other,3,,tiannan,False,bestiary_v116.json,【具名NPC】千幻宗·巡卫队长。宗门：千幻宗（qianhuan_sect）。域：tiannan。立场：demonic。职司：巡卫队长。山门盘查、负声望驱逐。宗门
npc_luoyun_sect_sect_master,落云宗·掌门/代掌,humanoid_other,3,,tiannan,False,bestiary_v116.json,【具名NPC】落云宗·掌门/代掌。宗门：落云宗（luoyun_sect）。域：tiannan。立场：righteous。职司：掌门/代掌。最高决策，剧情罕见现身
npc_luoyun_sect_great_elder,落云宗·大长老,humanoid_other,1,,tiannan,False,bestiary_v116.json,【具名NPC】落云宗·大长老。宗门：落云宗（luoyun_sect）。域：tiannan。立场：righteous。职司：大长老。执法与资源分配，贡献兑换终审。
npc_luoyun_sect_alchemy_elder,落云宗·丹堂执事,humanoid_other,1,,tiannan,False,bestiary_v116.json,【具名NPC】落云宗·丹堂执事。宗门：落云宗（luoyun_sect）。域：tiannan。立场：righteous。职司：丹堂执事。丹方、地火房、筑基丹配额相
npc_luoyun_sect_outer_deacon,落云宗·外门执事,humanoid_other,1,,tiannan,False,bestiary_v116.json,【具名NPC】落云宗·外门执事。宗门：落云宗（luoyun_sect）。域：tiannan。立场：righteous。职司：外门执事。入门、七脉、日常任务发放。
npc_luoyun_sect_patrol_captain,落云宗·巡卫队长,humanoid_other,3,,tiannan,False,bestiary_v116.json,【具名NPC】落云宗·巡卫队长。宗门：落云宗（luoyun_sect）。域：tiannan。立场：righteous。职司：巡卫队长。山门盘查、负声望驱逐。宗门
npc_star_palace_sect_master,星宫·掌门/代掌,humanoid_other,3,,chaotic_sea,False,bestiary_v116.json,【具名NPC】星宫·掌门/代掌。宗门：星宫（star_palace）。域：chaotic_sea。立场：lawful。职司：掌门/代掌。最高决策，剧情罕见现身，
npc_star_palace_great_elder,星宫·大长老,humanoid_other,1,,chaotic_sea,False,bestiary_v116.json,【具名NPC】星宫·大长老。宗门：星宫（star_palace）。域：chaotic_sea。立场：lawful。职司：大长老。执法与资源分配，贡献兑换终审。宗
npc_star_palace_alchemy_elder,星宫·丹堂执事,humanoid_other,1,,chaotic_sea,False,bestiary_v116.json,【具名NPC】星宫·丹堂执事。宗门：星宫（star_palace）。域：chaotic_sea。立场：lawful。职司：丹堂执事。丹方、地火房、筑基丹配额相关
npc_star_palace_outer_deacon,星宫·外门执事,humanoid_other,1,,chaotic_sea,False,bestiary_v116.json,【具名NPC】星宫·外门执事。宗门：星宫（star_palace）。域：chaotic_sea。立场：lawful。职司：外门执事。入门、七脉、日常任务发放。宗
npc_star_palace_patrol_captain,星宫·巡卫队长,humanoid_other,3,,chaotic_sea,False,bestiary_v116.json,【具名NPC】星宫·巡卫队长。宗门：星宫（star_palace）。域：chaotic_sea。立场：lawful。职司：巡卫队长。山门盘查、负声望驱逐。宗门特
npc_inverse_star_alliance_sect_master,逆星盟·掌门/代掌,humanoid_other,3,,chaotic_sea,False,bestiary_v116.json,【具名NPC】逆星盟·掌门/代掌。宗门：逆星盟（inverse_star_alliance）。域：chaotic_sea。立场：rebel。职司：掌门/代掌。最
npc_inverse_star_alliance_great_elder,逆星盟·大长老,humanoid_other,1,,chaotic_sea,False,bestiary_v116.json,【具名NPC】逆星盟·大长老。宗门：逆星盟（inverse_star_alliance）。域：chaotic_sea。立场：rebel。职司：大长老。执法与资源
npc_inverse_star_alliance_alchemy_elder,逆星盟·丹堂执事,humanoid_other,1,,chaotic_sea,False,bestiary_v116.json,【具名NPC】逆星盟·丹堂执事。宗门：逆星盟（inverse_star_alliance）。域：chaotic_sea。立场：rebel。职司：丹堂执事。丹方、
npc_inverse_star_alliance_outer_deacon,逆星盟·外门执事,humanoid_other,1,,chaotic_sea,False,bestiary_v116.json,【具名NPC】逆星盟·外门执事。宗门：逆星盟（inverse_star_alliance）。域：chaotic_sea。立场：rebel。职司：外门执事。入门、
npc_inverse_star_alliance_patrol_captain,逆星盟·巡卫队长,humanoid_other,3,,chaotic_sea,False,bestiary_v116.json,【具名NPC】逆星盟·巡卫队长。宗门：逆星盟（inverse_star_alliance）。域：chaotic_sea。立场：rebel。职司：巡卫队长。山门盘
npc_qianzhu_teach_sect_master,千竹教·掌门/代掌,humanoid_other,3,,extreme_west,False,bestiary_v116.json,【具名NPC】千竹教·掌门/代掌。宗门：千竹教（qianzhu_teach）。域：extreme_west。立场：neutral。职司：掌门/代掌。最高决策，剧
npc_qianzhu_teach_great_elder,千竹教·大长老,humanoid_other,1,,extreme_west,False,bestiary_v116.json,【具名NPC】千竹教·大长老。宗门：千竹教（qianzhu_teach）。域：extreme_west。立场：neutral。职司：大长老。执法与资源分配，贡献
npc_qianzhu_teach_alchemy_elder,千竹教·丹堂执事,humanoid_other,1,,extreme_west,False,bestiary_v116.json,【具名NPC】千竹教·丹堂执事。宗门：千竹教（qianzhu_teach）。域：extreme_west。立场：neutral。职司：丹堂执事。丹方、地火房、筑
npc_qianzhu_teach_outer_deacon,千竹教·外门执事,humanoid_other,1,,extreme_west,False,bestiary_v116.json,【具名NPC】千竹教·外门执事。宗门：千竹教（qianzhu_teach）。域：extreme_west。立场：neutral。职司：外门执事。入门、七脉、日常
npc_qianzhu_teach_patrol_captain,千竹教·巡卫队长,humanoid_other,3,,extreme_west,False,bestiary_v116.json,【具名NPC】千竹教·巡卫队长。宗门：千竹教（qianzhu_teach）。域：extreme_west。立场：neutral。职司：巡卫队长。山门盘查、负声望
npc_mulan_fashi_council_sect_master,慕兰神师府·掌门/代掌,humanoid_other,3,,mulan,False,bestiary_v116.json,【具名NPC】慕兰神师府·掌门/代掌。宗门：慕兰神师府（mulan_fashi_council）。域：mulan。立场：tribal_faith。职司：掌门/代
npc_mulan_fashi_council_great_elder,慕兰神师府·大长老,humanoid_other,1,,mulan,False,bestiary_v116.json,【具名NPC】慕兰神师府·大长老。宗门：慕兰神师府（mulan_fashi_council）。域：mulan。立场：tribal_faith。职司：大长老。执法
npc_mulan_fashi_council_alchemy_elder,慕兰神师府·丹堂执事,humanoid_other,1,,mulan,False,bestiary_v116.json,【具名NPC】慕兰神师府·丹堂执事。宗门：慕兰神师府（mulan_fashi_council）。域：mulan。立场：tribal_faith。职司：丹堂执事。
npc_mulan_fashi_council_outer_deacon,慕兰神师府·外门执事,humanoid_other,1,,mulan,False,bestiary_v116.json,【具名NPC】慕兰神师府·外门执事。宗门：慕兰神师府（mulan_fashi_council）。域：mulan。立场：tribal_faith。职司：外门执事。
npc_mulan_fashi_council_patrol_captain,慕兰神师府·巡卫队长,humanoid_other,3,,mulan,False,bestiary_v116.json,【具名NPC】慕兰神师府·巡卫队长。宗门：慕兰神师府（mulan_fashi_council）。域：mulan。立场：tribal_faith。职司：巡卫队长。
npc_tianlan_temple_sect_master,天澜圣殿·掌门/代掌,humanoid_other,3,,tianlan,False,bestiary_v116.json,【具名NPC】天澜圣殿·掌门/代掌。宗门：天澜圣殿（tianlan_temple）。域：tianlan。立场：tribal_faith。职司：掌门/代掌。最高决
npc_tianlan_temple_great_elder,天澜圣殿·大长老,humanoid_other,1,,tianlan,False,bestiary_v116.json,【具名NPC】天澜圣殿·大长老。宗门：天澜圣殿（tianlan_temple）。域：tianlan。立场：tribal_faith。职司：大长老。执法与资源分配
npc_tianlan_temple_alchemy_elder,天澜圣殿·丹堂执事,humanoid_other,1,,tianlan,False,bestiary_v116.json,【具名NPC】天澜圣殿·丹堂执事。宗门：天澜圣殿（tianlan_temple）。域：tianlan。立场：tribal_faith。职司：丹堂执事。丹方、地火
npc_tianlan_temple_outer_deacon,天澜圣殿·外门执事,humanoid_other,1,,tianlan,False,bestiary_v116.json,【具名NPC】天澜圣殿·外门执事。宗门：天澜圣殿（tianlan_temple）。域：tianlan。立场：tribal_faith。职司：外门执事。入门、七脉
npc_tianlan_temple_patrol_captain,天澜圣殿·巡卫队长,humanoid_other,3,,tianlan,False,bestiary_v116.json,【具名NPC】天澜圣殿·巡卫队长。宗门：天澜圣殿（tianlan_temple）。域：tianlan。立场：tribal_faith。职司：巡卫队长。山门盘查、
npc_qianzhu_sect_sect_master,千竹教·掌门/代掌,humanoid_other,3,,tiannan,False,bestiary_v116.json,【具名NPC】千竹教·掌门/代掌。宗门：千竹教（qianzhu_sect）。域：tiannan。立场：righteous。职司：掌门/代掌。最高决策，剧情罕见现
npc_qianzhu_sect_great_elder,千竹教·大长老,humanoid_other,1,,tiannan,False,bestiary_v116.json,【具名NPC】千竹教·大长老。宗门：千竹教（qianzhu_sect）。域：tiannan。立场：righteous。职司：大长老。执法与资源分配，贡献兑换终审
npc_qianzhu_sect_alchemy_elder,千竹教·丹堂执事,humanoid_other,1,,tiannan,False,bestiary_v116.json,【具名NPC】千竹教·丹堂执事。宗门：千竹教（qianzhu_sect）。域：tiannan。立场：righteous。职司：丹堂执事。丹方、地火房、筑基丹配额
npc_qianzhu_sect_outer_deacon,千竹教·外门执事,humanoid_other,1,,tiannan,False,bestiary_v116.json,【具名NPC】千竹教·外门执事。宗门：千竹教（qianzhu_sect）。域：tiannan。立场：righteous。职司：外门执事。入门、七脉、日常任务发放
npc_qianzhu_sect_patrol_captain,千竹教·巡卫队长,humanoid_other,3,,tiannan,False,bestiary_v116.json,【具名NPC】千竹教·巡卫队长。宗门：千竹教（qianzhu_sect）。域：tiannan。立场：righteous。职司：巡卫队长。山门盘查、负声望驱逐。宗
npc_yuling_sect_secret_sect_master,御灵宗·掌门/代掌,humanoid_other,3,,tiannan,False,bestiary_v116.json,【具名NPC】御灵宗·掌门/代掌。宗门：御灵宗（yuling_sect_secret）。域：tiannan。立场：neutral。职司：掌门/代掌。最高决策，剧
npc_yuling_sect_secret_great_elder,御灵宗·大长老,humanoid_other,1,,tiannan,False,bestiary_v116.json,【具名NPC】御灵宗·大长老。宗门：御灵宗（yuling_sect_secret）。域：tiannan。立场：neutral。职司：大长老。执法与资源分配，贡献
npc_yuling_sect_secret_alchemy_elder,御灵宗·丹堂执事,humanoid_other,1,,tiannan,False,bestiary_v116.json,【具名NPC】御灵宗·丹堂执事。宗门：御灵宗（yuling_sect_secret）。域：tiannan。立场：neutral。职司：丹堂执事。丹方、地火房、筑
npc_yuling_sect_secret_outer_deacon,御灵宗·外门执事,humanoid_other,1,,tiannan,False,bestiary_v116.json,【具名NPC】御灵宗·外门执事。宗门：御灵宗（yuling_sect_secret）。域：tiannan。立场：neutral。职司：外门执事。入门、七脉、日常
npc_yuling_sect_secret_patrol_captain,御灵宗·巡卫队长,humanoid_other,3,,tiannan,False,bestiary_v116.json,【具名NPC】御灵宗·巡卫队长。宗门：御灵宗（yuling_sect_secret）。域：tiannan。立场：neutral。职司：巡卫队长。山门盘查、负声望
npc_guiling_gate_sect_master,鬼灵门·掌门/代掌,humanoid_other,3,,tiannan_north_waste,False,bestiary_v116.json,【具名NPC】鬼灵门·掌门/代掌。宗门：鬼灵门（guiling_gate）。域：tiannan_north_waste。立场：demonic。职司：掌门/代掌。
npc_guiling_gate_great_elder,鬼灵门·大长老,humanoid_other,1,,tiannan_north_waste,False,bestiary_v116.json,【具名NPC】鬼灵门·大长老。宗门：鬼灵门（guiling_gate）。域：tiannan_north_waste。立场：demonic。职司：大长老。执法与资
npc_guiling_gate_alchemy_elder,鬼灵门·丹堂执事,humanoid_other,1,,tiannan_north_waste,False,bestiary_v116.json,【具名NPC】鬼灵门·丹堂执事。宗门：鬼灵门（guiling_gate）。域：tiannan_north_waste。立场：demonic。职司：丹堂执事。丹方
npc_guiling_gate_outer_deacon,鬼灵门·外门执事,humanoid_other,1,,tiannan_north_waste,False,bestiary_v116.json,【具名NPC】鬼灵门·外门执事。宗门：鬼灵门（guiling_gate）。域：tiannan_north_waste。立场：demonic。职司：外门执事。入门
npc_guiling_gate_patrol_captain,鬼灵门·巡卫队长,humanoid_other,3,,tiannan_north_waste,False,bestiary_v116.json,【具名NPC】鬼灵门·巡卫队长。宗门：鬼灵门（guiling_gate）。域：tiannan_north_waste。立场：demonic。职司：巡卫队长。山门
npc_tianmo_sect_sect_master,天魔宗·掌门/代掌,humanoid_other,3,,tiannan_north_waste,False,bestiary_v116.json,【具名NPC】天魔宗·掌门/代掌。宗门：天魔宗（tianmo_sect）。域：tiannan_north_waste。立场：demonic。职司：掌门/代掌。最
npc_tianmo_sect_great_elder,天魔宗·大长老,humanoid_other,1,,tiannan_north_waste,False,bestiary_v116.json,【具名NPC】天魔宗·大长老。宗门：天魔宗（tianmo_sect）。域：tiannan_north_waste。立场：demonic。职司：大长老。执法与资源
npc_tianmo_sect_alchemy_elder,天魔宗·丹堂执事,humanoid_other,1,,tiannan_north_waste,False,bestiary_v116.json,【具名NPC】天魔宗·丹堂执事。宗门：天魔宗（tianmo_sect）。域：tiannan_north_waste。立场：demonic。职司：丹堂执事。丹方、
npc_tianmo_sect_outer_deacon,天魔宗·外门执事,humanoid_other,1,,tiannan_north_waste,False,bestiary_v116.json,【具名NPC】天魔宗·外门执事。宗门：天魔宗（tianmo_sect）。域：tiannan_north_waste。立场：demonic。职司：外门执事。入门、
npc_tianmo_sect_patrol_captain,天魔宗·巡卫队长,humanoid_other,3,,tiannan_north_waste,False,bestiary_v116.json,【具名NPC】天魔宗·巡卫队长。宗门：天魔宗（tianmo_sect）。域：tiannan_north_waste。立场：demonic。职司：巡卫队长。山门盘
npc_qingluo_sect_sect_master,青罗宗·掌门/代掌,humanoid_other,3,,tiannan_north_waste,False,bestiary_v116.json,【具名NPC】青罗宗·掌门/代掌。宗门：青罗宗（qingluo_sect）。域：tiannan_north_waste。立场：demonic。职司：掌门/代掌。
npc_qingluo_sect_great_elder,青罗宗·大长老,humanoid_other,1,,tiannan_north_waste,False,bestiary_v116.json,【具名NPC】青罗宗·大长老。宗门：青罗宗（qingluo_sect）。域：tiannan_north_waste。立场：demonic。职司：大长老。执法与资
npc_qingluo_sect_alchemy_elder,青罗宗·丹堂执事,humanoid_other,1,,tiannan_north_waste,False,bestiary_v116.json,【具名NPC】青罗宗·丹堂执事。宗门：青罗宗（qingluo_sect）。域：tiannan_north_waste。立场：demonic。职司：丹堂执事。丹方
npc_qingluo_sect_outer_deacon,青罗宗·外门执事,humanoid_other,1,,tiannan_north_waste,False,bestiary_v116.json,【具名NPC】青罗宗·外门执事。宗门：青罗宗（qingluo_sect）。域：tiannan_north_waste。立场：demonic。职司：外门执事。入门
npc_qingluo_sect_patrol_captain,青罗宗·巡卫队长,humanoid_other,3,,tiannan_north_waste,False,bestiary_v116.json,【具名NPC】青罗宗·巡卫队长。宗门：青罗宗（qingluo_sect）。域：tiannan_north_waste。立场：demonic。职司：巡卫队长。山门
npc_wanhu_sect_sect_master,万狐宗·掌门/代掌,humanoid_other,3,,tiannan_north_waste,False,bestiary_v116.json,【具名NPC】万狐宗·掌门/代掌。宗门：万狐宗（wanhu_sect）。域：tiannan_north_waste。立场：demonic。职司：掌门/代掌。最高
npc_wanhu_sect_great_elder,万狐宗·大长老,humanoid_other,1,,tiannan_north_waste,False,bestiary_v116.json,【具名NPC】万狐宗·大长老。宗门：万狐宗（wanhu_sect）。域：tiannan_north_waste。立场：demonic。职司：大长老。执法与资源分
npc_wanhu_sect_alchemy_elder,万狐宗·丹堂执事,humanoid_other,1,,tiannan_north_waste,False,bestiary_v116.json,【具名NPC】万狐宗·丹堂执事。宗门：万狐宗（wanhu_sect）。域：tiannan_north_waste。立场：demonic。职司：丹堂执事。丹方、地
npc_wanhu_sect_outer_deacon,万狐宗·外门执事,humanoid_other,1,,tiannan_north_waste,False,bestiary_v116.json,【具名NPC】万狐宗·外门执事。宗门：万狐宗（wanhu_sect）。域：tiannan_north_waste。立场：demonic。职司：外门执事。入门、七
npc_wanhu_sect_patrol_captain,万狐宗·巡卫队长,humanoid_other,3,,tiannan_north_waste,False,bestiary_v116.json,【具名NPC】万狐宗·巡卫队长。宗门：万狐宗（wanhu_sect）。域：tiannan_north_waste。立场：demonic。职司：巡卫队长。山门盘查
npc_xuewu_sect_sect_master,血巫教·掌门/代掌,humanoid_other,3,,tiannan_north_waste,False,bestiary_v116.json,【具名NPC】血巫教·掌门/代掌。宗门：血巫教（xuewu_sect）。域：tiannan_north_waste。立场：demonic。职司：掌门/代掌。最高
npc_xuewu_sect_great_elder,血巫教·大长老,humanoid_other,1,,tiannan_north_waste,False,bestiary_v116.json,【具名NPC】血巫教·大长老。宗门：血巫教（xuewu_sect）。域：tiannan_north_waste。立场：demonic。职司：大长老。执法与资源分
npc_xuewu_sect_alchemy_elder,血巫教·丹堂执事,humanoid_other,1,,tiannan_north_waste,False,bestiary_v116.json,【具名NPC】血巫教·丹堂执事。宗门：血巫教（xuewu_sect）。域：tiannan_north_waste。立场：demonic。职司：丹堂执事。丹方、地
npc_xuewu_sect_outer_deacon,血巫教·外门执事,humanoid_other,1,,tiannan_north_waste,False,bestiary_v116.json,【具名NPC】血巫教·外门执事。宗门：血巫教（xuewu_sect）。域：tiannan_north_waste。立场：demonic。职司：外门执事。入门、七
npc_xuewu_sect_patrol_captain,血巫教·巡卫队长,humanoid_other,3,,tiannan_north_waste,False,bestiary_v116.json,【具名NPC】血巫教·巡卫队长。宗门：血巫教（xuewu_sect）。域：tiannan_north_waste。立场：demonic。职司：巡卫队长。山门盘查
npc_dajin_buddhist_temple_line_sect_master,大晋佛寺一脉·掌门/代掌,humanoid_other,3,,dajin,False,bestiary_v116.json,【具名NPC】大晋佛寺一脉·掌门/代掌。宗门：大晋佛寺一脉（dajin_buddhist_temple_line）。域：dajin。立场：neutral_rig
npc_dajin_buddhist_temple_line_great_elder,大晋佛寺一脉·大长老,humanoid_other,1,,dajin,False,bestiary_v116.json,【具名NPC】大晋佛寺一脉·大长老。宗门：大晋佛寺一脉（dajin_buddhist_temple_line）。域：dajin。立场：neutral_right
npc_dajin_buddhist_temple_line_alchemy_elder,大晋佛寺一脉·丹堂执事,humanoid_other,1,,dajin,False,bestiary_v116.json,【具名NPC】大晋佛寺一脉·丹堂执事。宗门：大晋佛寺一脉（dajin_buddhist_temple_line）。域：dajin。立场：neutral_righ
npc_dajin_buddhist_temple_line_outer_deacon,大晋佛寺一脉·外门执事,humanoid_other,1,,dajin,False,bestiary_v116.json,【具名NPC】大晋佛寺一脉·外门执事。宗门：大晋佛寺一脉（dajin_buddhist_temple_line）。域：dajin。立场：neutral_righ
npc_dajin_buddhist_temple_line_patrol_captain,大晋佛寺一脉·巡卫队长,humanoid_other,3,,dajin,False,bestiary_v116.json,【具名NPC】大晋佛寺一脉·巡卫队长。宗门：大晋佛寺一脉（dajin_buddhist_temple_line）。域：dajin。立场：neutral_righ
npc_huangfeng_dan_tang,黄枫谷·丹堂管事,humanoid_other,4,,tiannan,,bestiary_v116.json,【关键具名NPC】黄枫谷·丹堂管事（npc_huangfeng_dan_tang）。域：tiannan。职司：alchemy_elder。管地火房排班与低阶丹方
npc_huangfeng_outer,黄枫谷·外门赵执事,humanoid_other,4,,tiannan,,bestiary_v116.json,【关键具名NPC】黄枫谷·外门赵执事（npc_huangfeng_outer）。域：tiannan。职司：outer_deacon。测灵后第一人。发长春功残页、
npc_yanyue_shadow,掩月宗·影堂引路人,humanoid_other,4,,tiannan,,bestiary_v116.json,【关键具名NPC】掩月宗·影堂引路人（npc_yanyue_shadow）。域：tiannan。职司：quest_giver_main。阴柔功法与双修边界任务。
npc_spirit_beast_herder,灵兽山·御兽长,humanoid_other,4,,tiannan,,bestiary_v116.json,【关键具名NPC】灵兽山·御兽长（npc_spirit_beast_herder）。域：tiannan。职司：great_elder。灵兽契约与山中禁地通行证。
npc_qingxu_quiet,清虚门·静修堂主,humanoid_other,4,,tiannan,,bestiary_v116.json,【关键具名NPC】清虚门·静修堂主（npc_qingxu_quiet）。域：tiannan。职司：great_elder。清修、符阵入门。厌战，给身法与恢复类任
npc_jujian_forge,巨剑门·剑冢执事,humanoid_other,4,,tiannan,,bestiary_v116.json,【关键具名NPC】巨剑门·剑冢执事（npc_jujian_forge）。域：tiannan。职司：patrol_captain。试剑与重剑认主。败者打扫剑冢。 
npc_qixuan_chief,七玄门·门主（江湖）,humanoid_other,4,,tiannan,,bestiary_v116.json,【关键具名NPC】七玄门·门主（江湖）（npc_qixuan_chief）。域：tiannan。职司：sect_master。凡人门派天花板。入道前剧情、仇家与
npc_ghost_spirit_ferry,鬼灵门·引渡使,humanoid_other,4,,yinming,,bestiary_v116.json,【关键具名NPC】鬼灵门·引渡使（npc_ghost_spirit_ferry）。域：yinming。职司：quest_giver_main。鬼道入门与阴罗相关
npc_hehuan_host,合欢宗·堂主,humanoid_other,4,,tiannan,,bestiary_v116.json,【关键具名NPC】合欢宗·堂主（npc_hehuan_host）。域：tiannan。职司：sect_master。声望与幻术双修线。高风险社交任务。 击杀有剧
npc_star_palace_censor,星宫·巡察使,humanoid_other,4,,chaotic_sea,,bestiary_v116.json,【关键具名NPC】星宫·巡察使（npc_star_palace_censor）。域：chaotic_sea。职司：patrol_captain。外海法度、通缉与
npc_inverse_star_broker,逆星·灰市掮客,humanoid_other,4,,outer_sea_market,,bestiary_v116.json,【关键具名NPC】逆星·灰市掮客（npc_inverse_star_broker）。域：outer_sea_market。职司：black_market_con
npc_liulian_envoy,六连殿·联络修,humanoid_other,4,,chaotic_sea,,bestiary_v116.json,【关键具名NPC】六连殿·联络修（npc_liulian_envoy）。域：chaotic_sea。职司：quest_giver_main。内海政治任务与禁令牌
npc_dajin_auctioneer,大晋·拍卖行掌柜,humanoid_other,4,,great_jin_central,,bestiary_v116.json,【关键具名NPC】大晋·拍卖行掌柜（npc_dajin_auctioneer）。域：great_jin_central。职司：black_market_cont
npc_dajin_border_general,大晋边军·校尉,humanoid_other,4,,dajin,,bestiary_v116.json,【关键具名NPC】大晋边军·校尉（npc_dajin_border_general）。域：dajin。职司：patrol_captain。军功任务、风石回收、正
npc_mulan_fashi,慕兰·法师长老,humanoid_other,4,,mulan,,bestiary_v116.json,【关键具名NPC】慕兰·法师长老（npc_mulan_fashi）。域：mulan。职司：great_elder。天澜战场与圣禽禁忌。可谈可战。 击杀有剧情与声
npc_mulan_scout_chief,慕兰·斥候长,humanoid_other,4,,tianlan,,bestiary_v116.json,【关键具名NPC】慕兰·斥候长（npc_mulan_scout_chief）。域：tianlan。职司：patrol_captain。骨哨与向导。猎狼皮换人情。
npc_tianyuan_clerk,天渊城·功勋吏,humanoid_other,4,,tianyuan,,bestiary_v116.json,【关键具名NPC】天渊城·功勋吏（npc_tianyuan_clerk）。域：tianyuan。职司：outer_deacon。飞升后新手任务与功勋兑换。眼高于
npc_qianzhu_mechanic,千竹·机关长老,humanoid_other,4,,extreme_west_thousand_bamboo,,bestiary_v116.json,【关键具名NPC】千竹·机关长老（npc_qianzhu_mechanic）。域：extreme_west_thousand_bamboo。职司：alchemy
npc_kunwu_guide,昆吾·火脉向导,humanoid_other,4,,kunwu,,bestiary_v116.json,【关键具名NPC】昆吾·火脉向导（npc_kunwu_guide）。域：kunwu。职司：quest_giver_main。卖抗火符与地图，可能吃里爬外。 击杀
npc_nether_ferryman,冥河·摆渡残影,humanoid_other,4,,nether_river,,bestiary_v116.json,【关键具名NPC】冥河·摆渡残影（npc_nether_ferryman）。域：nether_river。职司：quest_giver_main。阴司入口叙事。
npc_blood_forbidden_guard,血色禁地·守界修,humanoid_other,4,,tiannan,,bestiary_v116.json,【关键具名NPC】血色禁地·守界修（npc_blood_forbidden_guard）。域：tiannan。职司：patrol_captain。名额令查验。无
npc_xutian_observer,虚天殿·观殿人,humanoid_other,4,,tiannan,,bestiary_v116.json,【关键具名NPC】虚天殿·观殿人（npc_xutian_observer）。域：tiannan。职司：great_elder。殿期开启情报。不卖完整鼎。 击杀有
npc_diyuan_miner,地渊·矿脉包工头,humanoid_other,4,,dajin,,bestiary_v116.json,【关键具名NPC】地渊·矿脉包工头（npc_diyuan_miner）。域：dajin。职司：outer_deacon。深地委托与逃遁建议。 击杀有剧情与声望后
npc_asura_trial_warden,修罗界·试炼令使,humanoid_other,4,,spirit_realm_border,,bestiary_v116.json,【关键具名NPC】修罗界·试炼令使（npc_asura_trial_warden）。域：spirit_realm_border。职司：quest_giver_m
npc_jiuxian_gatekeeper,九仙山·守峰人,humanoid_other,4,,spirit_fengyuan,,bestiary_v116.json,【关键具名NPC】九仙山·守峰人（npc_jiuxian_gatekeeper）。域：spirit_fengyuan。职司：sect_master。非大众本守门
npc_garden_auditor,灵缈园·采药审计,humanoid_other,4,,spirit_fengyuan,,bestiary_v116.json,【关键具名NPC】灵缈园·采药审计（npc_garden_auditor）。域：spirit_fengyuan。职司：patrol_captain。软顶与抛售审
npc_wandering_appraiser,散修·鉴宝张,humanoid_other,4,,tiannan,,bestiary_v116.json,【关键具名NPC】散修·鉴宝张（npc_wandering_appraiser）。域：tiannan。职司：black_market_contact。鉴定假丹假
npc_seven_meridian_judge,七脉试炼·评分执事,humanoid_other,4,,tiannan,,bestiary_v116.json,【关键具名NPC】七脉试炼·评分执事（npc_seven_meridian_judge）。域：tiannan。职司：outer_deacon。反碾压审计、发贡献
realm2_event_spirit,秘境事件灵（结构）,humanoid_other,0,,,,bestiary_v116.json,承载 final_seven 事件表的结构体，非野怪。
tech_library_spirit,术法库司书（结构）,humanoid_other,0,,,,bestiary_v116.json,指向 item_descriptions_v116_techniques。
orig_deep_spirit,原包深解司书（结构）,humanoid_other,0,,,,bestiary_v116.json,指向 orig_deep 丹药材宝。
beast_narr_twin_pupil_rat,双瞳鼠（叙事深稿）,lingshou,3,,,True,bestiary_v117.json,【原包兽叙事深稿】双瞳鼠。摘要：双瞳看穿迷雾，喜灵浓处筑窝。。lore：双瞳可穿迷雾，修士常欲擒为灵宠。。生态位：scout_pet。战法：辅助探路。栖息：灵脉
beast_narr_red_leopard_beast,红狸兽（叙事深稿）,lingshou,3,,,True,bestiary_v117.json,【原包兽叙事深稿】红狸兽。摘要：敏捷、嗅觉超常。。lore：敏捷、嗅觉超常。。生态位：spirit_pet_candidate。战法：敏捷、嗅觉超常。。栖息：t
beast_narr_fire_horn_deer,炙角鹿（叙事深稿）,yaoshou,3,,,False,bestiary_v117.json,"【原包兽叙事深稿】炙角鹿。摘要：火红独角。。lore：火红独角。。生态位：wild_beast。战法：火红独角。。栖息：tiannan,hills。弱点：Non"
beast_narr_wind_screech_hawk,风啸鹰（叙事深稿）,lingshou,3,,,True,bestiary_v117.json,【原包兽叙事深稿】风啸鹰。摘要：驯养放哨侦察。。lore：高空巡猎，难驯。。生态位：aerial_scout。战法：风刃俯冲。栖息：None。弱点：None。域
beast_narr_scent_spirit_beast,嗅灵兽（叙事深稿）,lingshou,3,,,True,bestiary_v117.json,【原包兽叙事深稿】嗅灵兽。摘要：查违禁物品。。lore：对灵草灵药气味极敏感。。生态位：tracker。战法：嗅探灵药。栖息：药园山林。弱点：None。域：['
beast_narr_giant_centipede,巨型蜈蚣（叙事深稿）,yaoshou,3,,,False,bestiary_v117.json,"【原包兽叙事深稿】巨型蜈蚣。摘要：黑色甲壳。。lore：黑色甲壳。。生态位：wild_beast。战法：黑色甲壳。。栖息：tiannan,caves。弱点：No"
beast_narr_ink_flood_dragon,墨蛟（叙事深稿）,yaoshou,3,,,False,bestiary_v117.json,"【原包兽叙事深稿】墨蛟。摘要：低阶蛟形。。lore：低阶蛟形。。生态位：wild_beast。战法：低阶蛟形。。栖息：tiannan,river。弱点：None"
beast_narr_heart_bore_worm,钻心虫（叙事深稿）,yaoshou,3,,,False,bestiary_v117.json,"【原包兽叙事深稿】钻心虫。摘要：沿血脉钻心。。lore：沿血脉钻心。。生态位：wild_beast。战法：沿血脉钻心。。栖息：tiannan,demonic。弱"
beast_narr_fire_crow,火鸦（叙事深稿）,yaoshou,3,,,False,bestiary_v117.json,"【原包兽叙事深稿】火鸦。摘要：火属性远程。。lore：火属性远程。。生态位：wild_beast。战法：火属性远程。。栖息：tiannan,volcano。弱点"
beast_narr_green_vine_demon,青木妖藤（叙事深稿）,yaoshou,3,,,False,bestiary_v117.json,"【原包兽叙事深稿】青木妖藤。摘要：束缚毒回血。。lore：束缚毒回血。。生态位：wild_beast。战法：束缚毒回血。。栖息：tiannan,jungle。弱"
beast_narr_mystic_water_turtle,玄水龟（叙事深稿）,yaoshou,3,,,False,bestiary_v117.json,"【原包兽叙事深稿】玄水龟。摘要：高防水系控制。。lore：高防水系控制。。生态位：wild_beast。战法：高防水系控制。。栖息：chaotic_sea,ti"
beast_narr_thunder_horn_tiger,雷角虎（叙事深稿）,yaoshou,3,,,False,bestiary_v117.json,【原包兽叙事深稿】雷角虎。摘要：冲锋雷击。。lore：冲锋雷击。。生态位：wild_beast。战法：冲锋雷击。。栖息：tiannan。弱点：None。域：['
beast_narr_demon_core_bear,妖丹熊（叙事深稿）,yaoshou,3,,,False,bestiary_v117.json,【原包兽叙事深稿】妖丹熊。摘要：结丹初，体内结妖丹。。lore：结丹初，体内结妖丹。。生态位：wild_beast。战法：结丹初，体内结妖丹。。栖息：tiann
beast_narr_baby_carp_demon,婴鲤兽（叙事深稿）,yaoshou,3,,,False,bestiary_v117.json,【原包兽叙事深稿】婴鲤兽。摘要：娃娃脸鱼尾，水罡神雷。。lore：娃娃脸鱼尾，水罡神雷。。生态位：wild_beast。战法：娃娃脸鱼尾，水罡神雷。。栖息：ch
beast_narr_ice_soul_serpent,冰魄蛇（叙事深稿）,yaoshou,3,,,False,bestiary_v117.json,"【原包兽叙事深稿】冰魄蛇。摘要：冰冻毒。。lore：冰冻毒。。生态位：wild_beast。战法：冰冻毒。。栖息：tiannan,snow。弱点：None。域："
beast_narr_spirit_fox,灵狐（叙事深稿）,lingshou,3,,,True,bestiary_v117.json,【原包兽叙事深稿】灵狐。摘要：幻术闪避可驯服。。lore：灵狐一脉，化形后智力接近人族。。生态位：illusion_support。战法：幻术干扰。栖息：Non
beast_narr_shape_shift_trial_beast,化形试炼兽（叙事深稿）,yaoshou,3,,,False,bestiary_v117.json,【原包兽叙事深稿】化形试炼兽。摘要：七级渡劫化形模板。。lore：七级渡劫化形模板。。生态位：wild_beast。战法：七级渡劫化形模板。。栖息：global
beast_narr_thunder_jiao,雷劫蛟（叙事深稿）,yaoshou,3,,,False,bestiary_v117.json,【原包兽叙事深稿】雷劫蛟。摘要：雷暴秘境Boss雏形。。lore：蛟类化龙前躯，雷劫伴生。。生态位：boss_beast。战法：雷水双系。栖息：None。弱点：
beast_narr_silver_wing_yaksha,银翅夜叉（叙事深稿）,yaoshou,3,,,False,bestiary_v117.json,【原包兽叙事深稿】银翅夜叉。摘要：炼尸/妖 hybrid，风土遁幻术。。lore：炼尸/妖 hybrid，风土遁幻术。。生态位：wild_beast。战法：炼尸
beast_narr_wind_split_beast,裂风兽（叙事深稿）,yaoshou,3,,,False,bestiary_v117.json,【原包兽叙事深稿】裂风兽。摘要：妖王级，学人族技术。。lore：妖王级，学人族技术。。生态位：wild_beast。战法：妖王级，学人族技术。。栖息：chaot
beast_narr_earth_armor_dragon,土甲龙（叙事深稿）,yaoshou,3,,,False,bestiary_v117.json,"【原包兽叙事深稿】土甲龙。摘要：寻宝天赋。。lore：寻宝天赋。。生态位：wild_beast。战法：寻宝天赋。。栖息：dajin,caves。弱点：None。"
beast_narr_fire_jiao_adult,离火蛟（叙事深稿）,yaoshou,3,,,False,bestiary_v117.json,"【原包兽叙事深稿】离火蛟。摘要：海域蛟龙。。lore：海域蛟龙。。生态位：wild_beast。战法：海域蛟龙。。栖息：chaotic_sea,ocean。弱点"
beast_narr_suanni_beast,狻猊兽（叙事深稿）,yaoshou,3,,,False,bestiary_v117.json,【原包兽叙事深稿】狻猊兽。摘要：上古兽形。。lore：上古兽形。。生态位：wild_beast。战法：上古兽形。。栖息：dajin。弱点：None。域：['da
beast_narr_four_ear_gold_ape,四耳金猿（叙事深稿）,yaoshou,3,,,False,bestiary_v117.json,"【原包兽叙事深稿】四耳金猿。摘要：金黄巨猴凶恶。。lore：金黄巨猴凶恶。。生态位：wild_beast。战法：金黄巨猴凶恶。。栖息：dajin,kunwu。弱"
beast_narr_gold_body_moon_corpse,金身月尸（叙事深稿）,yaoshou,3,,,False,bestiary_v117.json,【原包兽叙事深稿】金身月尸。摘要：人界顶阶炼尸，金遁。。lore：人界顶阶炼尸，金遁。。生态位：wild_beast。战法：人界顶阶炼尸，金遁。。栖息：tian
beast_narr_six_wing_frost_centipede,六翼霜蚣（叙事深稿）,yaoshou,3,,,False,bestiary_v117.json,"【原包兽叙事深稿】六翼霜蚣。摘要：冰龙血统灵虫。。lore：冰龙血统灵虫。。生态位：wild_beast。战法：冰龙血统灵虫。。栖息：spirit_realm,"
beast_narr_leopard_qilin_beast,豹麟兽（叙事深稿）,yaoshou,3,,,False,bestiary_v117.json,【原包兽叙事深稿】豹麟兽。摘要：麒麟血脉，元婴实力幼体。。lore：麒麟血脉，元婴实力幼体。。生态位：wild_beast。战法：麒麟血脉，元婴实力幼体。。栖息
beast_narr_mirage_sand_beast,蜃兽（叙事深稿）,yaoshou,3,,,False,bestiary_v117.json,【原包兽叙事深稿】蜃兽。摘要：双蛇首蛙身，幻化。。lore：双蛇首蛙身，幻化。。生态位：wild_beast。战法：双蛇首蛙身，幻化。。栖息：chaotic_s
beast_narr_sky_tiger_beast,天虎兽（叙事深稿）,yaoshou,3,,,False,bestiary_v117.json,【原包兽叙事深稿】天虎兽。摘要：土风法术瞬移。。lore：土风法术瞬移。。生态位：wild_beast。战法：土风法术瞬移。。栖息：mulan。弱点：None。
beast_narr_holy_peacock,圣禽（青孔雀）（叙事深稿）,yaoshou,3,,,False,bestiary_v117.json,"【原包兽叙事深稿】圣禽（青孔雀）。摘要：慕兰供奉，妖火。。lore：慕兰供奉，妖火。。生态位：wild_beast。战法：慕兰供奉，妖火。。栖息：mulan,s"
beast_narr_soul_weep_beast,泣魂兽（叙事深稿）,yaoshou,3,,,False,bestiary_v117.json,【原包兽叙事深稿】泣魂兽。摘要：冥河阴兽，啼哭可乱人心神，常伴尸气。。lore：冥河阴兽，啼哭可乱人心神，常伴尸气。。生态位：wild_beast。战法：冥河阴
beast_narr_phantom_flame_moth,幻焰蛾（叙事深稿）,yaoshou,3,,,False,bestiary_v117.json,【原包兽叙事深稿】幻焰蛾。摘要：堕魔谷群居妖蛾，鳞粉引幻火，遇风则燎原。。lore：堕魔谷群居妖蛾，鳞粉引幻火，遇风则燎原。。生态位：wild_beast。战法
beast_narr_gold_devour_beetle,噬金虫（叙事深稿）,lingshou,3,,,True,bestiary_v117.json,【原包兽叙事深稿】噬金虫。摘要：啃噬五金法宝灵光，群居奇虫。。lore：天下奇虫，专噬五金之精。。生态位：artifact_counter。战法：虫群啃宝。栖息
beast_narr_soul_weeping_beast,啼魂兽（叙事深稿）,lingshou,3,,,True,bestiary_v117.json,【原包兽叙事深稿】啼魂兽。摘要：尖啸伤魂，对鬼物克制极强。。lore：对阴魂鬼物有天然克制。。生态位：anti_ghost。战法：神魂尖啸。栖息：None。弱点
beast_narr_mountain_giant_ape,山岳巨猿（叙事深稿）,yaoshou,3,,,False,bestiary_v117.json,【原包兽叙事深稿】山岳巨猿。摘要：力大无穷，可化形前兆。。lore：力大无穷，可化形前兆。。生态位：wild_beast。战法：力大无穷，可化形前兆。。栖息：b
beast_narr_blood_jiao,血蛟（叙事深稿）,yaoshou,3,,,False,bestiary_v117.json,【原包兽叙事深稿】血蛟。摘要：海域凶蛟，妖丹珍贵。。lore：海域凶蛟，妖丹珍贵。。生态位：wild_beast。战法：海域凶蛟，妖丹珍贵。。栖息：chaoti
beast_narr_three_tailed_fox,三尾妖狐（叙事深稿）,lingshou,3,,,True,bestiary_v117.json,【原包兽叙事深稿】三尾妖狐。摘要：擅幻术，灵狐一脉。。lore：擅幻术，灵狐一脉。。生态位：spirit_pet_candidate。战法：擅幻术，灵狐一脉。。
beast_narr_iron_lion_beast,铁甲狮兽（叙事深稿）,lingshou,3,,,True,bestiary_v117.json,【原包兽叙事深稿】铁甲狮兽。摘要：体修型妖兽，皮糙肉厚。。lore：体修型妖兽，皮糙肉厚。。生态位：spirit_pet_candidate。战法：体修型妖兽，
beast_narr_cloud_silk_spider,云丝蛛（叙事深稿）,lingshou,3,,,True,bestiary_v117.json,【原包兽叙事深稿】云丝蛛。摘要：吐丝缚敌，可炼蛛丝材料。。lore：吐丝缚敌，可炼蛛丝材料。。生态位：spirit_pet_candidate。战法：吐丝缚敌，
beast_narr_flame_salamander,火蜥兽（叙事深稿）,lingshou,3,,,True,bestiary_v117.json,【原包兽叙事深稿】火蜥兽。摘要：火系低阶妖兽，内丹可入药。。lore：火系低阶妖兽，内丹可入药。。生态位：spirit_pet_candidate。战法：火系低
beast_narr_ice_phoenix_chick,冰凤幼禽（叙事深稿）,lingshou,3,,,True,bestiary_v117.json,【原包兽叙事深稿】冰凤幼禽。摘要：灵界珍禽幼体，极难驯服。。lore：灵界珍禽幼体，极难驯服。。生态位：spirit_pet_candidate。战法：灵界珍禽
beast_narr_void_mantis,虚空螳螂（叙事深稿）,yaoshou,3,,,False,bestiary_v117.json,【原包兽叙事深稿】虚空螳螂。摘要：灵界虫族，前肢如刃。。lore：灵界虫族，前肢如刃。。生态位：wild_beast。战法：灵界虫族，前肢如刃。。栖息：spir
v117_quest_spirit,剧情司书,humanoid_other,0,,,,bestiary_v117.json,指向 quest_chains_deep_v117。
v117_dialogue_spirit,对话司书,humanoid_other,0,,,,bestiary_v117.json,指向 npc_dialogues_v117。
vis_beast_twin_pupil_rat,双瞳鼠（外貌·战斗视觉）,lingshou,3,,,True,bestiary_v118.json,【外貌·兽】双瞳鼠。体态：依名「双瞳鼠」：双瞳看穿迷雾，喜灵浓处筑窝。 的具象化体态，比例略大于凡兽。行动：警觉游走，受惊爆起。气场特效：低阶灵光或妖气；元素倾
vis_beast_red_leopard_beast,红狸兽（外貌·战斗视觉）,lingshou,3,,,True,bestiary_v118.json,【外貌·兽】红狸兽。体态：依名「红狸兽」：敏捷、嗅觉超常。 的具象化体态，比例略大于凡兽。行动：警觉游走，受惊爆起。气场特效：低阶灵光或妖气；元素倾向 wood
vis_beast_fire_horn_deer,炙角鹿（外貌·战斗视觉）,yaoshou,3,,,False,bestiary_v118.json,【外貌·兽】炙角鹿。体态：依名「炙角鹿」：火红独角。 的具象化体态，比例略大于凡兽。行动：警觉游走，受惊爆起。气场特效：低阶灵光或妖气；元素倾向 fire。原摘
vis_beast_wind_screech_hawk,风啸鹰（外貌·战斗视觉）,lingshou,3,,,True,bestiary_v118.json,【外貌·兽】风啸鹰。体态：翼展夸张，羽有金属或火焰光泽。行动：盘旋俯冲。气场特效：风火或圣辉；元素倾向 wind。原摘要：驯养放哨侦察。。战法：风刃俯冲。栖息：
vis_beast_scent_spirit_beast,嗅灵兽（外貌·战斗视觉）,lingshou,3,,,True,bestiary_v118.json,【外貌·兽】嗅灵兽。体态：依名「嗅灵兽」：查违禁物品。 的具象化体态，比例略大于凡兽。行动：警觉游走，受惊爆起。气场特效：低阶灵光或妖气；元素倾向 neutra
vis_beast_giant_centipede,巨型蜈蚣（外貌·战斗视觉）,yaoshou,3,,,False,bestiary_v118.json,【外貌·兽】巨型蜈蚣。体态：节肢或蜿体，甲壳/鳞粉/复眼细节清晰。行动：贴地或短飞，轨迹诡异。气场特效：毒雾或丝线反光；元素倾向 poison。原摘要：黑色甲壳
vis_beast_ink_flood_dragon,墨蛟（外貌·战斗视觉）,yaoshou,3,,,False,bestiary_v118.json,【外貌·兽】墨蛟。体态：修长蜿体，鳞片层叠反光，四爪或无爪视阶，须眉杀气。行动：水/云中折行，尾扫成浪。气场特效：水压或雷火环绕；元素倾向 water。原摘要：
vis_beast_heart_bore_worm,钻心虫（外貌·战斗视觉）,yaoshou,3,,,False,bestiary_v118.json,【外貌·兽】钻心虫。体态：节肢或蜿体，甲壳/鳞粉/复眼细节清晰。行动：贴地或短飞，轨迹诡异。气场特效：毒雾或丝线反光；元素倾向 yin。原摘要：沿血脉钻心。。战
vis_beast_fire_crow,火鸦（外貌·战斗视觉）,yaoshou,3,,,False,bestiary_v118.json,【外貌·兽】火鸦。体态：翼展夸张，羽有金属或火焰光泽。行动：盘旋俯冲。气场特效：风火或圣辉；元素倾向 fire。原摘要：火属性远程。。战法：火属性远程。。栖息：
vis_beast_green_vine_demon,青木妖藤（外貌·战斗视觉）,yaoshou,3,,,False,bestiary_v118.json,【外貌·兽】青木妖藤。体态：依名「青木妖藤」：束缚毒回血。 的具象化体态，比例略大于凡兽。行动：警觉游走，受惊爆起。气场特效：低阶灵光或妖气；元素倾向 wood
vis_beast_mystic_water_turtle,玄水龟（外貌·战斗视觉）,yaoshou,3,,,False,bestiary_v118.json,【外貌·兽】玄水龟。体态：巨甲如丘，纹路如阵。行动：迟重，缩首时甲合。气场特效：水波护体；元素倾向 water。原摘要：高防水系控制。。战法：高防水系控制。。栖
vis_beast_thunder_horn_tiger,雷角虎（外貌·战斗视觉）,yaoshou,3,,,False,bestiary_v118.json,【外貌·兽】雷角虎。体态：大型猫科骨架，肩肌贲起，目如灯。行动：箭步无声，扑杀带风。气场特效：兽王压感；元素倾向 thunder。原摘要：冲锋雷击。。战法：冲锋
vis_beast_demon_core_bear,妖丹熊（外貌·战斗视觉）,yaoshou,3,,,False,bestiary_v118.json,【外貌·兽】妖丹熊。体态：依名「妖丹熊」：结丹初，体内结妖丹。 的具象化体态，比例略大于凡兽。行动：警觉游走，受惊爆起。气场特效：低阶灵光或妖气；元素倾向 ea
vis_beast_baby_carp_demon,婴鲤兽（外貌·战斗视觉）,yaoshou,3,,,False,bestiary_v118.json,【外貌·兽】婴鲤兽。体态：依名「婴鲤兽」：娃娃脸鱼尾，水罡神雷。 的具象化体态，比例略大于凡兽。行动：警觉游走，受惊爆起。气场特效：低阶灵光或妖气；元素倾向 w
vis_beast_ice_soul_serpent,冰魄蛇（外貌·战斗视觉）,yaoshou,3,,,False,bestiary_v118.json,【外貌·兽】冰魄蛇。体态：节肢或蜿体，甲壳/鳞粉/复眼细节清晰。行动：贴地或短飞，轨迹诡异。气场特效：毒雾或丝线反光；元素倾向 ice。原摘要：冰冻毒。。战法：
vis_beast_spirit_fox,灵狐（外貌·战斗视觉）,lingshou,3,,,True,bestiary_v118.json,【外貌·兽】灵狐。体态：狐形修美，尾数可见，毛尖灵光。行动：似幻似真的踱步。气场特效：迷雾与叠影；元素倾向 illusion。原摘要：幻术闪避可驯服。。战法：幻
vis_beast_shape_shift_trial_beast,化形试炼兽（外貌·战斗视觉）,yaoshou,3,,,False,bestiary_v118.json,【外貌·兽】化形试炼兽。体态：依名「化形试炼兽」：七级渡劫化形模板。 的具象化体态，比例略大于凡兽。行动：警觉游走，受惊爆起。气场特效：低阶灵光或妖气；元素倾向
vis_beast_thunder_jiao,雷劫蛟（外貌·战斗视觉）,yaoshou,3,,,False,bestiary_v118.json,【外貌·兽】雷劫蛟。体态：修长蜿体，鳞片层叠反光，四爪或无爪视阶，须眉杀气。行动：水/云中折行，尾扫成浪。气场特效：水压或雷火环绕；元素倾向 thunder。原
vis_beast_silver_wing_yaksha,银翅夜叉（外貌·战斗视觉）,yaoshou,3,,,False,bestiary_v118.json,【外貌·兽】银翅夜叉。体态：依名「银翅夜叉」：炼尸/妖 hybrid，风土遁幻术。 的具象化体态，比例略大于凡兽。行动：警觉游走，受惊爆起。气场特效：低阶灵光或
vis_beast_wind_split_beast,裂风兽（外貌·战斗视觉）,yaoshou,3,,,False,bestiary_v118.json,【外貌·兽】裂风兽。体态：依名「裂风兽」：妖王级，学人族技术。 的具象化体态，比例略大于凡兽。行动：警觉游走，受惊爆起。气场特效：低阶灵光或妖气；元素倾向 wi
vis_beast_earth_armor_dragon,土甲龙（外貌·战斗视觉）,yaoshou,3,,,False,bestiary_v118.json,【外貌·兽】土甲龙。体态：修长蜿体，鳞片层叠反光，四爪或无爪视阶，须眉杀气。行动：水/云中折行，尾扫成浪。气场特效：水压或雷火环绕；元素倾向 earth。原摘要
vis_beast_fire_jiao_adult,离火蛟（外貌·战斗视觉）,yaoshou,3,,,False,bestiary_v118.json,【外貌·兽】离火蛟。体态：修长蜿体，鳞片层叠反光，四爪或无爪视阶，须眉杀气。行动：水/云中折行，尾扫成浪。气场特效：水压或雷火环绕；元素倾向 fire。原摘要：
vis_beast_suanni_beast,狻猊兽（外貌·战斗视觉）,yaoshou,3,,,False,bestiary_v118.json,【外貌·兽】狻猊兽。体态：依名「狻猊兽」：上古兽形。 的具象化体态，比例略大于凡兽。行动：警觉游走，受惊爆起。气场特效：低阶灵光或妖气；元素倾向 fire。原摘
vis_beast_four_ear_gold_ape,四耳金猿（外貌·战斗视觉）,yaoshou,3,,,False,bestiary_v118.json,【外貌·兽】四耳金猿。体态：长臂金毛或巨猿，面有智光。行动：荡跃砸地。气场特效：力场震尘；元素倾向 metal。原摘要：金黄巨猴凶恶。。战法：金黄巨猴凶恶。。栖
vis_beast_gold_body_moon_corpse,金身月尸（外貌·战斗视觉）,yaoshou,3,,,False,bestiary_v118.json,【外貌·兽】金身月尸。体态：干尸或金身皮相，关节反常。行动：瞬步金遁式滑移。气场特效：阴风与尸臭光粒；元素倾向 metal。原摘要：人界顶阶炼尸，金遁。。战法：
vis_beast_six_wing_frost_centipede,六翼霜蚣（外貌·战斗视觉）,yaoshou,3,,,False,bestiary_v118.json,【外貌·兽】六翼霜蚣。体态：节肢或蜿体，甲壳/鳞粉/复眼细节清晰。行动：贴地或短飞，轨迹诡异。气场特效：毒雾或丝线反光；元素倾向 ice。原摘要：冰龙血统灵虫。
vis_beast_leopard_qilin_beast,豹麟兽（外貌·战斗视觉）,yaoshou,3,,,False,bestiary_v118.json,【外貌·兽】豹麟兽。体态：大型猫科骨架，肩肌贲起，目如灯。行动：箭步无声，扑杀带风。气场特效：兽王压感；元素倾向 mixed。原摘要：麒麟血脉，元婴实力幼体。。
vis_beast_mirage_sand_beast,蜃兽（外貌·战斗视觉）,yaoshou,3,,,False,bestiary_v118.json,【外貌·兽】蜃兽。体态：依名「蜃兽」：双蛇首蛙身，幻化。 的具象化体态，比例略大于凡兽。行动：警觉游走，受惊爆起。气场特效：低阶灵光或妖气；元素倾向 illus
vis_beast_sky_tiger_beast,天虎兽（外貌·战斗视觉）,yaoshou,3,,,False,bestiary_v118.json,【外貌·兽】天虎兽。体态：大型猫科骨架，肩肌贲起，目如灯。行动：箭步无声，扑杀带风。气场特效：兽王压感；元素倾向 earth_wind。原摘要：土风法术瞬移。。
vis_beast_holy_peacock,圣禽（青孔雀）（外貌·战斗视觉）,yaoshou,3,,,False,bestiary_v118.json,【外貌·兽】圣禽（青孔雀）。体态：翼展夸张，羽有金属或火焰光泽。行动：盘旋俯冲。气场特效：风火或圣辉；元素倾向 fire。原摘要：慕兰供奉，妖火。。战法：慕兰供
vis_beast_soul_weep_beast,泣魂兽（外貌·战斗视觉）,yaoshou,3,,,False,bestiary_v118.json,【外貌·兽】泣魂兽。体态：依名「泣魂兽」：冥河阴兽，啼哭可乱人心神，常伴尸气。 的具象化体态，比例略大于凡兽。行动：警觉游走，受惊爆起。气场特效：低阶灵光或妖气
vis_beast_phantom_flame_moth,幻焰蛾（外貌·战斗视觉）,yaoshou,3,,,False,bestiary_v118.json,【外貌·兽】幻焰蛾。体态：节肢或蜿体，甲壳/鳞粉/复眼细节清晰。行动：贴地或短飞，轨迹诡异。气场特效：毒雾或丝线反光；元素倾向 fire。原摘要：堕魔谷群居妖蛾
vis_beast_gold_devour_beetle,噬金虫（外貌·战斗视觉）,lingshou,3,,,True,bestiary_v118.json,【外貌·兽】噬金虫。体态：节肢或蜿体，甲壳/鳞粉/复眼细节清晰。行动：贴地或短飞，轨迹诡异。气场特效：毒雾或丝线反光；元素倾向 metal。原摘要：啃噬五金法宝
vis_beast_soul_weeping_beast,啼魂兽（外貌·战斗视觉）,lingshou,3,,,True,bestiary_v118.json,【外貌·兽】啼魂兽。体态：依名「啼魂兽」：尖啸伤魂，对鬼物克制极强。 的具象化体态，比例略大于凡兽。行动：警觉游走，受惊爆起。气场特效：低阶灵光或妖气；元素倾向
vis_beast_mountain_giant_ape,山岳巨猿（外貌·战斗视觉）,yaoshou,3,,,False,bestiary_v118.json,【外貌·兽】山岳巨猿。体态：长臂金毛或巨猿，面有智光。行动：荡跃砸地。气场特效：力场震尘；元素倾向 earth。原摘要：力大无穷，可化形前兆。。战法：力大无穷，
vis_beast_blood_jiao,血蛟（外貌·战斗视觉）,yaoshou,3,,,False,bestiary_v118.json,【外貌·兽】血蛟。体态：修长蜿体，鳞片层叠反光，四爪或无爪视阶，须眉杀气。行动：水/云中折行，尾扫成浪。气场特效：水压或雷火环绕；元素倾向 water。原摘要：
vis_beast_three_tailed_fox,三尾妖狐（外貌·战斗视觉）,lingshou,3,,,True,bestiary_v118.json,【外貌·兽】三尾妖狐。体态：狐形修美，尾数可见，毛尖灵光。行动：似幻似真的踱步。气场特效：迷雾与叠影；元素倾向 illusion。原摘要：擅幻术，灵狐一脉。。战
vis_beast_iron_lion_beast,铁甲狮兽（外貌·战斗视觉）,lingshou,3,,,True,bestiary_v118.json,【外貌·兽】铁甲狮兽。体态：大型猫科骨架，肩肌贲起，目如灯。行动：箭步无声，扑杀带风。气场特效：兽王压感；元素倾向 metal。原摘要：体修型妖兽，皮糙肉厚。。
vis_beast_cloud_silk_spider,云丝蛛（外貌·战斗视觉）,lingshou,3,,,True,bestiary_v118.json,【外貌·兽】云丝蛛。体态：节肢或蜿体，甲壳/鳞粉/复眼细节清晰。行动：贴地或短飞，轨迹诡异。气场特效：毒雾或丝线反光；元素倾向 wood。原摘要：吐丝缚敌，可炼
vis_beast_flame_salamander,火蜥兽（外貌·战斗视觉）,lingshou,3,,,True,bestiary_v118.json,【外貌·兽】火蜥兽。体态：依名「火蜥兽」：火系低阶妖兽，内丹可入药。 的具象化体态，比例略大于凡兽。行动：警觉游走，受惊爆起。气场特效：低阶灵光或妖气；元素倾向
vis_beast_ice_phoenix_chick,冰凤幼禽（外貌·战斗视觉）,lingshou,3,,,True,bestiary_v118.json,【外貌·兽】冰凤幼禽。体态：翼展夸张，羽有金属或火焰光泽。行动：盘旋俯冲。气场特效：风火或圣辉；元素倾向 ice。原摘要：灵界珍禽幼体，极难驯服。。战法：灵界珍
vis_beast_void_mantis,虚空螳螂（外貌·战斗视觉）,yaoshou,3,,,False,bestiary_v118.json,【外貌·兽】虚空螳螂。体态：依名「虚空螳螂」：灵界虫族，前肢如刃。 的具象化体态，比例略大于凡兽。行动：警觉游走，受惊爆起。气场特效：低阶灵光或妖气；元素倾向 
vis_npc_huangfeng_valley_sect_master,黄枫谷·掌门/代掌（外貌）,humanoid_other,2,,,,bestiary_v118.json,【外貌·NPC】黄枫谷·掌门/代掌。域：tiannan。职司：sect_master。外貌：华发或冠冕，袍制最尊，气机深海般压人，眉眼少喜怒；袍色正，气息清。装
vis_npc_huangfeng_valley_great_elder,黄枫谷·大长老（外貌）,humanoid_other,2,,,,bestiary_v118.json,【外貌·NPC】黄枫谷·大长老。域：tiannan。职司：great_elder。外貌：面相严肃，鬓霜，站姿如松；袍色正，气息清。装备：执法令牌、简朴但高阶护符
vis_npc_huangfeng_valley_alchemy_elder,黄枫谷·丹堂执事（外貌）,humanoid_other,2,,,,bestiary_v118.json,【外貌·NPC】黄枫谷·丹堂执事。域：tiannan。职司：alchemy_elder。外貌：常带丹香与火燎气，指尖有药渍；袍色正，气息清。装备：丹炉微缩、火折
vis_npc_huangfeng_valley_outer_deacon,黄枫谷·外门执事（外貌）,humanoid_other,2,,,,bestiary_v118.json,【外貌·NPC】黄枫谷·外门执事。域：tiannan。职司：outer_deacon。外貌：青袍利落，表情势利或公事公办；袍色正，气息清。装备：名册、外门令、低
vis_npc_huangfeng_valley_patrol_captain,黄枫谷·巡卫队长（外貌）,humanoid_other,2,,,,bestiary_v118.json,【外貌·NPC】黄枫谷·巡卫队长。域：tiannan。职司：patrol_captain。外貌：甲片或劲装，目光扫人如刀；袍色正，气息清。装备：制式兵刃、拘灵索
vis_npc_yanyue_sect_sect_master,掩月宗·掌门/代掌（外貌）,humanoid_other,2,,,,bestiary_v118.json,【外貌·NPC】掩月宗·掌门/代掌。域：tiannan。职司：sect_master。外貌：华发或冠冕，袍制最尊，气机深海般压人，眉眼少喜怒；袍色正，气息清。装
vis_npc_yanyue_sect_great_elder,掩月宗·大长老（外貌）,humanoid_other,2,,,,bestiary_v118.json,【外貌·NPC】掩月宗·大长老。域：tiannan。职司：great_elder。外貌：面相严肃，鬓霜，站姿如松；袍色正，气息清。装备：执法令牌、简朴但高阶护符
vis_npc_yanyue_sect_alchemy_elder,掩月宗·丹堂执事（外貌）,humanoid_other,2,,,,bestiary_v118.json,【外貌·NPC】掩月宗·丹堂执事。域：tiannan。职司：alchemy_elder。外貌：常带丹香与火燎气，指尖有药渍；袍色正，气息清。装备：丹炉微缩、火折
vis_npc_yanyue_sect_outer_deacon,掩月宗·外门执事（外貌）,humanoid_other,2,,,,bestiary_v118.json,【外貌·NPC】掩月宗·外门执事。域：tiannan。职司：outer_deacon。外貌：青袍利落，表情势利或公事公办；袍色正，气息清。装备：名册、外门令、低
vis_npc_yanyue_sect_patrol_captain,掩月宗·巡卫队长（外貌）,humanoid_other,2,,,,bestiary_v118.json,【外貌·NPC】掩月宗·巡卫队长。域：tiannan。职司：patrol_captain。外貌：甲片或劲装，目光扫人如刀；袍色正，气息清。装备：制式兵刃、拘灵索
vis_npc_spirit_beast_mountain_sect_master,灵兽山·掌门/代掌（外貌）,humanoid_other,2,,,,bestiary_v118.json,【外貌·NPC】灵兽山·掌门/代掌。域：tiannan。职司：sect_master。外貌：华发或冠冕，袍制最尊，气机深海般压人，眉眼少喜怒；袍色正，气息清。装
vis_npc_spirit_beast_mountain_great_elder,灵兽山·大长老（外貌）,humanoid_other,2,,,,bestiary_v118.json,【外貌·NPC】灵兽山·大长老。域：tiannan。职司：great_elder。外貌：面相严肃，鬓霜，站姿如松；袍色正，气息清。装备：执法令牌、简朴但高阶护符
vis_npc_spirit_beast_mountain_alchemy_elder,灵兽山·丹堂执事（外貌）,humanoid_other,2,,,,bestiary_v118.json,【外貌·NPC】灵兽山·丹堂执事。域：tiannan。职司：alchemy_elder。外貌：常带丹香与火燎气，指尖有药渍；袍色正，气息清。装备：丹炉微缩、火折
vis_npc_spirit_beast_mountain_outer_deacon,灵兽山·外门执事（外貌）,humanoid_other,2,,,,bestiary_v118.json,【外貌·NPC】灵兽山·外门执事。域：tiannan。职司：outer_deacon。外貌：青袍利落，表情势利或公事公办；袍色正，气息清。装备：名册、外门令、低
vis_npc_spirit_beast_mountain_patrol_captain,灵兽山·巡卫队长（外貌）,humanoid_other,2,,,,bestiary_v118.json,【外貌·NPC】灵兽山·巡卫队长。域：tiannan。职司：patrol_captain。外貌：甲片或劲装，目光扫人如刀；袍色正，气息清。装备：制式兵刃、拘灵索
vis_npc_qingxu_gate_sect_master,清虚门·掌门/代掌（外貌）,humanoid_other,2,,,,bestiary_v118.json,【外貌·NPC】清虚门·掌门/代掌。域：tiannan。职司：sect_master。外貌：华发或冠冕，袍制最尊，气机深海般压人，眉眼少喜怒；袍色正，气息清。装
vis_npc_qingxu_gate_great_elder,清虚门·大长老（外貌）,humanoid_other,2,,,,bestiary_v118.json,【外貌·NPC】清虚门·大长老。域：tiannan。职司：great_elder。外貌：面相严肃，鬓霜，站姿如松；袍色正，气息清。装备：执法令牌、简朴但高阶护符
vis_npc_qingxu_gate_alchemy_elder,清虚门·丹堂执事（外貌）,humanoid_other,2,,,,bestiary_v118.json,【外貌·NPC】清虚门·丹堂执事。域：tiannan。职司：alchemy_elder。外貌：常带丹香与火燎气，指尖有药渍；袍色正，气息清。装备：丹炉微缩、火折
vis_npc_qingxu_gate_outer_deacon,清虚门·外门执事（外貌）,humanoid_other,2,,,,bestiary_v118.json,【外貌·NPC】清虚门·外门执事。域：tiannan。职司：outer_deacon。外貌：青袍利落，表情势利或公事公办；袍色正，气息清。装备：名册、外门令、低
vis_npc_qingxu_gate_patrol_captain,清虚门·巡卫队长（外貌）,humanoid_other,2,,,,bestiary_v118.json,【外貌·NPC】清虚门·巡卫队长。域：tiannan。职司：patrol_captain。外貌：甲片或劲装，目光扫人如刀；袍色正，气息清。装备：制式兵刃、拘灵索
vis_npc_huadao_wu_sect_master,化刀坞·掌门/代掌（外貌）,humanoid_other,2,,,,bestiary_v118.json,【外貌·NPC】化刀坞·掌门/代掌。域：tiannan。职司：sect_master。外貌：华发或冠冕，袍制最尊，气机深海般压人，眉眼少喜怒；袍色正，气息清。装
vis_npc_huadao_wu_great_elder,化刀坞·大长老（外貌）,humanoid_other,2,,,,bestiary_v118.json,【外貌·NPC】化刀坞·大长老。域：tiannan。职司：great_elder。外貌：面相严肃，鬓霜，站姿如松；袍色正，气息清。装备：执法令牌、简朴但高阶护符
vis_npc_huadao_wu_alchemy_elder,化刀坞·丹堂执事（外貌）,humanoid_other,2,,,,bestiary_v118.json,【外貌·NPC】化刀坞·丹堂执事。域：tiannan。职司：alchemy_elder。外貌：常带丹香与火燎气，指尖有药渍；袍色正，气息清。装备：丹炉微缩、火折
vis_npc_huadao_wu_outer_deacon,化刀坞·外门执事（外貌）,humanoid_other,2,,,,bestiary_v118.json,【外貌·NPC】化刀坞·外门执事。域：tiannan。职司：outer_deacon。外貌：青袍利落，表情势利或公事公办；袍色正，气息清。装备：名册、外门令、低
vis_npc_huadao_wu_patrol_captain,化刀坞·巡卫队长（外貌）,humanoid_other,2,,,,bestiary_v118.json,【外貌·NPC】化刀坞·巡卫队长。域：tiannan。职司：patrol_captain。外貌：甲片或劲装，目光扫人如刀；袍色正，气息清。装备：制式兵刃、拘灵索
vis_npc_tianque_fort_sect_master,天阙堡·掌门/代掌（外貌）,humanoid_other,2,,,,bestiary_v118.json,【外貌·NPC】天阙堡·掌门/代掌。域：tiannan。职司：sect_master。外貌：华发或冠冕，袍制最尊，气机深海般压人，眉眼少喜怒；袍色正，气息清。装
vis_npc_tianque_fort_great_elder,天阙堡·大长老（外貌）,humanoid_other,2,,,,bestiary_v118.json,【外貌·NPC】天阙堡·大长老。域：tiannan。职司：great_elder。外貌：面相严肃，鬓霜，站姿如松；袍色正，气息清。装备：执法令牌、简朴但高阶护符
vis_npc_tianque_fort_alchemy_elder,天阙堡·丹堂执事（外貌）,humanoid_other,2,,,,bestiary_v118.json,【外貌·NPC】天阙堡·丹堂执事。域：tiannan。职司：alchemy_elder。外貌：常带丹香与火燎气，指尖有药渍；袍色正，气息清。装备：丹炉微缩、火折
vis_npc_tianque_fort_outer_deacon,天阙堡·外门执事（外貌）,humanoid_other,2,,,,bestiary_v118.json,【外貌·NPC】天阙堡·外门执事。域：tiannan。职司：outer_deacon。外貌：青袍利落，表情势利或公事公办；袍色正，气息清。装备：名册、外门令、低
vis_npc_tianque_fort_patrol_captain,天阙堡·巡卫队长（外貌）,humanoid_other,2,,,,bestiary_v118.json,【外貌·NPC】天阙堡·巡卫队长。域：tiannan。职司：patrol_captain。外貌：甲片或劲装，目光扫人如刀；袍色正，气息清。装备：制式兵刃、拘灵索
vis_npc_giant_sword_gate_sect_master,巨剑门·掌门/代掌（外貌）,humanoid_other,2,,,,bestiary_v118.json,【外貌·NPC】巨剑门·掌门/代掌。域：tiannan。职司：sect_master。外貌：华发或冠冕，袍制最尊，气机深海般压人，眉眼少喜怒；袍色正，气息清。装
vis_npc_giant_sword_gate_great_elder,巨剑门·大长老（外貌）,humanoid_other,2,,,,bestiary_v118.json,【外貌·NPC】巨剑门·大长老。域：tiannan。职司：great_elder。外貌：面相严肃，鬓霜，站姿如松；袍色正，气息清。装备：执法令牌、简朴但高阶护符
vis_npc_giant_sword_gate_alchemy_elder,巨剑门·丹堂执事（外貌）,humanoid_other,2,,,,bestiary_v118.json,【外貌·NPC】巨剑门·丹堂执事。域：tiannan。职司：alchemy_elder。外貌：常带丹香与火燎气，指尖有药渍；袍色正，气息清。装备：丹炉微缩、火折
vis_npc_giant_sword_gate_outer_deacon,巨剑门·外门执事（外貌）,humanoid_other,2,,,,bestiary_v118.json,【外貌·NPC】巨剑门·外门执事。域：tiannan。职司：outer_deacon。外貌：青袍利落，表情势利或公事公办；袍色正，气息清。装备：名册、外门令、低
vis_npc_giant_sword_gate_patrol_captain,巨剑门·巡卫队长（外貌）,humanoid_other,2,,,,bestiary_v118.json,【外貌·NPC】巨剑门·巡卫队长。域：tiannan。职司：patrol_captain。外貌：甲片或劲装，目光扫人如刀；袍色正，气息清。装备：制式兵刃、拘灵索
vis_npc_qixuan_men_sect_master,七玄门·掌门/代掌（外貌）,humanoid_other,2,,,,bestiary_v118.json,【外貌·NPC】七玄门·掌门/代掌。域：tiannan。职司：sect_master。外貌：华发或冠冕，袍制最尊，气机深海般压人，眉眼少喜怒。装备：本命法宝常收
vis_npc_qixuan_men_great_elder,七玄门·大长老（外貌）,humanoid_other,2,,,,bestiary_v118.json,【外貌·NPC】七玄门·大长老。域：tiannan。职司：great_elder。外貌：面相严肃，鬓霜，站姿如松。装备：执法令牌、简朴但高阶护符。立场：neut
vis_npc_qixuan_men_alchemy_elder,七玄门·丹堂执事（外貌）,humanoid_other,2,,,,bestiary_v118.json,【外貌·NPC】七玄门·丹堂执事。域：tiannan。职司：alchemy_elder。外貌：常带丹香与火燎气，指尖有药渍。装备：丹炉微缩、火折、鉴丹镜。立场：
vis_npc_qixuan_men_outer_deacon,七玄门·外门执事（外貌）,humanoid_other,2,,,,bestiary_v118.json,【外貌·NPC】七玄门·外门执事。域：tiannan。职司：outer_deacon。外貌：青袍利落，表情势利或公事公办。装备：名册、外门令、低阶飞剑。立场：n
vis_npc_qixuan_men_patrol_captain,七玄门·巡卫队长（外貌）,humanoid_other,2,,,,bestiary_v118.json,【外貌·NPC】七玄门·巡卫队长。域：tiannan。职司：patrol_captain。外貌：甲片或劲装，目光扫人如刀。装备：制式兵刃、拘灵索、声望令。立场：
vis_npc_ghost_spirit_gate_sect_master,鬼灵门·掌门/代掌（外貌）,humanoid_other,2,,,,bestiary_v118.json,【外貌·NPC】鬼灵门·掌门/代掌。域：tiannan。职司：sect_master。外貌：华发或冠冕，袍制最尊，气机深海般压人，眉眼少喜怒；袍色偏黑紫，神采阴
vis_npc_ghost_spirit_gate_great_elder,鬼灵门·大长老（外貌）,humanoid_other,2,,,,bestiary_v118.json,【外貌·NPC】鬼灵门·大长老。域：tiannan。职司：great_elder。外貌：面相严肃，鬓霜，站姿如松；袍色偏黑紫，神采阴锐。装备：执法令牌、简朴但高
vis_npc_ghost_spirit_gate_alchemy_elder,鬼灵门·丹堂执事（外貌）,humanoid_other,2,,,,bestiary_v118.json,【外貌·NPC】鬼灵门·丹堂执事。域：tiannan。职司：alchemy_elder。外貌：常带丹香与火燎气，指尖有药渍；袍色偏黑紫，神采阴锐。装备：丹炉微缩
vis_npc_ghost_spirit_gate_outer_deacon,鬼灵门·外门执事（外貌）,humanoid_other,2,,,,bestiary_v118.json,【外貌·NPC】鬼灵门·外门执事。域：tiannan。职司：outer_deacon。外貌：青袍利落，表情势利或公事公办；袍色偏黑紫，神采阴锐。装备：名册、外门
vis_npc_ghost_spirit_gate_patrol_captain,鬼灵门·巡卫队长（外貌）,humanoid_other,2,,,,bestiary_v118.json,【外貌·NPC】鬼灵门·巡卫队长。域：tiannan。职司：patrol_captain。外貌：甲片或劲装，目光扫人如刀；袍色偏黑紫，神采阴锐。装备：制式兵刃、
vis_npc_hehuan_sect_sect_master,合欢宗·掌门/代掌（外貌）,humanoid_other,2,,,,bestiary_v118.json,【外貌·NPC】合欢宗·掌门/代掌。域：tiannan。职司：sect_master。外貌：华发或冠冕，袍制最尊，气机深海般压人，眉眼少喜怒；袍色偏黑紫，神采阴
vis_npc_hehuan_sect_great_elder,合欢宗·大长老（外貌）,humanoid_other,2,,,,bestiary_v118.json,【外貌·NPC】合欢宗·大长老。域：tiannan。职司：great_elder。外貌：面相严肃，鬓霜，站姿如松；袍色偏黑紫，神采阴锐。装备：执法令牌、简朴但高
vis_npc_hehuan_sect_alchemy_elder,合欢宗·丹堂执事（外貌）,humanoid_other,2,,,,bestiary_v118.json,【外貌·NPC】合欢宗·丹堂执事。域：tiannan。职司：alchemy_elder。外貌：常带丹香与火燎气，指尖有药渍；袍色偏黑紫，神采阴锐。装备：丹炉微缩
vis_npc_hehuan_sect_outer_deacon,合欢宗·外门执事（外貌）,humanoid_other,2,,,,bestiary_v118.json,【外貌·NPC】合欢宗·外门执事。域：tiannan。职司：outer_deacon。外貌：青袍利落，表情势利或公事公办；袍色偏黑紫，神采阴锐。装备：名册、外门
vis_npc_hehuan_sect_patrol_captain,合欢宗·巡卫队长（外貌）,humanoid_other,2,,,,bestiary_v118.json,【外貌·NPC】合欢宗·巡卫队长。域：tiannan。职司：patrol_captain。外貌：甲片或劲装，目光扫人如刀；袍色偏黑紫，神采阴锐。装备：制式兵刃、
vis_npc_moyan_gate_sect_master,魔焰门·掌门/代掌（外貌）,humanoid_other,2,,,,bestiary_v118.json,【外貌·NPC】魔焰门·掌门/代掌。域：tiannan。职司：sect_master。外貌：华发或冠冕，袍制最尊，气机深海般压人，眉眼少喜怒；袍色偏黑紫，神采阴
vis_npc_moyan_gate_great_elder,魔焰门·大长老（外貌）,humanoid_other,2,,,,bestiary_v118.json,【外貌·NPC】魔焰门·大长老。域：tiannan。职司：great_elder。外貌：面相严肃，鬓霜，站姿如松；袍色偏黑紫，神采阴锐。装备：执法令牌、简朴但高
vis_npc_moyan_gate_alchemy_elder,魔焰门·丹堂执事（外貌）,humanoid_other,2,,,,bestiary_v118.json,【外貌·NPC】魔焰门·丹堂执事。域：tiannan。职司：alchemy_elder。外貌：常带丹香与火燎气，指尖有药渍；袍色偏黑紫，神采阴锐。装备：丹炉微缩
vis_npc_moyan_gate_outer_deacon,魔焰门·外门执事（外貌）,humanoid_other,2,,,,bestiary_v118.json,【外貌·NPC】魔焰门·外门执事。域：tiannan。职司：outer_deacon。外貌：青袍利落，表情势利或公事公办；袍色偏黑紫，神采阴锐。装备：名册、外门
vis_npc_moyan_gate_patrol_captain,魔焰门·巡卫队长（外貌）,humanoid_other,2,,,,bestiary_v118.json,【外貌·NPC】魔焰门·巡卫队长。域：tiannan。职司：patrol_captain。外貌：甲片或劲装，目光扫人如刀；袍色偏黑紫，神采阴锐。装备：制式兵刃、
vis_npc_tiansha_sect_sect_master,天煞宗·掌门/代掌（外貌）,humanoid_other,2,,,,bestiary_v118.json,【外貌·NPC】天煞宗·掌门/代掌。域：tiannan。职司：sect_master。外貌：华发或冠冕，袍制最尊，气机深海般压人，眉眼少喜怒；袍色偏黑紫，神采阴
vis_npc_tiansha_sect_great_elder,天煞宗·大长老（外貌）,humanoid_other,2,,,,bestiary_v118.json,【外貌·NPC】天煞宗·大长老。域：tiannan。职司：great_elder。外貌：面相严肃，鬓霜，站姿如松；袍色偏黑紫，神采阴锐。装备：执法令牌、简朴但高
vis_npc_tiansha_sect_alchemy_elder,天煞宗·丹堂执事（外貌）,humanoid_other,2,,,,bestiary_v118.json,【外貌·NPC】天煞宗·丹堂执事。域：tiannan。职司：alchemy_elder。外貌：常带丹香与火燎气，指尖有药渍；袍色偏黑紫，神采阴锐。装备：丹炉微缩
vis_npc_tiansha_sect_outer_deacon,天煞宗·外门执事（外貌）,humanoid_other,2,,,,bestiary_v118.json,【外貌·NPC】天煞宗·外门执事。域：tiannan。职司：outer_deacon。外貌：青袍利落，表情势利或公事公办；袍色偏黑紫，神采阴锐。装备：名册、外门
vis_npc_tiansha_sect_patrol_captain,天煞宗·巡卫队长（外貌）,humanoid_other,2,,,,bestiary_v118.json,【外貌·NPC】天煞宗·巡卫队长。域：tiannan。职司：patrol_captain。外貌：甲片或劲装，目光扫人如刀；袍色偏黑紫，神采阴锐。装备：制式兵刃、
vis_npc_yuling_sect_sect_master,御灵宗·掌门/代掌（外貌）,humanoid_other,2,,,,bestiary_v118.json,【外貌·NPC】御灵宗·掌门/代掌。域：tiannan。职司：sect_master。外貌：华发或冠冕，袍制最尊，气机深海般压人，眉眼少喜怒；袍色偏黑紫，神采阴
vis_npc_yuling_sect_great_elder,御灵宗·大长老（外貌）,humanoid_other,2,,,,bestiary_v118.json,【外貌·NPC】御灵宗·大长老。域：tiannan。职司：great_elder。外貌：面相严肃，鬓霜，站姿如松；袍色偏黑紫，神采阴锐。装备：执法令牌、简朴但高
vis_npc_yuling_sect_alchemy_elder,御灵宗·丹堂执事（外貌）,humanoid_other,2,,,,bestiary_v118.json,【外貌·NPC】御灵宗·丹堂执事。域：tiannan。职司：alchemy_elder。外貌：常带丹香与火燎气，指尖有药渍；袍色偏黑紫，神采阴锐。装备：丹炉微缩
vis_npc_yuling_sect_outer_deacon,御灵宗·外门执事（外貌）,humanoid_other,2,,,,bestiary_v118.json,【外貌·NPC】御灵宗·外门执事。域：tiannan。职司：outer_deacon。外貌：青袍利落，表情势利或公事公办；袍色偏黑紫，神采阴锐。装备：名册、外门
vis_npc_yuling_sect_patrol_captain,御灵宗·巡卫队长（外貌）,humanoid_other,2,,,,bestiary_v118.json,【外貌·NPC】御灵宗·巡卫队长。域：tiannan。职司：patrol_captain。外貌：甲片或劲装，目光扫人如刀；袍色偏黑紫，神采阴锐。装备：制式兵刃、
vis_npc_qianhuan_sect_sect_master,千幻宗·掌门/代掌（外貌）,humanoid_other,2,,,,bestiary_v118.json,【外貌·NPC】千幻宗·掌门/代掌。域：tiannan。职司：sect_master。外貌：华发或冠冕，袍制最尊，气机深海般压人，眉眼少喜怒；袍色偏黑紫，神采阴
vis_npc_qianhuan_sect_great_elder,千幻宗·大长老（外貌）,humanoid_other,2,,,,bestiary_v118.json,【外貌·NPC】千幻宗·大长老。域：tiannan。职司：great_elder。外貌：面相严肃，鬓霜，站姿如松；袍色偏黑紫，神采阴锐。装备：执法令牌、简朴但高
vis_npc_qianhuan_sect_alchemy_elder,千幻宗·丹堂执事（外貌）,humanoid_other,2,,,,bestiary_v118.json,【外貌·NPC】千幻宗·丹堂执事。域：tiannan。职司：alchemy_elder。外貌：常带丹香与火燎气，指尖有药渍；袍色偏黑紫，神采阴锐。装备：丹炉微缩
vis_npc_qianhuan_sect_outer_deacon,千幻宗·外门执事（外貌）,humanoid_other,2,,,,bestiary_v118.json,【外貌·NPC】千幻宗·外门执事。域：tiannan。职司：outer_deacon。外貌：青袍利落，表情势利或公事公办；袍色偏黑紫，神采阴锐。装备：名册、外门
vis_npc_qianhuan_sect_patrol_captain,千幻宗·巡卫队长（外貌）,humanoid_other,2,,,,bestiary_v118.json,【外貌·NPC】千幻宗·巡卫队长。域：tiannan。职司：patrol_captain。外貌：甲片或劲装，目光扫人如刀；袍色偏黑紫，神采阴锐。装备：制式兵刃、
vis_npc_luoyun_sect_sect_master,落云宗·掌门/代掌（外貌）,humanoid_other,2,,,,bestiary_v118.json,【外貌·NPC】落云宗·掌门/代掌。域：tiannan。职司：sect_master。外貌：华发或冠冕，袍制最尊，气机深海般压人，眉眼少喜怒；袍色正，气息清。装
vis_npc_luoyun_sect_great_elder,落云宗·大长老（外貌）,humanoid_other,2,,,,bestiary_v118.json,【外貌·NPC】落云宗·大长老。域：tiannan。职司：great_elder。外貌：面相严肃，鬓霜，站姿如松；袍色正，气息清。装备：执法令牌、简朴但高阶护符
vis_npc_luoyun_sect_alchemy_elder,落云宗·丹堂执事（外貌）,humanoid_other,2,,,,bestiary_v118.json,【外貌·NPC】落云宗·丹堂执事。域：tiannan。职司：alchemy_elder。外貌：常带丹香与火燎气，指尖有药渍；袍色正，气息清。装备：丹炉微缩、火折
vis_npc_luoyun_sect_outer_deacon,落云宗·外门执事（外貌）,humanoid_other,2,,,,bestiary_v118.json,【外貌·NPC】落云宗·外门执事。域：tiannan。职司：outer_deacon。外貌：青袍利落，表情势利或公事公办；袍色正，气息清。装备：名册、外门令、低
vis_npc_luoyun_sect_patrol_captain,落云宗·巡卫队长（外貌）,humanoid_other,2,,,,bestiary_v118.json,【外貌·NPC】落云宗·巡卫队长。域：tiannan。职司：patrol_captain。外貌：甲片或劲装，目光扫人如刀；袍色正，气息清。装备：制式兵刃、拘灵索
vis_npc_star_palace_sect_master,星宫·掌门/代掌（外貌）,humanoid_other,2,,,,bestiary_v118.json,【外貌·NPC】星宫·掌门/代掌。域：chaotic_sea。职司：sect_master。外貌：华发或冠冕，袍制最尊，气机深海般压人，眉眼少喜怒。装备：本命法
vis_npc_star_palace_great_elder,星宫·大长老（外貌）,humanoid_other,2,,,,bestiary_v118.json,【外貌·NPC】星宫·大长老。域：chaotic_sea。职司：great_elder。外貌：面相严肃，鬓霜，站姿如松。装备：执法令牌、简朴但高阶护符。立场：l
vis_npc_star_palace_alchemy_elder,星宫·丹堂执事（外貌）,humanoid_other,2,,,,bestiary_v118.json,【外貌·NPC】星宫·丹堂执事。域：chaotic_sea。职司：alchemy_elder。外貌：常带丹香与火燎气，指尖有药渍。装备：丹炉微缩、火折、鉴丹镜。
vis_npc_star_palace_outer_deacon,星宫·外门执事（外貌）,humanoid_other,2,,,,bestiary_v118.json,【外貌·NPC】星宫·外门执事。域：chaotic_sea。职司：outer_deacon。外貌：青袍利落，表情势利或公事公办。装备：名册、外门令、低阶飞剑。立
vis_npc_star_palace_patrol_captain,星宫·巡卫队长（外貌）,humanoid_other,2,,,,bestiary_v118.json,【外貌·NPC】星宫·巡卫队长。域：chaotic_sea。职司：patrol_captain。外貌：甲片或劲装，目光扫人如刀。装备：制式兵刃、拘灵索、声望令。
vis_npc_inverse_star_alliance_sect_master,逆星盟·掌门/代掌（外貌）,humanoid_other,2,,,,bestiary_v118.json,【外貌·NPC】逆星盟·掌门/代掌。域：chaotic_sea。职司：sect_master。外貌：华发或冠冕，袍制最尊，气机深海般压人，眉眼少喜怒。装备：本命
vis_npc_inverse_star_alliance_great_elder,逆星盟·大长老（外貌）,humanoid_other,2,,,,bestiary_v118.json,【外貌·NPC】逆星盟·大长老。域：chaotic_sea。职司：great_elder。外貌：面相严肃，鬓霜，站姿如松。装备：执法令牌、简朴但高阶护符。立场：
vis_npc_inverse_star_alliance_alchemy_elder,逆星盟·丹堂执事（外貌）,humanoid_other,2,,,,bestiary_v118.json,【外貌·NPC】逆星盟·丹堂执事。域：chaotic_sea。职司：alchemy_elder。外貌：常带丹香与火燎气，指尖有药渍。装备：丹炉微缩、火折、鉴丹镜
vis_npc_inverse_star_alliance_outer_deacon,逆星盟·外门执事（外貌）,humanoid_other,2,,,,bestiary_v118.json,【外貌·NPC】逆星盟·外门执事。域：chaotic_sea。职司：outer_deacon。外貌：青袍利落，表情势利或公事公办。装备：名册、外门令、低阶飞剑。
vis_npc_inverse_star_alliance_patrol_captain,逆星盟·巡卫队长（外貌）,humanoid_other,2,,,,bestiary_v118.json,【外貌·NPC】逆星盟·巡卫队长。域：chaotic_sea。职司：patrol_captain。外貌：甲片或劲装，目光扫人如刀。装备：制式兵刃、拘灵索、声望令
vis_npc_qianzhu_teach_sect_master,千竹教·掌门/代掌（外貌）,humanoid_other,2,,,,bestiary_v118.json,【外貌·NPC】千竹教·掌门/代掌。域：extreme_west。职司：sect_master。外貌：华发或冠冕，袍制最尊，气机深海般压人，眉眼少喜怒。装备：本
vis_npc_qianzhu_teach_great_elder,千竹教·大长老（外貌）,humanoid_other,2,,,,bestiary_v118.json,【外貌·NPC】千竹教·大长老。域：extreme_west。职司：great_elder。外貌：面相严肃，鬓霜，站姿如松。装备：执法令牌、简朴但高阶护符。立场
vis_npc_qianzhu_teach_alchemy_elder,千竹教·丹堂执事（外貌）,humanoid_other,2,,,,bestiary_v118.json,【外貌·NPC】千竹教·丹堂执事。域：extreme_west。职司：alchemy_elder。外貌：常带丹香与火燎气，指尖有药渍。装备：丹炉微缩、火折、鉴丹
vis_npc_qianzhu_teach_outer_deacon,千竹教·外门执事（外貌）,humanoid_other,2,,,,bestiary_v118.json,【外貌·NPC】千竹教·外门执事。域：extreme_west。职司：outer_deacon。外貌：青袍利落，表情势利或公事公办。装备：名册、外门令、低阶飞剑
vis_npc_qianzhu_teach_patrol_captain,千竹教·巡卫队长（外貌）,humanoid_other,2,,,,bestiary_v118.json,【外貌·NPC】千竹教·巡卫队长。域：extreme_west。职司：patrol_captain。外貌：甲片或劲装，目光扫人如刀。装备：制式兵刃、拘灵索、声望
vis_npc_mulan_fashi_council_sect_master,慕兰神师府·掌门/代掌（外貌）,humanoid_other,2,,,,bestiary_v118.json,【外貌·NPC】慕兰神师府·掌门/代掌。域：mulan。职司：sect_master。外貌：华发或冠冕，袍制最尊，气机深海般压人，眉眼少喜怒。装备：本命法宝常收
vis_npc_mulan_fashi_council_great_elder,慕兰神师府·大长老（外貌）,humanoid_other,2,,,,bestiary_v118.json,【外貌·NPC】慕兰神师府·大长老。域：mulan。职司：great_elder。外貌：面相严肃，鬓霜，站姿如松。装备：执法令牌、简朴但高阶护符。立场：trib
vis_npc_mulan_fashi_council_alchemy_elder,慕兰神师府·丹堂执事（外貌）,humanoid_other,2,,,,bestiary_v118.json,【外貌·NPC】慕兰神师府·丹堂执事。域：mulan。职司：alchemy_elder。外貌：常带丹香与火燎气，指尖有药渍。装备：丹炉微缩、火折、鉴丹镜。立场：
vis_npc_mulan_fashi_council_outer_deacon,慕兰神师府·外门执事（外貌）,humanoid_other,2,,,,bestiary_v118.json,【外貌·NPC】慕兰神师府·外门执事。域：mulan。职司：outer_deacon。外貌：青袍利落，表情势利或公事公办。装备：名册、外门令、低阶飞剑。立场：t
vis_npc_mulan_fashi_council_patrol_captain,慕兰神师府·巡卫队长（外貌）,humanoid_other,2,,,,bestiary_v118.json,【外貌·NPC】慕兰神师府·巡卫队长。域：mulan。职司：patrol_captain。外貌：甲片或劲装，目光扫人如刀。装备：制式兵刃、拘灵索、声望令。立场：
vis_npc_tianlan_temple_sect_master,天澜圣殿·掌门/代掌（外貌）,humanoid_other,2,,,,bestiary_v118.json,【外貌·NPC】天澜圣殿·掌门/代掌。域：tianlan。职司：sect_master。外貌：华发或冠冕，袍制最尊，气机深海般压人，眉眼少喜怒。装备：本命法宝常
vis_npc_tianlan_temple_great_elder,天澜圣殿·大长老（外貌）,humanoid_other,2,,,,bestiary_v118.json,【外貌·NPC】天澜圣殿·大长老。域：tianlan。职司：great_elder。外貌：面相严肃，鬓霜，站姿如松。装备：执法令牌、简朴但高阶护符。立场：tri
vis_npc_tianlan_temple_alchemy_elder,天澜圣殿·丹堂执事（外貌）,humanoid_other,2,,,,bestiary_v118.json,【外貌·NPC】天澜圣殿·丹堂执事。域：tianlan。职司：alchemy_elder。外貌：常带丹香与火燎气，指尖有药渍。装备：丹炉微缩、火折、鉴丹镜。立场
vis_npc_tianlan_temple_outer_deacon,天澜圣殿·外门执事（外貌）,humanoid_other,2,,,,bestiary_v118.json,【外貌·NPC】天澜圣殿·外门执事。域：tianlan。职司：outer_deacon。外貌：青袍利落，表情势利或公事公办。装备：名册、外门令、低阶飞剑。立场：
vis_npc_tianlan_temple_patrol_captain,天澜圣殿·巡卫队长（外貌）,humanoid_other,2,,,,bestiary_v118.json,【外貌·NPC】天澜圣殿·巡卫队长。域：tianlan。职司：patrol_captain。外貌：甲片或劲装，目光扫人如刀。装备：制式兵刃、拘灵索、声望令。立场
vis_npc_qianzhu_sect_sect_master,千竹教·掌门/代掌（外貌）,humanoid_other,2,,,,bestiary_v118.json,【外貌·NPC】千竹教·掌门/代掌。域：tiannan。职司：sect_master。外貌：华发或冠冕，袍制最尊，气机深海般压人，眉眼少喜怒；袍色正，气息清。装
vis_npc_qianzhu_sect_great_elder,千竹教·大长老（外貌）,humanoid_other,2,,,,bestiary_v118.json,【外貌·NPC】千竹教·大长老。域：tiannan。职司：great_elder。外貌：面相严肃，鬓霜，站姿如松；袍色正，气息清。装备：执法令牌、简朴但高阶护符
vis_npc_qianzhu_sect_alchemy_elder,千竹教·丹堂执事（外貌）,humanoid_other,2,,,,bestiary_v118.json,【外貌·NPC】千竹教·丹堂执事。域：tiannan。职司：alchemy_elder。外貌：常带丹香与火燎气，指尖有药渍；袍色正，气息清。装备：丹炉微缩、火折
vis_npc_qianzhu_sect_outer_deacon,千竹教·外门执事（外貌）,humanoid_other,2,,,,bestiary_v118.json,【外貌·NPC】千竹教·外门执事。域：tiannan。职司：outer_deacon。外貌：青袍利落，表情势利或公事公办；袍色正，气息清。装备：名册、外门令、低
vis_npc_qianzhu_sect_patrol_captain,千竹教·巡卫队长（外貌）,humanoid_other,2,,,,bestiary_v118.json,【外貌·NPC】千竹教·巡卫队长。域：tiannan。职司：patrol_captain。外貌：甲片或劲装，目光扫人如刀；袍色正，气息清。装备：制式兵刃、拘灵索
vis_npc_yuling_sect_secret_sect_master,御灵宗·掌门/代掌（外貌）,humanoid_other,2,,,,bestiary_v118.json,【外貌·NPC】御灵宗·掌门/代掌。域：tiannan。职司：sect_master。外貌：华发或冠冕，袍制最尊，气机深海般压人，眉眼少喜怒。装备：本命法宝常收
vis_npc_yuling_sect_secret_great_elder,御灵宗·大长老（外貌）,humanoid_other,2,,,,bestiary_v118.json,【外貌·NPC】御灵宗·大长老。域：tiannan。职司：great_elder。外貌：面相严肃，鬓霜，站姿如松。装备：执法令牌、简朴但高阶护符。立场：neut
vis_npc_yuling_sect_secret_alchemy_elder,御灵宗·丹堂执事（外貌）,humanoid_other,2,,,,bestiary_v118.json,【外貌·NPC】御灵宗·丹堂执事。域：tiannan。职司：alchemy_elder。外貌：常带丹香与火燎气，指尖有药渍。装备：丹炉微缩、火折、鉴丹镜。立场：
vis_npc_yuling_sect_secret_outer_deacon,御灵宗·外门执事（外貌）,humanoid_other,2,,,,bestiary_v118.json,【外貌·NPC】御灵宗·外门执事。域：tiannan。职司：outer_deacon。外貌：青袍利落，表情势利或公事公办。装备：名册、外门令、低阶飞剑。立场：n
vis_npc_yuling_sect_secret_patrol_captain,御灵宗·巡卫队长（外貌）,humanoid_other,2,,,,bestiary_v118.json,【外貌·NPC】御灵宗·巡卫队长。域：tiannan。职司：patrol_captain。外貌：甲片或劲装，目光扫人如刀。装备：制式兵刃、拘灵索、声望令。立场：
vis_npc_guiling_gate_sect_master,鬼灵门·掌门/代掌（外貌）,humanoid_other,2,,,,bestiary_v118.json,【外貌·NPC】鬼灵门·掌门/代掌。域：tiannan_north_waste。职司：sect_master。外貌：华发或冠冕，袍制最尊，气机深海般压人，眉眼少
vis_npc_guiling_gate_great_elder,鬼灵门·大长老（外貌）,humanoid_other,2,,,,bestiary_v118.json,【外貌·NPC】鬼灵门·大长老。域：tiannan_north_waste。职司：great_elder。外貌：面相严肃，鬓霜，站姿如松；袍色偏黑紫，神采阴锐。
vis_npc_guiling_gate_alchemy_elder,鬼灵门·丹堂执事（外貌）,humanoid_other,2,,,,bestiary_v118.json,【外貌·NPC】鬼灵门·丹堂执事。域：tiannan_north_waste。职司：alchemy_elder。外貌：常带丹香与火燎气，指尖有药渍；袍色偏黑紫，
vis_npc_guiling_gate_outer_deacon,鬼灵门·外门执事（外貌）,humanoid_other,2,,,,bestiary_v118.json,【外貌·NPC】鬼灵门·外门执事。域：tiannan_north_waste。职司：outer_deacon。外貌：青袍利落，表情势利或公事公办；袍色偏黑紫，神
vis_npc_guiling_gate_patrol_captain,鬼灵门·巡卫队长（外貌）,humanoid_other,2,,,,bestiary_v118.json,【外貌·NPC】鬼灵门·巡卫队长。域：tiannan_north_waste。职司：patrol_captain。外貌：甲片或劲装，目光扫人如刀；袍色偏黑紫，神
vis_npc_tianmo_sect_sect_master,天魔宗·掌门/代掌（外貌）,humanoid_other,2,,,,bestiary_v118.json,【外貌·NPC】天魔宗·掌门/代掌。域：tiannan_north_waste。职司：sect_master。外貌：华发或冠冕，袍制最尊，气机深海般压人，眉眼少
vis_npc_tianmo_sect_great_elder,天魔宗·大长老（外貌）,humanoid_other,2,,,,bestiary_v118.json,【外貌·NPC】天魔宗·大长老。域：tiannan_north_waste。职司：great_elder。外貌：面相严肃，鬓霜，站姿如松；袍色偏黑紫，神采阴锐。
vis_npc_tianmo_sect_alchemy_elder,天魔宗·丹堂执事（外貌）,humanoid_other,2,,,,bestiary_v118.json,【外貌·NPC】天魔宗·丹堂执事。域：tiannan_north_waste。职司：alchemy_elder。外貌：常带丹香与火燎气，指尖有药渍；袍色偏黑紫，
vis_npc_tianmo_sect_outer_deacon,天魔宗·外门执事（外貌）,humanoid_other,2,,,,bestiary_v118.json,【外貌·NPC】天魔宗·外门执事。域：tiannan_north_waste。职司：outer_deacon。外貌：青袍利落，表情势利或公事公办；袍色偏黑紫，神
vis_npc_tianmo_sect_patrol_captain,天魔宗·巡卫队长（外貌）,humanoid_other,2,,,,bestiary_v118.json,【外貌·NPC】天魔宗·巡卫队长。域：tiannan_north_waste。职司：patrol_captain。外貌：甲片或劲装，目光扫人如刀；袍色偏黑紫，神
vis_npc_qingluo_sect_sect_master,青罗宗·掌门/代掌（外貌）,humanoid_other,2,,,,bestiary_v118.json,【外貌·NPC】青罗宗·掌门/代掌。域：tiannan_north_waste。职司：sect_master。外貌：华发或冠冕，袍制最尊，气机深海般压人，眉眼少
vis_npc_qingluo_sect_great_elder,青罗宗·大长老（外貌）,humanoid_other,2,,,,bestiary_v118.json,【外貌·NPC】青罗宗·大长老。域：tiannan_north_waste。职司：great_elder。外貌：面相严肃，鬓霜，站姿如松；袍色偏黑紫，神采阴锐。
vis_npc_qingluo_sect_alchemy_elder,青罗宗·丹堂执事（外貌）,humanoid_other,2,,,,bestiary_v118.json,【外貌·NPC】青罗宗·丹堂执事。域：tiannan_north_waste。职司：alchemy_elder。外貌：常带丹香与火燎气，指尖有药渍；袍色偏黑紫，
vis_npc_qingluo_sect_outer_deacon,青罗宗·外门执事（外貌）,humanoid_other,2,,,,bestiary_v118.json,【外貌·NPC】青罗宗·外门执事。域：tiannan_north_waste。职司：outer_deacon。外貌：青袍利落，表情势利或公事公办；袍色偏黑紫，神
vis_npc_qingluo_sect_patrol_captain,青罗宗·巡卫队长（外貌）,humanoid_other,2,,,,bestiary_v118.json,【外貌·NPC】青罗宗·巡卫队长。域：tiannan_north_waste。职司：patrol_captain。外貌：甲片或劲装，目光扫人如刀；袍色偏黑紫，神
vis_npc_wanhu_sect_sect_master,万狐宗·掌门/代掌（外貌）,humanoid_other,2,,,,bestiary_v118.json,【外貌·NPC】万狐宗·掌门/代掌。域：tiannan_north_waste。职司：sect_master。外貌：华发或冠冕，袍制最尊，气机深海般压人，眉眼少
vis_npc_wanhu_sect_great_elder,万狐宗·大长老（外貌）,humanoid_other,2,,,,bestiary_v118.json,【外貌·NPC】万狐宗·大长老。域：tiannan_north_waste。职司：great_elder。外貌：面相严肃，鬓霜，站姿如松；袍色偏黑紫，神采阴锐。
vis_npc_wanhu_sect_alchemy_elder,万狐宗·丹堂执事（外貌）,humanoid_other,2,,,,bestiary_v118.json,【外貌·NPC】万狐宗·丹堂执事。域：tiannan_north_waste。职司：alchemy_elder。外貌：常带丹香与火燎气，指尖有药渍；袍色偏黑紫，
vis_npc_wanhu_sect_outer_deacon,万狐宗·外门执事（外貌）,humanoid_other,2,,,,bestiary_v118.json,【外貌·NPC】万狐宗·外门执事。域：tiannan_north_waste。职司：outer_deacon。外貌：青袍利落，表情势利或公事公办；袍色偏黑紫，神
vis_npc_wanhu_sect_patrol_captain,万狐宗·巡卫队长（外貌）,humanoid_other,2,,,,bestiary_v118.json,【外貌·NPC】万狐宗·巡卫队长。域：tiannan_north_waste。职司：patrol_captain。外貌：甲片或劲装，目光扫人如刀；袍色偏黑紫，神
vis_npc_xuewu_sect_sect_master,血巫教·掌门/代掌（外貌）,humanoid_other,2,,,,bestiary_v118.json,【外貌·NPC】血巫教·掌门/代掌。域：tiannan_north_waste。职司：sect_master。外貌：华发或冠冕，袍制最尊，气机深海般压人，眉眼少
vis_npc_xuewu_sect_great_elder,血巫教·大长老（外貌）,humanoid_other,2,,,,bestiary_v118.json,【外貌·NPC】血巫教·大长老。域：tiannan_north_waste。职司：great_elder。外貌：面相严肃，鬓霜，站姿如松；袍色偏黑紫，神采阴锐。
vis_npc_xuewu_sect_alchemy_elder,血巫教·丹堂执事（外貌）,humanoid_other,2,,,,bestiary_v118.json,【外貌·NPC】血巫教·丹堂执事。域：tiannan_north_waste。职司：alchemy_elder。外貌：常带丹香与火燎气，指尖有药渍；袍色偏黑紫，
vis_npc_xuewu_sect_outer_deacon,血巫教·外门执事（外貌）,humanoid_other,2,,,,bestiary_v118.json,【外貌·NPC】血巫教·外门执事。域：tiannan_north_waste。职司：outer_deacon。外貌：青袍利落，表情势利或公事公办；袍色偏黑紫，神
vis_npc_xuewu_sect_patrol_captain,血巫教·巡卫队长（外貌）,humanoid_other,2,,,,bestiary_v118.json,【外貌·NPC】血巫教·巡卫队长。域：tiannan_north_waste。职司：patrol_captain。外貌：甲片或劲装，目光扫人如刀；袍色偏黑紫，神
vis_npc_dajin_buddhist_temple_line_sect_master,大晋佛寺一脉·掌门/代掌（外貌）,humanoid_other,2,,,,bestiary_v118.json,【外貌·NPC】大晋佛寺一脉·掌门/代掌。域：dajin。职司：sect_master。外貌：华发或冠冕，袍制最尊，气机深海般压人，眉眼少喜怒。装备：本命法宝常
vis_npc_dajin_buddhist_temple_line_great_elder,大晋佛寺一脉·大长老（外貌）,humanoid_other,2,,,,bestiary_v118.json,【外貌·NPC】大晋佛寺一脉·大长老。域：dajin。职司：great_elder。外貌：面相严肃，鬓霜，站姿如松。装备：执法令牌、简朴但高阶护符。立场：neu
vis_npc_dajin_buddhist_temple_line_alchemy_elder,大晋佛寺一脉·丹堂执事（外貌）,humanoid_other,2,,,,bestiary_v118.json,【外貌·NPC】大晋佛寺一脉·丹堂执事。域：dajin。职司：alchemy_elder。外貌：常带丹香与火燎气，指尖有药渍。装备：丹炉微缩、火折、鉴丹镜。立场
vis_npc_dajin_buddhist_temple_line_outer_deacon,大晋佛寺一脉·外门执事（外貌）,humanoid_other,2,,,,bestiary_v118.json,【外貌·NPC】大晋佛寺一脉·外门执事。域：dajin。职司：outer_deacon。外貌：青袍利落，表情势利或公事公办。装备：名册、外门令、低阶飞剑。立场：
vis_npc_dajin_buddhist_temple_line_patrol_captain,大晋佛寺一脉·巡卫队长（外貌）,humanoid_other,2,,,,bestiary_v118.json,【外貌·NPC】大晋佛寺一脉·巡卫队长。域：dajin。职司：patrol_captain。外貌：甲片或劲装，目光扫人如刀。装备：制式兵刃、拘灵索、声望令。立场
vis_npc_huangfeng_dan_tang,黄枫谷·丹堂管事（外貌）,humanoid_other,2,,,,bestiary_v118.json,【外貌·NPC】黄枫谷·丹堂管事。域：tiannan。职司：alchemy_elder。外貌：常带丹香与火燎气，指尖有药渍。装备：丹炉微缩、火折、鉴丹镜。立场：
vis_npc_huangfeng_outer,黄枫谷·外门赵执事（外貌）,humanoid_other,2,,,,bestiary_v118.json,【外貌·NPC】黄枫谷·外门赵执事。域：tiannan。职司：outer_deacon。外貌：青袍利落，表情势利或公事公办。装备：名册、外门令、低阶飞剑。立场：
vis_npc_yanyue_shadow,掩月宗·影堂引路人（外貌）,humanoid_other,2,,,,bestiary_v118.json,【外貌·NPC】掩月宗·影堂引路人。域：tiannan。职司：quest_giver_main。外貌：修士常服，气质随势力。装备：身份令与常用法器。立场：Non
vis_npc_spirit_beast_herder,灵兽山·御兽长（外貌）,humanoid_other,2,,,,bestiary_v118.json,【外貌·NPC】灵兽山·御兽长。域：tiannan。职司：great_elder。外貌：面相严肃，鬓霜，站姿如松。装备：执法令牌、简朴但高阶护符。立场：None
vis_npc_qingxu_quiet,清虚门·静修堂主（外貌）,humanoid_other,2,,,,bestiary_v118.json,【外貌·NPC】清虚门·静修堂主。域：tiannan。职司：great_elder。外貌：面相严肃，鬓霜，站姿如松。装备：执法令牌、简朴但高阶护符。立场：Non
vis_npc_jujian_forge,巨剑门·剑冢执事（外貌）,humanoid_other,2,,,,bestiary_v118.json,【外貌·NPC】巨剑门·剑冢执事。域：tiannan。职司：patrol_captain。外貌：甲片或劲装，目光扫人如刀。装备：制式兵刃、拘灵索、声望令。立场：
vis_npc_qixuan_chief,七玄门·门主（江湖）（外貌）,humanoid_other,2,,,,bestiary_v118.json,【外貌·NPC】七玄门·门主（江湖）。域：tiannan。职司：sect_master。外貌：华发或冠冕，袍制最尊，气机深海般压人，眉眼少喜怒。装备：本命法宝常
vis_npc_ghost_spirit_ferry,鬼灵门·引渡使（外貌）,humanoid_other,2,,,,bestiary_v118.json,【外貌·NPC】鬼灵门·引渡使。域：yinming。职司：quest_giver_main。外貌：修士常服，气质随势力。装备：身份令与常用法器。立场：None。
vis_npc_hehuan_host,合欢宗·堂主（外貌）,humanoid_other,2,,,,bestiary_v118.json,【外貌·NPC】合欢宗·堂主。域：tiannan。职司：sect_master。外貌：华发或冠冕，袍制最尊，气机深海般压人，眉眼少喜怒。装备：本命法宝常收敛为佩
vis_npc_star_palace_censor,星宫·巡察使（外貌）,humanoid_other,2,,,,bestiary_v118.json,【外貌·NPC】星宫·巡察使。域：chaotic_sea。职司：patrol_captain。外貌：甲片或劲装，目光扫人如刀。装备：制式兵刃、拘灵索、声望令。立
vis_npc_inverse_star_broker,逆星·灰市掮客（外貌）,humanoid_other,2,,,,bestiary_v118.json,【外貌·NPC】逆星·灰市掮客。域：outer_sea_market。职司：black_market_contact。外貌：兜帽或易容，笑容假，眼神活。装备：储
vis_npc_liulian_envoy,六连殿·联络修（外貌）,humanoid_other,2,,,,bestiary_v118.json,【外貌·NPC】六连殿·联络修。域：chaotic_sea。职司：quest_giver_main。外貌：修士常服，气质随势力。装备：身份令与常用法器。立场：N
vis_npc_dajin_auctioneer,大晋·拍卖行掌柜（外貌）,humanoid_other,2,,,,bestiary_v118.json,【外貌·NPC】大晋·拍卖行掌柜。域：great_jin_central。职司：black_market_contact。外貌：兜帽或易容，笑容假，眼神活。装备
vis_npc_dajin_border_general,大晋边军·校尉（外貌）,humanoid_other,2,,,,bestiary_v118.json,【外貌·NPC】大晋边军·校尉。域：dajin。职司：patrol_captain。外貌：甲片或劲装，目光扫人如刀。装备：制式兵刃、拘灵索、声望令。立场：Non
vis_npc_mulan_fashi,慕兰·法师长老（外貌）,humanoid_other,2,,,,bestiary_v118.json,【外貌·NPC】慕兰·法师长老。域：mulan。职司：great_elder。外貌：面相严肃，鬓霜，站姿如松。装备：执法令牌、简朴但高阶护符。立场：None。交
vis_npc_mulan_scout_chief,慕兰·斥候长（外貌）,humanoid_other,2,,,,bestiary_v118.json,【外貌·NPC】慕兰·斥候长。域：tianlan。职司：patrol_captain。外貌：甲片或劲装，目光扫人如刀。装备：制式兵刃、拘灵索、声望令。立场：No
vis_npc_tianyuan_clerk,天渊城·功勋吏（外貌）,humanoid_other,2,,,,bestiary_v118.json,【外貌·NPC】天渊城·功勋吏。域：tianyuan。职司：outer_deacon。外貌：青袍利落，表情势利或公事公办。装备：名册、外门令、低阶飞剑。立场：N
vis_npc_qianzhu_mechanic,千竹·机关长老（外貌）,humanoid_other,2,,,,bestiary_v118.json,【外貌·NPC】千竹·机关长老。域：extreme_west_thousand_bamboo。职司：alchemy_elder。外貌：常带丹香与火燎气，指尖有药
vis_npc_kunwu_guide,昆吾·火脉向导（外貌）,humanoid_other,2,,,,bestiary_v118.json,【外貌·NPC】昆吾·火脉向导。域：kunwu。职司：quest_giver_main。外貌：修士常服，气质随势力。装备：身份令与常用法器。立场：None。交互
vis_npc_nether_ferryman,冥河·摆渡残影（外貌）,humanoid_other,2,,,,bestiary_v118.json,【外貌·NPC】冥河·摆渡残影。域：nether_river。职司：quest_giver_main。外貌：修士常服，气质随势力。装备：身份令与常用法器。立场：
vis_npc_blood_forbidden_guard,血色禁地·守界修（外貌）,humanoid_other,2,,,,bestiary_v118.json,【外貌·NPC】血色禁地·守界修。域：tiannan。职司：patrol_captain。外貌：甲片或劲装，目光扫人如刀。装备：制式兵刃、拘灵索、声望令。立场：
vis_npc_xutian_observer,虚天殿·观殿人（外貌）,humanoid_other,2,,,,bestiary_v118.json,【外貌·NPC】虚天殿·观殿人。域：tiannan。职司：great_elder。外貌：面相严肃，鬓霜，站姿如松。装备：执法令牌、简朴但高阶护符。立场：None
vis_npc_diyuan_miner,地渊·矿脉包工头（外貌）,humanoid_other,2,,,,bestiary_v118.json,【外貌·NPC】地渊·矿脉包工头。域：dajin。职司：outer_deacon。外貌：青袍利落，表情势利或公事公办。装备：名册、外门令、低阶飞剑。立场：Non
vis_npc_asura_trial_warden,修罗界·试炼令使（外貌）,humanoid_other,2,,,,bestiary_v118.json,【外貌·NPC】修罗界·试炼令使。域：spirit_realm_border。职司：quest_giver_main。外貌：修士常服，气质随势力。装备：身份令与
vis_npc_jiuxian_gatekeeper,九仙山·守峰人（外貌）,humanoid_other,2,,,,bestiary_v118.json,【外貌·NPC】九仙山·守峰人。域：spirit_fengyuan。职司：sect_master。外貌：华发或冠冕，袍制最尊，气机深海般压人，眉眼少喜怒。装备：
vis_npc_garden_auditor,灵缈园·采药审计（外貌）,humanoid_other,2,,,,bestiary_v118.json,【外貌·NPC】灵缈园·采药审计。域：spirit_fengyuan。职司：patrol_captain。外貌：甲片或劲装，目光扫人如刀。装备：制式兵刃、拘灵索
vis_npc_wandering_appraiser,散修·鉴宝张（外貌）,humanoid_other,2,,,,bestiary_v118.json,【外貌·NPC】散修·鉴宝张。域：tiannan。职司：black_market_contact。外貌：兜帽或易容，笑容假，眼神活。装备：储物多、烟香掩气息。立
vis_npc_seven_meridian_judge,七脉试炼·评分执事（外貌）,humanoid_other,2,,,,bestiary_v118.json,【外貌·NPC】七脉试炼·评分执事。域：tiannan。职司：outer_deacon。外貌：青袍利落，表情势利或公事公办。装备：名册、外门令、低阶飞剑。立场：
v118_art_director,视觉司书,humanoid_other,0,,,,bestiary_v118.json,指向 visual_style_v118 与 item_descriptions_v118。
portrait_beast_twin_pupil_rat,双瞳鼠（肖像深稿）,lingshou,3,,,True,bestiary_v119.json,【肖像深稿】双瞳鼠。体长/体量感按阶 1 调整。表皮/被覆：褐毛油亮。眼：双瞳同心。声：吱鸣短促。动态：警戒时脊毛/鳞微竖；攻击前摇必有肢体蓄力姿势。 原摘要：
portrait_beast_red_leopard_beast,红狸兽（肖像深稿）,lingshou,3,,,True,bestiary_v119.json,【肖像深稿】红狸兽。体长/体量感按阶 1 调整。表皮/被覆：见名与元素。眼：妖光一点。声：低吼或虫振。动态：警戒时脊毛/鳞微竖；攻击前摇必有肢体蓄力姿势。 原摘
portrait_beast_fire_horn_deer,炙角鹿（肖像深稿）,yaoshou,3,,,False,bestiary_v119.json,【肖像深稿】炙角鹿。体长/体量感按阶 2 调整。表皮/被覆：见名与元素。眼：妖光一点。声：低吼或虫振。动态：警戒时脊毛/鳞微竖；攻击前摇必有肢体蓄力姿势。 原摘
portrait_beast_wind_screech_hawk,风啸鹰（肖像深稿）,lingshou,3,,,True,bestiary_v119.json,【肖像深稿】风啸鹰。体长/体量感按阶 2 调整。表皮/被覆：见名与元素。眼：妖光一点。声：低吼或虫振。动态：警戒时脊毛/鳞微竖；攻击前摇必有肢体蓄力姿势。 原摘
portrait_beast_scent_spirit_beast,嗅灵兽（肖像深稿）,lingshou,3,,,True,bestiary_v119.json,【肖像深稿】嗅灵兽。体长/体量感按阶 2 调整。表皮/被覆：见名与元素。眼：妖光一点。声：低吼或虫振。动态：警戒时脊毛/鳞微竖；攻击前摇必有肢体蓄力姿势。 原摘
portrait_beast_giant_centipede,巨型蜈蚣（肖像深稿）,yaoshou,3,,,False,bestiary_v119.json,【肖像深稿】巨型蜈蚣。体长/体量感按阶 3 调整。表皮/被覆：见名与元素。眼：妖光一点。声：低吼或虫振。动态：警戒时脊毛/鳞微竖；攻击前摇必有肢体蓄力姿势。 原
portrait_beast_ink_flood_dragon,墨蛟（肖像深稿）,yaoshou,3,,,False,bestiary_v119.json,【肖像深稿】墨蛟。体长/体量感按阶 3 调整。表皮/被覆：鳞如墨玉，腹淡灰。眼：竖瞳金浊。声：低沉水鸣。动态：警戒时脊毛/鳞微竖；攻击前摇必有肢体蓄力姿势。 原
portrait_beast_heart_bore_worm,钻心虫（肖像深稿）,yaoshou,3,,,False,bestiary_v119.json,【肖像深稿】钻心虫。体长/体量感按阶 3 调整。表皮/被覆：见名与元素。眼：妖光一点。声：低吼或虫振。动态：警戒时脊毛/鳞微竖；攻击前摇必有肢体蓄力姿势。 原摘
portrait_beast_fire_crow,火鸦（肖像深稿）,yaoshou,3,,,False,bestiary_v119.json,【肖像深稿】火鸦。体长/体量感按阶 4 调整。表皮/被覆：见名与元素。眼：妖光一点。声：低吼或虫振。动态：警戒时脊毛/鳞微竖；攻击前摇必有肢体蓄力姿势。 原摘要
portrait_beast_green_vine_demon,青木妖藤（肖像深稿）,yaoshou,3,,,False,bestiary_v119.json,【肖像深稿】青木妖藤。体长/体量感按阶 4 调整。表皮/被覆：见名与元素。眼：妖光一点。声：低吼或虫振。动态：警戒时脊毛/鳞微竖；攻击前摇必有肢体蓄力姿势。 原
portrait_beast_mystic_water_turtle,玄水龟（肖像深稿）,yaoshou,3,,,False,bestiary_v119.json,【肖像深稿】玄水龟。体长/体量感按阶 4 调整。表皮/被覆：见名与元素。眼：妖光一点。声：低吼或虫振。动态：警戒时脊毛/鳞微竖；攻击前摇必有肢体蓄力姿势。 原摘
portrait_beast_thunder_horn_tiger,雷角虎（肖像深稿）,yaoshou,3,,,False,bestiary_v119.json,【肖像深稿】雷角虎。体长/体量感按阶 4 调整。表皮/被覆：见名与元素。眼：妖光一点。声：低吼或虫振。动态：警戒时脊毛/鳞微竖；攻击前摇必有肢体蓄力姿势。 原摘
portrait_beast_demon_core_bear,妖丹熊（肖像深稿）,yaoshou,3,,,False,bestiary_v119.json,【肖像深稿】妖丹熊。体长/体量感按阶 5 调整。表皮/被覆：见名与元素。眼：妖光一点。声：低吼或虫振。动态：警戒时脊毛/鳞微竖；攻击前摇必有肢体蓄力姿势。 原摘
portrait_beast_baby_carp_demon,婴鲤兽（肖像深稿）,yaoshou,3,,,False,bestiary_v119.json,【肖像深稿】婴鲤兽。体长/体量感按阶 6 调整。表皮/被覆：见名与元素。眼：妖光一点。声：低吼或虫振。动态：警戒时脊毛/鳞微竖；攻击前摇必有肢体蓄力姿势。 原摘
portrait_beast_ice_soul_serpent,冰魄蛇（肖像深稿）,yaoshou,3,,,False,bestiary_v119.json,【肖像深稿】冰魄蛇。体长/体量感按阶 6 调整。表皮/被覆：见名与元素。眼：妖光一点。声：低吼或虫振。动态：警戒时脊毛/鳞微竖；攻击前摇必有肢体蓄力姿势。 原摘
portrait_beast_spirit_fox,灵狐（肖像深稿）,lingshou,3,,,True,bestiary_v119.json,【肖像深稿】灵狐。体长/体量感按阶 6 调整。表皮/被覆：见名与元素。眼：妖光一点。声：低吼或虫振。动态：警戒时脊毛/鳞微竖；攻击前摇必有肢体蓄力姿势。 原摘要
portrait_beast_shape_shift_trial_beast,化形试炼兽（肖像深稿）,yaoshou,4,,,False,bestiary_v119.json,【肖像深稿】化形试炼兽。体长/体量感按阶 7 调整。表皮/被覆：见名与元素。眼：妖光一点。声：低吼或虫振。动态：警戒时脊毛/鳞微竖；攻击前摇必有肢体蓄力姿势。 
portrait_beast_thunder_jiao,雷劫蛟（肖像深稿）,yaoshou,4,,,False,bestiary_v119.json,【肖像深稿】雷劫蛟。体长/体量感按阶 7 调整。表皮/被覆：见名与元素。眼：妖光一点。声：低吼或虫振。动态：警戒时脊毛/鳞微竖；攻击前摇必有肢体蓄力姿势。 原摘
portrait_beast_silver_wing_yaksha,银翅夜叉（肖像深稿）,yaoshou,4,,,False,bestiary_v119.json,【肖像深稿】银翅夜叉。体长/体量感按阶 8 调整。表皮/被覆：见名与元素。眼：妖光一点。声：低吼或虫振。动态：警戒时脊毛/鳞微竖；攻击前摇必有肢体蓄力姿势。 原
portrait_beast_wind_split_beast,裂风兽（肖像深稿）,yaoshou,4,,,False,bestiary_v119.json,【肖像深稿】裂风兽。体长/体量感按阶 9 调整。表皮/被覆：见名与元素。眼：妖光一点。声：低吼或虫振。动态：警戒时脊毛/鳞微竖；攻击前摇必有肢体蓄力姿势。 原摘
portrait_beast_earth_armor_dragon,土甲龙（肖像深稿）,yaoshou,4,,,False,bestiary_v119.json,【肖像深稿】土甲龙。体长/体量感按阶 9 调整。表皮/被覆：见名与元素。眼：妖光一点。声：低吼或虫振。动态：警戒时脊毛/鳞微竖；攻击前摇必有肢体蓄力姿势。 原摘
portrait_beast_fire_jiao_adult,离火蛟（肖像深稿）,yaoshou,4,,,False,bestiary_v119.json,【肖像深稿】离火蛟。体长/体量感按阶 10 调整。表皮/被覆：见名与元素。眼：妖光一点。声：低吼或虫振。动态：警戒时脊毛/鳞微竖；攻击前摇必有肢体蓄力姿势。 原
portrait_beast_suanni_beast,狻猊兽（肖像深稿）,yaoshou,4,,,False,bestiary_v119.json,【肖像深稿】狻猊兽。体长/体量感按阶 10 调整。表皮/被覆：见名与元素。眼：妖光一点。声：低吼或虫振。动态：警戒时脊毛/鳞微竖；攻击前摇必有肢体蓄力姿势。 原
portrait_beast_four_ear_gold_ape,四耳金猿（肖像深稿）,yaoshou,4,,,False,bestiary_v119.json,【肖像深稿】四耳金猿。体长/体量感按阶 11 调整。表皮/被覆：见名与元素。眼：妖光一点。声：低吼或虫振。动态：警戒时脊毛/鳞微竖；攻击前摇必有肢体蓄力姿势。 
portrait_beast_gold_body_moon_corpse,金身月尸（肖像深稿）,yaoshou,4,,,False,bestiary_v119.json,【肖像深稿】金身月尸。体长/体量感按阶 11 调整。表皮/被覆：见名与元素。眼：妖光一点。声：低吼或虫振。动态：警戒时脊毛/鳞微竖；攻击前摇必有肢体蓄力姿势。 
portrait_beast_six_wing_frost_centipede,六翼霜蚣（肖像深稿）,yaoshou,4,,,False,bestiary_v119.json,【肖像深稿】六翼霜蚣。体长/体量感按阶 12 调整。表皮/被覆：见名与元素。眼：妖光一点。声：低吼或虫振。动态：警戒时脊毛/鳞微竖；攻击前摇必有肢体蓄力姿势。 
portrait_beast_leopard_qilin_beast,豹麟兽（肖像深稿）,yaoshou,4,,,False,bestiary_v119.json,【肖像深稿】豹麟兽。体长/体量感按阶 12 调整。表皮/被覆：见名与元素。眼：妖光一点。声：低吼或虫振。动态：警戒时脊毛/鳞微竖；攻击前摇必有肢体蓄力姿势。 原
portrait_beast_mirage_sand_beast,蜃兽（肖像深稿）,yaoshou,4,,,False,bestiary_v119.json,【肖像深稿】蜃兽。体长/体量感按阶 13 调整。表皮/被覆：见名与元素。眼：妖光一点。声：低吼或虫振。动态：警戒时脊毛/鳞微竖；攻击前摇必有肢体蓄力姿势。 原摘
portrait_beast_sky_tiger_beast,天虎兽（肖像深稿）,yaoshou,4,,,False,bestiary_v119.json,【肖像深稿】天虎兽。体长/体量感按阶 13 调整。表皮/被覆：见名与元素。眼：妖光一点。声：低吼或虫振。动态：警戒时脊毛/鳞微竖；攻击前摇必有肢体蓄力姿势。 原
portrait_beast_holy_peacock,圣禽（青孔雀）（肖像深稿）,yaoshou,4,,,False,bestiary_v119.json,【肖像深稿】圣禽（青孔雀）。体长/体量感按阶 13 调整。表皮/被覆：青翠华羽。眼：智金。声：清越长鸣。动态：警戒时脊毛/鳞微竖；攻击前摇必有肢体蓄力姿势。 原
portrait_beast_soul_weep_beast,泣魂兽（肖像深稿）,yaoshou,3,,,False,bestiary_v119.json,【肖像深稿】泣魂兽。体长/体量感按阶 4 调整。表皮/被覆：见名与元素。眼：妖光一点。声：低吼或虫振。动态：警戒时脊毛/鳞微竖；攻击前摇必有肢体蓄力姿势。 原摘
portrait_beast_phantom_flame_moth,幻焰蛾（肖像深稿）,yaoshou,4,,,False,bestiary_v119.json,【肖像深稿】幻焰蛾。体长/体量感按阶 8 调整。表皮/被覆：见名与元素。眼：妖光一点。声：低吼或虫振。动态：警戒时脊毛/鳞微竖；攻击前摇必有肢体蓄力姿势。 原摘
portrait_beast_gold_devour_beetle,噬金虫（肖像深稿）,lingshou,3,,,True,bestiary_v119.json,【肖像深稿】噬金虫。体长/体量感按阶 5 调整。表皮/被覆：金黑甲。眼：复眼映金。声：细碎啮金。动态：警戒时脊毛/鳞微竖；攻击前摇必有肢体蓄力姿势。 原摘要：啃
portrait_beast_soul_weeping_beast,啼魂兽（肖像深稿）,lingshou,3,,,True,bestiary_v119.json,【肖像深稿】啼魂兽。体长/体量感按阶 6 调整。表皮/被覆：灰白薄毛。眼：无瞳白。声：远哭近无声。动态：警戒时脊毛/鳞微竖；攻击前摇必有肢体蓄力姿势。 原摘要：
portrait_beast_mountain_giant_ape,山岳巨猿（肖像深稿）,yaoshou,4,,,False,bestiary_v119.json,【肖像深稿】山岳巨猿。体长/体量感按阶 7 调整。表皮/被覆：见名与元素。眼：妖光一点。声：低吼或虫振。动态：警戒时脊毛/鳞微竖；攻击前摇必有肢体蓄力姿势。 原
portrait_beast_blood_jiao,血蛟（肖像深稿）,yaoshou,4,,,False,bestiary_v119.json,【肖像深稿】血蛟。体长/体量感按阶 8 调整。表皮/被覆：赤鳞血沟。眼：血红。声：海啸低吼。动态：警戒时脊毛/鳞微竖；攻击前摇必有肢体蓄力姿势。 原摘要：海域凶
portrait_beast_three_tailed_fox,三尾妖狐（肖像深稿）,lingshou,3,,,True,bestiary_v119.json,【肖像深稿】三尾妖狐。体长/体量感按阶 5 调整。表皮/被覆：见名与元素。眼：妖光一点。声：低吼或虫振。动态：警戒时脊毛/鳞微竖；攻击前摇必有肢体蓄力姿势。 原
portrait_beast_iron_lion_beast,铁甲狮兽（肖像深稿）,lingshou,3,,,True,bestiary_v119.json,【肖像深稿】铁甲狮兽。体长/体量感按阶 4 调整。表皮/被覆：见名与元素。眼：妖光一点。声：低吼或虫振。动态：警戒时脊毛/鳞微竖；攻击前摇必有肢体蓄力姿势。 原
portrait_beast_cloud_silk_spider,云丝蛛（肖像深稿）,lingshou,3,,,True,bestiary_v119.json,【肖像深稿】云丝蛛。体长/体量感按阶 3 调整。表皮/被覆：见名与元素。眼：妖光一点。声：低吼或虫振。动态：警戒时脊毛/鳞微竖；攻击前摇必有肢体蓄力姿势。 原摘
portrait_beast_flame_salamander,火蜥兽（肖像深稿）,lingshou,3,,,True,bestiary_v119.json,【肖像深稿】火蜥兽。体长/体量感按阶 2 调整。表皮/被覆：见名与元素。眼：妖光一点。声：低吼或虫振。动态：警戒时脊毛/鳞微竖；攻击前摇必有肢体蓄力姿势。 原摘
portrait_beast_ice_phoenix_chick,冰凤幼禽（肖像深稿）,lingshou,4,,,True,bestiary_v119.json,【肖像深稿】冰凤幼禽。体长/体量感按阶 9 调整。表皮/被覆：见名与元素。眼：妖光一点。声：低吼或虫振。动态：警戒时脊毛/鳞微竖；攻击前摇必有肢体蓄力姿势。 原
portrait_beast_void_mantis,虚空螳螂（肖像深稿）,yaoshou,4,,,False,bestiary_v119.json,【肖像深稿】虚空螳螂。体长/体量感按阶 10 调整。表皮/被覆：半透甲。眼：复眼折射空间。声：刃振高频。动态：警戒时脊毛/鳞微竖；攻击前摇必有肢体蓄力姿势。 原
portrait_npc_npc_huangfeng_valley_sect_master,黄枫谷·掌门/代掌（肖像）,humanoid_other,1,,,,bestiary_v119.json,NPC肖像。黄枫谷·掌门/代掌。印堂气沉，眉目少波，说话时袍角不起无风
portrait_npc_npc_huangfeng_valley_great_elder,黄枫谷·大长老（肖像）,humanoid_other,1,,,,bestiary_v119.json,NPC肖像。黄枫谷·大长老。法令纹深，目光秤人
portrait_npc_npc_huangfeng_valley_alchemy_elder,黄枫谷·丹堂执事（肖像）,humanoid_other,1,,,,bestiary_v119.json,NPC肖像。黄枫谷·丹堂执事。鼻翼常有药味，指黄
portrait_npc_npc_huangfeng_valley_outer_deacon,黄枫谷·外门执事（肖像）,humanoid_other,1,,,,bestiary_v119.json,NPC肖像。黄枫谷·外门执事。脸皮笑意薄，眼珠转得快
portrait_npc_npc_huangfeng_valley_patrol_captain,黄枫谷·巡卫队长（肖像）,humanoid_other,1,,,,bestiary_v119.json,NPC肖像。黄枫谷·巡卫队长。下颌线硬，扫描式眨眼
portrait_npc_npc_yanyue_sect_sect_master,掩月宗·掌门/代掌（肖像）,humanoid_other,1,,,,bestiary_v119.json,NPC肖像。掩月宗·掌门/代掌。印堂气沉，眉目少波，说话时袍角不起无风
portrait_npc_npc_yanyue_sect_great_elder,掩月宗·大长老（肖像）,humanoid_other,1,,,,bestiary_v119.json,NPC肖像。掩月宗·大长老。法令纹深，目光秤人
portrait_npc_npc_yanyue_sect_alchemy_elder,掩月宗·丹堂执事（肖像）,humanoid_other,1,,,,bestiary_v119.json,NPC肖像。掩月宗·丹堂执事。鼻翼常有药味，指黄
portrait_npc_npc_yanyue_sect_outer_deacon,掩月宗·外门执事（肖像）,humanoid_other,1,,,,bestiary_v119.json,NPC肖像。掩月宗·外门执事。脸皮笑意薄，眼珠转得快
portrait_npc_npc_yanyue_sect_patrol_captain,掩月宗·巡卫队长（肖像）,humanoid_other,1,,,,bestiary_v119.json,NPC肖像。掩月宗·巡卫队长。下颌线硬，扫描式眨眼
portrait_npc_npc_spirit_beast_mountain_sect_master,灵兽山·掌门/代掌（肖像）,humanoid_other,1,,,,bestiary_v119.json,NPC肖像。灵兽山·掌门/代掌。印堂气沉，眉目少波，说话时袍角不起无风
portrait_npc_npc_spirit_beast_mountain_great_elder,灵兽山·大长老（肖像）,humanoid_other,1,,,,bestiary_v119.json,NPC肖像。灵兽山·大长老。法令纹深，目光秤人
portrait_npc_npc_spirit_beast_mountain_alchemy_elder,灵兽山·丹堂执事（肖像）,humanoid_other,1,,,,bestiary_v119.json,NPC肖像。灵兽山·丹堂执事。鼻翼常有药味，指黄
portrait_npc_npc_spirit_beast_mountain_outer_deacon,灵兽山·外门执事（肖像）,humanoid_other,1,,,,bestiary_v119.json,NPC肖像。灵兽山·外门执事。脸皮笑意薄，眼珠转得快
portrait_npc_npc_spirit_beast_mountain_patrol_captain,灵兽山·巡卫队长（肖像）,humanoid_other,1,,,,bestiary_v119.json,NPC肖像。灵兽山·巡卫队长。下颌线硬，扫描式眨眼
portrait_npc_npc_qingxu_gate_sect_master,清虚门·掌门/代掌（肖像）,humanoid_other,1,,,,bestiary_v119.json,NPC肖像。清虚门·掌门/代掌。印堂气沉，眉目少波，说话时袍角不起无风
portrait_npc_npc_qingxu_gate_great_elder,清虚门·大长老（肖像）,humanoid_other,1,,,,bestiary_v119.json,NPC肖像。清虚门·大长老。法令纹深，目光秤人
portrait_npc_npc_qingxu_gate_alchemy_elder,清虚门·丹堂执事（肖像）,humanoid_other,1,,,,bestiary_v119.json,NPC肖像。清虚门·丹堂执事。鼻翼常有药味，指黄
portrait_npc_npc_qingxu_gate_outer_deacon,清虚门·外门执事（肖像）,humanoid_other,1,,,,bestiary_v119.json,NPC肖像。清虚门·外门执事。脸皮笑意薄，眼珠转得快
portrait_npc_npc_qingxu_gate_patrol_captain,清虚门·巡卫队长（肖像）,humanoid_other,1,,,,bestiary_v119.json,NPC肖像。清虚门·巡卫队长。下颌线硬，扫描式眨眼
portrait_npc_npc_huadao_wu_sect_master,化刀坞·掌门/代掌（肖像）,humanoid_other,1,,,,bestiary_v119.json,NPC肖像。化刀坞·掌门/代掌。印堂气沉，眉目少波，说话时袍角不起无风
portrait_npc_npc_huadao_wu_great_elder,化刀坞·大长老（肖像）,humanoid_other,1,,,,bestiary_v119.json,NPC肖像。化刀坞·大长老。法令纹深，目光秤人
portrait_npc_npc_huadao_wu_alchemy_elder,化刀坞·丹堂执事（肖像）,humanoid_other,1,,,,bestiary_v119.json,NPC肖像。化刀坞·丹堂执事。鼻翼常有药味，指黄
portrait_npc_npc_huadao_wu_outer_deacon,化刀坞·外门执事（肖像）,humanoid_other,1,,,,bestiary_v119.json,NPC肖像。化刀坞·外门执事。脸皮笑意薄，眼珠转得快
portrait_npc_npc_huadao_wu_patrol_captain,化刀坞·巡卫队长（肖像）,humanoid_other,1,,,,bestiary_v119.json,NPC肖像。化刀坞·巡卫队长。下颌线硬，扫描式眨眼
portrait_npc_npc_tianque_fort_sect_master,天阙堡·掌门/代掌（肖像）,humanoid_other,1,,,,bestiary_v119.json,NPC肖像。天阙堡·掌门/代掌。印堂气沉，眉目少波，说话时袍角不起无风
portrait_npc_npc_tianque_fort_great_elder,天阙堡·大长老（肖像）,humanoid_other,1,,,,bestiary_v119.json,NPC肖像。天阙堡·大长老。法令纹深，目光秤人
portrait_npc_npc_tianque_fort_alchemy_elder,天阙堡·丹堂执事（肖像）,humanoid_other,1,,,,bestiary_v119.json,NPC肖像。天阙堡·丹堂执事。鼻翼常有药味，指黄
portrait_npc_npc_tianque_fort_outer_deacon,天阙堡·外门执事（肖像）,humanoid_other,1,,,,bestiary_v119.json,NPC肖像。天阙堡·外门执事。脸皮笑意薄，眼珠转得快
portrait_npc_npc_tianque_fort_patrol_captain,天阙堡·巡卫队长（肖像）,humanoid_other,1,,,,bestiary_v119.json,NPC肖像。天阙堡·巡卫队长。下颌线硬，扫描式眨眼
portrait_npc_npc_giant_sword_gate_sect_master,巨剑门·掌门/代掌（肖像）,humanoid_other,1,,,,bestiary_v119.json,NPC肖像。巨剑门·掌门/代掌。印堂气沉，眉目少波，说话时袍角不起无风
portrait_npc_npc_giant_sword_gate_great_elder,巨剑门·大长老（肖像）,humanoid_other,1,,,,bestiary_v119.json,NPC肖像。巨剑门·大长老。法令纹深，目光秤人
portrait_npc_npc_giant_sword_gate_alchemy_elder,巨剑门·丹堂执事（肖像）,humanoid_other,1,,,,bestiary_v119.json,NPC肖像。巨剑门·丹堂执事。鼻翼常有药味，指黄
portrait_npc_npc_giant_sword_gate_outer_deacon,巨剑门·外门执事（肖像）,humanoid_other,1,,,,bestiary_v119.json,NPC肖像。巨剑门·外门执事。脸皮笑意薄，眼珠转得快
portrait_npc_npc_giant_sword_gate_patrol_captain,巨剑门·巡卫队长（肖像）,humanoid_other,1,,,,bestiary_v119.json,NPC肖像。巨剑门·巡卫队长。下颌线硬，扫描式眨眼
portrait_npc_npc_qixuan_men_sect_master,七玄门·掌门/代掌（肖像）,humanoid_other,1,,,,bestiary_v119.json,NPC肖像。七玄门·掌门/代掌。印堂气沉，眉目少波，说话时袍角不起无风
portrait_npc_npc_qixuan_men_great_elder,七玄门·大长老（肖像）,humanoid_other,1,,,,bestiary_v119.json,NPC肖像。七玄门·大长老。法令纹深，目光秤人
portrait_npc_npc_qixuan_men_alchemy_elder,七玄门·丹堂执事（肖像）,humanoid_other,1,,,,bestiary_v119.json,NPC肖像。七玄门·丹堂执事。鼻翼常有药味，指黄
portrait_npc_npc_qixuan_men_outer_deacon,七玄门·外门执事（肖像）,humanoid_other,1,,,,bestiary_v119.json,NPC肖像。七玄门·外门执事。脸皮笑意薄，眼珠转得快
portrait_npc_npc_qixuan_men_patrol_captain,七玄门·巡卫队长（肖像）,humanoid_other,1,,,,bestiary_v119.json,NPC肖像。七玄门·巡卫队长。下颌线硬，扫描式眨眼
portrait_npc_npc_ghost_spirit_gate_sect_master,鬼灵门·掌门/代掌（肖像）,humanoid_other,1,,,,bestiary_v119.json,NPC肖像。鬼灵门·掌门/代掌。印堂气沉，眉目少波，说话时袍角不起无风
portrait_npc_npc_ghost_spirit_gate_great_elder,鬼灵门·大长老（肖像）,humanoid_other,1,,,,bestiary_v119.json,NPC肖像。鬼灵门·大长老。法令纹深，目光秤人
portrait_npc_npc_ghost_spirit_gate_alchemy_elder,鬼灵门·丹堂执事（肖像）,humanoid_other,1,,,,bestiary_v119.json,NPC肖像。鬼灵门·丹堂执事。鼻翼常有药味，指黄
portrait_npc_npc_ghost_spirit_gate_outer_deacon,鬼灵门·外门执事（肖像）,humanoid_other,1,,,,bestiary_v119.json,NPC肖像。鬼灵门·外门执事。脸皮笑意薄，眼珠转得快
portrait_npc_npc_ghost_spirit_gate_patrol_captain,鬼灵门·巡卫队长（肖像）,humanoid_other,1,,,,bestiary_v119.json,NPC肖像。鬼灵门·巡卫队长。下颌线硬，扫描式眨眼
portrait_npc_npc_hehuan_sect_sect_master,合欢宗·掌门/代掌（肖像）,humanoid_other,1,,,,bestiary_v119.json,NPC肖像。合欢宗·掌门/代掌。印堂气沉，眉目少波，说话时袍角不起无风
portrait_npc_npc_hehuan_sect_great_elder,合欢宗·大长老（肖像）,humanoid_other,1,,,,bestiary_v119.json,NPC肖像。合欢宗·大长老。法令纹深，目光秤人
portrait_npc_npc_hehuan_sect_alchemy_elder,合欢宗·丹堂执事（肖像）,humanoid_other,1,,,,bestiary_v119.json,NPC肖像。合欢宗·丹堂执事。鼻翼常有药味，指黄
portrait_npc_npc_hehuan_sect_outer_deacon,合欢宗·外门执事（肖像）,humanoid_other,1,,,,bestiary_v119.json,NPC肖像。合欢宗·外门执事。脸皮笑意薄，眼珠转得快
portrait_npc_npc_hehuan_sect_patrol_captain,合欢宗·巡卫队长（肖像）,humanoid_other,1,,,,bestiary_v119.json,NPC肖像。合欢宗·巡卫队长。下颌线硬，扫描式眨眼
portrait_npc_npc_moyan_gate_sect_master,魔焰门·掌门/代掌（肖像）,humanoid_other,1,,,,bestiary_v119.json,NPC肖像。魔焰门·掌门/代掌。印堂气沉，眉目少波，说话时袍角不起无风
portrait_npc_npc_moyan_gate_great_elder,魔焰门·大长老（肖像）,humanoid_other,1,,,,bestiary_v119.json,NPC肖像。魔焰门·大长老。法令纹深，目光秤人
portrait_npc_npc_moyan_gate_alchemy_elder,魔焰门·丹堂执事（肖像）,humanoid_other,1,,,,bestiary_v119.json,NPC肖像。魔焰门·丹堂执事。鼻翼常有药味，指黄
portrait_npc_npc_moyan_gate_outer_deacon,魔焰门·外门执事（肖像）,humanoid_other,1,,,,bestiary_v119.json,NPC肖像。魔焰门·外门执事。脸皮笑意薄，眼珠转得快
portrait_npc_npc_moyan_gate_patrol_captain,魔焰门·巡卫队长（肖像）,humanoid_other,1,,,,bestiary_v119.json,NPC肖像。魔焰门·巡卫队长。下颌线硬，扫描式眨眼
portrait_npc_npc_tiansha_sect_sect_master,天煞宗·掌门/代掌（肖像）,humanoid_other,1,,,,bestiary_v119.json,NPC肖像。天煞宗·掌门/代掌。印堂气沉，眉目少波，说话时袍角不起无风
portrait_npc_npc_tiansha_sect_great_elder,天煞宗·大长老（肖像）,humanoid_other,1,,,,bestiary_v119.json,NPC肖像。天煞宗·大长老。法令纹深，目光秤人
portrait_npc_npc_tiansha_sect_alchemy_elder,天煞宗·丹堂执事（肖像）,humanoid_other,1,,,,bestiary_v119.json,NPC肖像。天煞宗·丹堂执事。鼻翼常有药味，指黄
portrait_npc_npc_tiansha_sect_outer_deacon,天煞宗·外门执事（肖像）,humanoid_other,1,,,,bestiary_v119.json,NPC肖像。天煞宗·外门执事。脸皮笑意薄，眼珠转得快
portrait_npc_npc_tiansha_sect_patrol_captain,天煞宗·巡卫队长（肖像）,humanoid_other,1,,,,bestiary_v119.json,NPC肖像。天煞宗·巡卫队长。下颌线硬，扫描式眨眼
portrait_npc_npc_yuling_sect_sect_master,御灵宗·掌门/代掌（肖像）,humanoid_other,1,,,,bestiary_v119.json,NPC肖像。御灵宗·掌门/代掌。印堂气沉，眉目少波，说话时袍角不起无风
portrait_npc_npc_yuling_sect_great_elder,御灵宗·大长老（肖像）,humanoid_other,1,,,,bestiary_v119.json,NPC肖像。御灵宗·大长老。法令纹深，目光秤人
portrait_npc_npc_yuling_sect_alchemy_elder,御灵宗·丹堂执事（肖像）,humanoid_other,1,,,,bestiary_v119.json,NPC肖像。御灵宗·丹堂执事。鼻翼常有药味，指黄
portrait_npc_npc_yuling_sect_outer_deacon,御灵宗·外门执事（肖像）,humanoid_other,1,,,,bestiary_v119.json,NPC肖像。御灵宗·外门执事。脸皮笑意薄，眼珠转得快
portrait_npc_npc_yuling_sect_patrol_captain,御灵宗·巡卫队长（肖像）,humanoid_other,1,,,,bestiary_v119.json,NPC肖像。御灵宗·巡卫队长。下颌线硬，扫描式眨眼
portrait_npc_npc_qianhuan_sect_sect_master,千幻宗·掌门/代掌（肖像）,humanoid_other,1,,,,bestiary_v119.json,NPC肖像。千幻宗·掌门/代掌。印堂气沉，眉目少波，说话时袍角不起无风
portrait_npc_npc_qianhuan_sect_great_elder,千幻宗·大长老（肖像）,humanoid_other,1,,,,bestiary_v119.json,NPC肖像。千幻宗·大长老。法令纹深，目光秤人
portrait_npc_npc_qianhuan_sect_alchemy_elder,千幻宗·丹堂执事（肖像）,humanoid_other,1,,,,bestiary_v119.json,NPC肖像。千幻宗·丹堂执事。鼻翼常有药味，指黄
portrait_npc_npc_qianhuan_sect_outer_deacon,千幻宗·外门执事（肖像）,humanoid_other,1,,,,bestiary_v119.json,NPC肖像。千幻宗·外门执事。脸皮笑意薄，眼珠转得快
portrait_npc_npc_qianhuan_sect_patrol_captain,千幻宗·巡卫队长（肖像）,humanoid_other,1,,,,bestiary_v119.json,NPC肖像。千幻宗·巡卫队长。下颌线硬，扫描式眨眼
portrait_npc_npc_luoyun_sect_sect_master,落云宗·掌门/代掌（肖像）,humanoid_other,1,,,,bestiary_v119.json,NPC肖像。落云宗·掌门/代掌。印堂气沉，眉目少波，说话时袍角不起无风
portrait_npc_npc_luoyun_sect_great_elder,落云宗·大长老（肖像）,humanoid_other,1,,,,bestiary_v119.json,NPC肖像。落云宗·大长老。法令纹深，目光秤人
portrait_npc_npc_luoyun_sect_alchemy_elder,落云宗·丹堂执事（肖像）,humanoid_other,1,,,,bestiary_v119.json,NPC肖像。落云宗·丹堂执事。鼻翼常有药味，指黄
portrait_npc_npc_luoyun_sect_outer_deacon,落云宗·外门执事（肖像）,humanoid_other,1,,,,bestiary_v119.json,NPC肖像。落云宗·外门执事。脸皮笑意薄，眼珠转得快
portrait_npc_npc_luoyun_sect_patrol_captain,落云宗·巡卫队长（肖像）,humanoid_other,1,,,,bestiary_v119.json,NPC肖像。落云宗·巡卫队长。下颌线硬，扫描式眨眼
portrait_npc_npc_star_palace_sect_master,星宫·掌门/代掌（肖像）,humanoid_other,1,,,,bestiary_v119.json,NPC肖像。星宫·掌门/代掌。印堂气沉，眉目少波，说话时袍角不起无风
portrait_npc_npc_star_palace_great_elder,星宫·大长老（肖像）,humanoid_other,1,,,,bestiary_v119.json,NPC肖像。星宫·大长老。法令纹深，目光秤人
portrait_npc_npc_star_palace_alchemy_elder,星宫·丹堂执事（肖像）,humanoid_other,1,,,,bestiary_v119.json,NPC肖像。星宫·丹堂执事。鼻翼常有药味，指黄
portrait_npc_npc_star_palace_outer_deacon,星宫·外门执事（肖像）,humanoid_other,1,,,,bestiary_v119.json,NPC肖像。星宫·外门执事。脸皮笑意薄，眼珠转得快
portrait_npc_npc_star_palace_patrol_captain,星宫·巡卫队长（肖像）,humanoid_other,1,,,,bestiary_v119.json,NPC肖像。星宫·巡卫队长。下颌线硬，扫描式眨眼
portrait_npc_npc_inverse_star_alliance_sect_master,逆星盟·掌门/代掌（肖像）,humanoid_other,1,,,,bestiary_v119.json,NPC肖像。逆星盟·掌门/代掌。印堂气沉，眉目少波，说话时袍角不起无风
portrait_npc_npc_inverse_star_alliance_great_elder,逆星盟·大长老（肖像）,humanoid_other,1,,,,bestiary_v119.json,NPC肖像。逆星盟·大长老。法令纹深，目光秤人
portrait_npc_npc_inverse_star_alliance_alchemy_elder,逆星盟·丹堂执事（肖像）,humanoid_other,1,,,,bestiary_v119.json,NPC肖像。逆星盟·丹堂执事。鼻翼常有药味，指黄
portrait_npc_npc_inverse_star_alliance_outer_deacon,逆星盟·外门执事（肖像）,humanoid_other,1,,,,bestiary_v119.json,NPC肖像。逆星盟·外门执事。脸皮笑意薄，眼珠转得快
portrait_npc_npc_inverse_star_alliance_patrol_captain,逆星盟·巡卫队长（肖像）,humanoid_other,1,,,,bestiary_v119.json,NPC肖像。逆星盟·巡卫队长。下颌线硬，扫描式眨眼
portrait_npc_npc_qianzhu_teach_sect_master,千竹教·掌门/代掌（肖像）,humanoid_other,1,,,,bestiary_v119.json,NPC肖像。千竹教·掌门/代掌。印堂气沉，眉目少波，说话时袍角不起无风
portrait_npc_npc_qianzhu_teach_great_elder,千竹教·大长老（肖像）,humanoid_other,1,,,,bestiary_v119.json,NPC肖像。千竹教·大长老。法令纹深，目光秤人
portrait_npc_npc_qianzhu_teach_alchemy_elder,千竹教·丹堂执事（肖像）,humanoid_other,1,,,,bestiary_v119.json,NPC肖像。千竹教·丹堂执事。鼻翼常有药味，指黄
portrait_npc_npc_qianzhu_teach_outer_deacon,千竹教·外门执事（肖像）,humanoid_other,1,,,,bestiary_v119.json,NPC肖像。千竹教·外门执事。脸皮笑意薄，眼珠转得快
portrait_npc_npc_qianzhu_teach_patrol_captain,千竹教·巡卫队长（肖像）,humanoid_other,1,,,,bestiary_v119.json,NPC肖像。千竹教·巡卫队长。下颌线硬，扫描式眨眼
portrait_npc_npc_mulan_fashi_council_sect_master,慕兰神师府·掌门/代掌（肖像）,humanoid_other,1,,,,bestiary_v119.json,NPC肖像。慕兰神师府·掌门/代掌。印堂气沉，眉目少波，说话时袍角不起无风
portrait_npc_npc_mulan_fashi_council_great_elder,慕兰神师府·大长老（肖像）,humanoid_other,1,,,,bestiary_v119.json,NPC肖像。慕兰神师府·大长老。法令纹深，目光秤人
portrait_npc_npc_mulan_fashi_council_alchemy_elder,慕兰神师府·丹堂执事（肖像）,humanoid_other,1,,,,bestiary_v119.json,NPC肖像。慕兰神师府·丹堂执事。鼻翼常有药味，指黄
portrait_npc_npc_mulan_fashi_council_outer_deacon,慕兰神师府·外门执事（肖像）,humanoid_other,1,,,,bestiary_v119.json,NPC肖像。慕兰神师府·外门执事。脸皮笑意薄，眼珠转得快
portrait_npc_npc_mulan_fashi_council_patrol_captain,慕兰神师府·巡卫队长（肖像）,humanoid_other,1,,,,bestiary_v119.json,NPC肖像。慕兰神师府·巡卫队长。下颌线硬，扫描式眨眼
portrait_npc_npc_tianlan_temple_sect_master,天澜圣殿·掌门/代掌（肖像）,humanoid_other,1,,,,bestiary_v119.json,NPC肖像。天澜圣殿·掌门/代掌。印堂气沉，眉目少波，说话时袍角不起无风
portrait_npc_npc_tianlan_temple_great_elder,天澜圣殿·大长老（肖像）,humanoid_other,1,,,,bestiary_v119.json,NPC肖像。天澜圣殿·大长老。法令纹深，目光秤人
portrait_npc_npc_tianlan_temple_alchemy_elder,天澜圣殿·丹堂执事（肖像）,humanoid_other,1,,,,bestiary_v119.json,NPC肖像。天澜圣殿·丹堂执事。鼻翼常有药味，指黄
portrait_npc_npc_tianlan_temple_outer_deacon,天澜圣殿·外门执事（肖像）,humanoid_other,1,,,,bestiary_v119.json,NPC肖像。天澜圣殿·外门执事。脸皮笑意薄，眼珠转得快
portrait_npc_npc_tianlan_temple_patrol_captain,天澜圣殿·巡卫队长（肖像）,humanoid_other,1,,,,bestiary_v119.json,NPC肖像。天澜圣殿·巡卫队长。下颌线硬，扫描式眨眼
portrait_npc_npc_qianzhu_sect_sect_master,千竹教·掌门/代掌（肖像）,humanoid_other,1,,,,bestiary_v119.json,NPC肖像。千竹教·掌门/代掌。印堂气沉，眉目少波，说话时袍角不起无风
portrait_npc_npc_qianzhu_sect_great_elder,千竹教·大长老（肖像）,humanoid_other,1,,,,bestiary_v119.json,NPC肖像。千竹教·大长老。法令纹深，目光秤人
portrait_npc_npc_qianzhu_sect_alchemy_elder,千竹教·丹堂执事（肖像）,humanoid_other,1,,,,bestiary_v119.json,NPC肖像。千竹教·丹堂执事。鼻翼常有药味，指黄
portrait_npc_npc_qianzhu_sect_outer_deacon,千竹教·外门执事（肖像）,humanoid_other,1,,,,bestiary_v119.json,NPC肖像。千竹教·外门执事。脸皮笑意薄，眼珠转得快
portrait_npc_npc_qianzhu_sect_patrol_captain,千竹教·巡卫队长（肖像）,humanoid_other,1,,,,bestiary_v119.json,NPC肖像。千竹教·巡卫队长。下颌线硬，扫描式眨眼
portrait_npc_npc_yuling_sect_secret_sect_master,御灵宗·掌门/代掌（肖像）,humanoid_other,1,,,,bestiary_v119.json,NPC肖像。御灵宗·掌门/代掌。印堂气沉，眉目少波，说话时袍角不起无风
portrait_npc_npc_yuling_sect_secret_great_elder,御灵宗·大长老（肖像）,humanoid_other,1,,,,bestiary_v119.json,NPC肖像。御灵宗·大长老。法令纹深，目光秤人
portrait_npc_npc_yuling_sect_secret_alchemy_elder,御灵宗·丹堂执事（肖像）,humanoid_other,1,,,,bestiary_v119.json,NPC肖像。御灵宗·丹堂执事。鼻翼常有药味，指黄
portrait_npc_npc_yuling_sect_secret_outer_deacon,御灵宗·外门执事（肖像）,humanoid_other,1,,,,bestiary_v119.json,NPC肖像。御灵宗·外门执事。脸皮笑意薄，眼珠转得快
portrait_npc_npc_yuling_sect_secret_patrol_captain,御灵宗·巡卫队长（肖像）,humanoid_other,1,,,,bestiary_v119.json,NPC肖像。御灵宗·巡卫队长。下颌线硬，扫描式眨眼
portrait_npc_npc_guiling_gate_sect_master,鬼灵门·掌门/代掌（肖像）,humanoid_other,1,,,,bestiary_v119.json,NPC肖像。鬼灵门·掌门/代掌。印堂气沉，眉目少波，说话时袍角不起无风
portrait_npc_npc_guiling_gate_great_elder,鬼灵门·大长老（肖像）,humanoid_other,1,,,,bestiary_v119.json,NPC肖像。鬼灵门·大长老。法令纹深，目光秤人
portrait_npc_npc_guiling_gate_alchemy_elder,鬼灵门·丹堂执事（肖像）,humanoid_other,1,,,,bestiary_v119.json,NPC肖像。鬼灵门·丹堂执事。鼻翼常有药味，指黄
portrait_npc_npc_guiling_gate_outer_deacon,鬼灵门·外门执事（肖像）,humanoid_other,1,,,,bestiary_v119.json,NPC肖像。鬼灵门·外门执事。脸皮笑意薄，眼珠转得快
portrait_npc_npc_guiling_gate_patrol_captain,鬼灵门·巡卫队长（肖像）,humanoid_other,1,,,,bestiary_v119.json,NPC肖像。鬼灵门·巡卫队长。下颌线硬，扫描式眨眼
portrait_npc_npc_tianmo_sect_sect_master,天魔宗·掌门/代掌（肖像）,humanoid_other,1,,,,bestiary_v119.json,NPC肖像。天魔宗·掌门/代掌。印堂气沉，眉目少波，说话时袍角不起无风
portrait_npc_npc_tianmo_sect_great_elder,天魔宗·大长老（肖像）,humanoid_other,1,,,,bestiary_v119.json,NPC肖像。天魔宗·大长老。法令纹深，目光秤人
portrait_npc_npc_tianmo_sect_alchemy_elder,天魔宗·丹堂执事（肖像）,humanoid_other,1,,,,bestiary_v119.json,NPC肖像。天魔宗·丹堂执事。鼻翼常有药味，指黄
portrait_npc_npc_tianmo_sect_outer_deacon,天魔宗·外门执事（肖像）,humanoid_other,1,,,,bestiary_v119.json,NPC肖像。天魔宗·外门执事。脸皮笑意薄，眼珠转得快
portrait_npc_npc_tianmo_sect_patrol_captain,天魔宗·巡卫队长（肖像）,humanoid_other,1,,,,bestiary_v119.json,NPC肖像。天魔宗·巡卫队长。下颌线硬，扫描式眨眼
portrait_npc_npc_qingluo_sect_sect_master,青罗宗·掌门/代掌（肖像）,humanoid_other,1,,,,bestiary_v119.json,NPC肖像。青罗宗·掌门/代掌。印堂气沉，眉目少波，说话时袍角不起无风
portrait_npc_npc_qingluo_sect_great_elder,青罗宗·大长老（肖像）,humanoid_other,1,,,,bestiary_v119.json,NPC肖像。青罗宗·大长老。法令纹深，目光秤人
portrait_npc_npc_qingluo_sect_alchemy_elder,青罗宗·丹堂执事（肖像）,humanoid_other,1,,,,bestiary_v119.json,NPC肖像。青罗宗·丹堂执事。鼻翼常有药味，指黄
portrait_npc_npc_qingluo_sect_outer_deacon,青罗宗·外门执事（肖像）,humanoid_other,1,,,,bestiary_v119.json,NPC肖像。青罗宗·外门执事。脸皮笑意薄，眼珠转得快
portrait_npc_npc_qingluo_sect_patrol_captain,青罗宗·巡卫队长（肖像）,humanoid_other,1,,,,bestiary_v119.json,NPC肖像。青罗宗·巡卫队长。下颌线硬，扫描式眨眼
portrait_npc_npc_wanhu_sect_sect_master,万狐宗·掌门/代掌（肖像）,humanoid_other,1,,,,bestiary_v119.json,NPC肖像。万狐宗·掌门/代掌。印堂气沉，眉目少波，说话时袍角不起无风
portrait_npc_npc_wanhu_sect_great_elder,万狐宗·大长老（肖像）,humanoid_other,1,,,,bestiary_v119.json,NPC肖像。万狐宗·大长老。法令纹深，目光秤人
portrait_npc_npc_wanhu_sect_alchemy_elder,万狐宗·丹堂执事（肖像）,humanoid_other,1,,,,bestiary_v119.json,NPC肖像。万狐宗·丹堂执事。鼻翼常有药味，指黄
portrait_npc_npc_wanhu_sect_outer_deacon,万狐宗·外门执事（肖像）,humanoid_other,1,,,,bestiary_v119.json,NPC肖像。万狐宗·外门执事。脸皮笑意薄，眼珠转得快
portrait_npc_npc_wanhu_sect_patrol_captain,万狐宗·巡卫队长（肖像）,humanoid_other,1,,,,bestiary_v119.json,NPC肖像。万狐宗·巡卫队长。下颌线硬，扫描式眨眼
portrait_npc_npc_xuewu_sect_sect_master,血巫教·掌门/代掌（肖像）,humanoid_other,1,,,,bestiary_v119.json,NPC肖像。血巫教·掌门/代掌。印堂气沉，眉目少波，说话时袍角不起无风
portrait_npc_npc_xuewu_sect_great_elder,血巫教·大长老（肖像）,humanoid_other,1,,,,bestiary_v119.json,NPC肖像。血巫教·大长老。法令纹深，目光秤人
portrait_npc_npc_xuewu_sect_alchemy_elder,血巫教·丹堂执事（肖像）,humanoid_other,1,,,,bestiary_v119.json,NPC肖像。血巫教·丹堂执事。鼻翼常有药味，指黄
portrait_npc_npc_xuewu_sect_outer_deacon,血巫教·外门执事（肖像）,humanoid_other,1,,,,bestiary_v119.json,NPC肖像。血巫教·外门执事。脸皮笑意薄，眼珠转得快
portrait_npc_npc_xuewu_sect_patrol_captain,血巫教·巡卫队长（肖像）,humanoid_other,1,,,,bestiary_v119.json,NPC肖像。血巫教·巡卫队长。下颌线硬，扫描式眨眼
portrait_npc_npc_dajin_buddhist_temple_line_sect_master,大晋佛寺一脉·掌门/代掌（肖像）,humanoid_other,1,,,,bestiary_v119.json,NPC肖像。大晋佛寺一脉·掌门/代掌。印堂气沉，眉目少波，说话时袍角不起无风
portrait_npc_npc_dajin_buddhist_temple_line_great_elder,大晋佛寺一脉·大长老（肖像）,humanoid_other,1,,,,bestiary_v119.json,NPC肖像。大晋佛寺一脉·大长老。法令纹深，目光秤人
portrait_npc_npc_dajin_buddhist_temple_line_alchemy_elder,大晋佛寺一脉·丹堂执事（肖像）,humanoid_other,1,,,,bestiary_v119.json,NPC肖像。大晋佛寺一脉·丹堂执事。鼻翼常有药味，指黄
portrait_npc_npc_dajin_buddhist_temple_line_outer_deacon,大晋佛寺一脉·外门执事（肖像）,humanoid_other,1,,,,bestiary_v119.json,NPC肖像。大晋佛寺一脉·外门执事。脸皮笑意薄，眼珠转得快
portrait_npc_npc_dajin_buddhist_temple_line_patrol_captain,大晋佛寺一脉·巡卫队长（肖像）,humanoid_other,1,,,,bestiary_v119.json,NPC肖像。大晋佛寺一脉·巡卫队长。下颌线硬，扫描式眨眼
portrait_npc_npc_huangfeng_dan_tang,黄枫谷·丹堂管事（肖像）,humanoid_other,1,,,,bestiary_v119.json,NPC肖像。黄枫谷·丹堂管事。鼻翼常有药味，指黄
portrait_npc_npc_huangfeng_outer,黄枫谷·外门赵执事（肖像）,humanoid_other,1,,,,bestiary_v119.json,NPC肖像。黄枫谷·外门赵执事。脸皮笑意薄，眼珠转得快
portrait_npc_npc_yanyue_shadow,掩月宗·影堂引路人（肖像）,humanoid_other,1,,,,bestiary_v119.json,NPC肖像。掩月宗·影堂引路人。可亲但藏锋，握手时试探气机
portrait_npc_npc_spirit_beast_herder,灵兽山·御兽长（肖像）,humanoid_other,1,,,,bestiary_v119.json,NPC肖像。灵兽山·御兽长。法令纹深，目光秤人
portrait_npc_npc_qingxu_quiet,清虚门·静修堂主（肖像）,humanoid_other,1,,,,bestiary_v119.json,NPC肖像。清虚门·静修堂主。法令纹深，目光秤人
portrait_npc_npc_jujian_forge,巨剑门·剑冢执事（肖像）,humanoid_other,1,,,,bestiary_v119.json,NPC肖像。巨剑门·剑冢执事。下颌线硬，扫描式眨眼
portrait_npc_npc_qixuan_chief,七玄门·门主（江湖）（肖像）,humanoid_other,1,,,,bestiary_v119.json,NPC肖像。七玄门·门主（江湖）。印堂气沉，眉目少波，说话时袍角不起无风
portrait_npc_npc_ghost_spirit_ferry,鬼灵门·引渡使（肖像）,humanoid_other,1,,,,bestiary_v119.json,NPC肖像。鬼灵门·引渡使。可亲但藏锋，握手时试探气机
portrait_npc_npc_hehuan_host,合欢宗·堂主（肖像）,humanoid_other,1,,,,bestiary_v119.json,NPC肖像。合欢宗·堂主。印堂气沉，眉目少波，说话时袍角不起无风
portrait_npc_npc_star_palace_censor,星宫·巡察使（肖像）,humanoid_other,1,,,,bestiary_v119.json,NPC肖像。星宫·巡察使。下颌线硬，扫描式眨眼
portrait_npc_npc_inverse_star_broker,逆星·灰市掮客（肖像）,humanoid_other,1,,,,bestiary_v119.json,NPC肖像。逆星·灰市掮客。半张脸常在阴影，笑只牵一边嘴
portrait_npc_npc_liulian_envoy,六连殿·联络修（肖像）,humanoid_other,1,,,,bestiary_v119.json,NPC肖像。六连殿·联络修。可亲但藏锋，握手时试探气机
portrait_npc_npc_dajin_auctioneer,大晋·拍卖行掌柜（肖像）,humanoid_other,1,,,,bestiary_v119.json,NPC肖像。大晋·拍卖行掌柜。半张脸常在阴影，笑只牵一边嘴
portrait_npc_npc_dajin_border_general,大晋边军·校尉（肖像）,humanoid_other,1,,,,bestiary_v119.json,NPC肖像。大晋边军·校尉。下颌线硬，扫描式眨眼
portrait_npc_npc_mulan_fashi,慕兰·法师长老（肖像）,humanoid_other,1,,,,bestiary_v119.json,NPC肖像。慕兰·法师长老。法令纹深，目光秤人
portrait_npc_npc_mulan_scout_chief,慕兰·斥候长（肖像）,humanoid_other,1,,,,bestiary_v119.json,NPC肖像。慕兰·斥候长。下颌线硬，扫描式眨眼
portrait_npc_npc_tianyuan_clerk,天渊城·功勋吏（肖像）,humanoid_other,1,,,,bestiary_v119.json,NPC肖像。天渊城·功勋吏。脸皮笑意薄，眼珠转得快
portrait_npc_npc_qianzhu_mechanic,千竹·机关长老（肖像）,humanoid_other,1,,,,bestiary_v119.json,NPC肖像。千竹·机关长老。鼻翼常有药味，指黄
portrait_npc_npc_kunwu_guide,昆吾·火脉向导（肖像）,humanoid_other,1,,,,bestiary_v119.json,NPC肖像。昆吾·火脉向导。可亲但藏锋，握手时试探气机
portrait_npc_npc_nether_ferryman,冥河·摆渡残影（肖像）,humanoid_other,1,,,,bestiary_v119.json,NPC肖像。冥河·摆渡残影。可亲但藏锋，握手时试探气机
portrait_npc_npc_blood_forbidden_guard,血色禁地·守界修（肖像）,humanoid_other,1,,,,bestiary_v119.json,NPC肖像。血色禁地·守界修。下颌线硬，扫描式眨眼
portrait_npc_npc_xutian_observer,虚天殿·观殿人（肖像）,humanoid_other,1,,,,bestiary_v119.json,NPC肖像。虚天殿·观殿人。法令纹深，目光秤人
portrait_npc_npc_diyuan_miner,地渊·矿脉包工头（肖像）,humanoid_other,1,,,,bestiary_v119.json,NPC肖像。地渊·矿脉包工头。脸皮笑意薄，眼珠转得快
portrait_npc_npc_asura_trial_warden,修罗界·试炼令使（肖像）,humanoid_other,1,,,,bestiary_v119.json,NPC肖像。修罗界·试炼令使。可亲但藏锋，握手时试探气机
portrait_npc_npc_jiuxian_gatekeeper,九仙山·守峰人（肖像）,humanoid_other,1,,,,bestiary_v119.json,NPC肖像。九仙山·守峰人。印堂气沉，眉目少波，说话时袍角不起无风
portrait_npc_npc_garden_auditor,灵缈园·采药审计（肖像）,humanoid_other,1,,,,bestiary_v119.json,NPC肖像。灵缈园·采药审计。下颌线硬，扫描式眨眼
portrait_npc_npc_wandering_appraiser,散修·鉴宝张（肖像）,humanoid_other,1,,,,bestiary_v119.json,NPC肖像。散修·鉴宝张。半张脸常在阴影，笑只牵一边嘴
portrait_npc_npc_seven_meridian_judge,七脉试炼·评分执事（肖像）,humanoid_other,1,,,,bestiary_v119.json,NPC肖像。七脉试炼·评分执事。脸皮笑意薄，眼珠转得快
v119_fx_librarian,特效司书,humanoid_other,0,,,,bestiary_v119.json,指向 visual_storyboards_v119 与 item_descriptions_v119。
anim_beast_twin_pupil_rat,双瞳鼠（动画表）,lingshou,3,,,True,bestiary_v120.json,双瞳鼠：双瞳看穿迷雾，喜灵浓处筑窝。
anim_beast_red_leopard_beast,红狸兽（动画表）,lingshou,3,,,True,bestiary_v120.json,红狸兽：敏捷、嗅觉超常。
anim_beast_fire_horn_deer,炙角鹿（动画表）,yaoshou,3,,,False,bestiary_v120.json,炙角鹿：火红独角。
anim_beast_wind_screech_hawk,风啸鹰（动画表）,lingshou,3,,,True,bestiary_v120.json,风啸鹰：驯养放哨侦察。
anim_beast_scent_spirit_beast,嗅灵兽（动画表）,lingshou,3,,,True,bestiary_v120.json,嗅灵兽：查违禁物品。
anim_beast_giant_centipede,巨型蜈蚣（动画表）,yaoshou,3,,,False,bestiary_v120.json,巨型蜈蚣：黑色甲壳。
anim_beast_ink_flood_dragon,墨蛟（动画表）,yaoshou,3,,,False,bestiary_v120.json,蜿体鳞层、须眉杀气、盘/游姿态
anim_beast_heart_bore_worm,钻心虫（动画表）,yaoshou,3,,,False,bestiary_v120.json,甲壳/鳞粉/复眼细节
anim_beast_fire_crow,火鸦（动画表）,yaoshou,3,,,False,bestiary_v120.json,火鸦：火属性远程。
anim_beast_green_vine_demon,青木妖藤（动画表）,yaoshou,3,,,False,bestiary_v120.json,青木妖藤：束缚毒回血。
anim_beast_mystic_water_turtle,玄水龟（动画表）,yaoshou,3,,,False,bestiary_v120.json,玄水龟：高防水系控制。
anim_beast_thunder_horn_tiger,雷角虎（动画表）,yaoshou,3,,,False,bestiary_v120.json,雷角虎：冲锋雷击。
anim_beast_demon_core_bear,妖丹熊（动画表）,yaoshou,3,,,False,bestiary_v120.json,妖丹熊：结丹初，体内结妖丹。
anim_beast_baby_carp_demon,婴鲤兽（动画表）,yaoshou,3,,,False,bestiary_v120.json,婴鲤兽：娃娃脸鱼尾，水罡神雷。
anim_beast_ice_soul_serpent,冰魄蛇（动画表）,yaoshou,3,,,False,bestiary_v120.json,冰魄蛇：冰冻毒。
anim_beast_spirit_fox,灵狐（动画表）,lingshou,3,,,True,bestiary_v120.json,灵狐：幻术闪避可驯服。
anim_beast_shape_shift_trial_beast,化形试炼兽（动画表）,yaoshou,3,,,False,bestiary_v120.json,化形试炼兽：七级渡劫化形模板。
anim_beast_thunder_jiao,雷劫蛟（动画表）,yaoshou,3,,,False,bestiary_v120.json,蜿体鳞层、须眉杀气、盘/游姿态
anim_beast_silver_wing_yaksha,银翅夜叉（动画表）,yaoshou,3,,,False,bestiary_v120.json,银翅夜叉：炼尸/妖 hybrid，风土遁幻术。
anim_beast_wind_split_beast,裂风兽（动画表）,yaoshou,3,,,False,bestiary_v120.json,裂风兽：妖王级，学人族技术。
anim_beast_earth_armor_dragon,土甲龙（动画表）,yaoshou,3,,,False,bestiary_v120.json,蜿体鳞层、须眉杀气、盘/游姿态
anim_beast_fire_jiao_adult,离火蛟（动画表）,yaoshou,3,,,False,bestiary_v120.json,蜿体鳞层、须眉杀气、盘/游姿态
anim_beast_suanni_beast,狻猊兽（动画表）,yaoshou,3,,,False,bestiary_v120.json,狻猊兽：上古兽形。
anim_beast_four_ear_gold_ape,四耳金猿（动画表）,yaoshou,3,,,False,bestiary_v120.json,长臂巨力、面有智光
anim_beast_gold_body_moon_corpse,金身月尸（动画表）,yaoshou,3,,,False,bestiary_v120.json,金漆干尸关节反折
anim_beast_six_wing_frost_centipede,六翼霜蚣（动画表）,yaoshou,3,,,False,bestiary_v120.json,六翼霜蚣：冰龙血统灵虫。
anim_beast_leopard_qilin_beast,豹麟兽（动画表）,yaoshou,3,,,False,bestiary_v120.json,豹麟兽：麒麟血脉，元婴实力幼体。
anim_beast_mirage_sand_beast,蜃兽（动画表）,yaoshou,3,,,False,bestiary_v120.json,蜃兽：双蛇首蛙身，幻化。
anim_beast_sky_tiger_beast,天虎兽（动画表）,yaoshou,3,,,False,bestiary_v120.json,天虎兽：土风法术瞬移。
anim_beast_holy_peacock,圣禽（青孔雀）（动画表）,yaoshou,3,,,False,bestiary_v120.json,华羽开屏、冠羽
anim_beast_soul_weep_beast,泣魂兽（动画表）,yaoshou,3,,,False,bestiary_v120.json,泣魂兽：冥河阴兽，啼哭可乱人心神，常伴尸气。
anim_beast_phantom_flame_moth,幻焰蛾（动画表）,yaoshou,3,,,False,bestiary_v120.json,甲壳/鳞粉/复眼细节
anim_beast_gold_devour_beetle,噬金虫（动画表）,lingshou,3,,,True,bestiary_v120.json,甲壳/鳞粉/复眼细节
anim_beast_soul_weeping_beast,啼魂兽（动画表）,lingshou,3,,,True,bestiary_v120.json,啼魂兽：尖啸伤魂，对鬼物克制极强。
anim_beast_mountain_giant_ape,山岳巨猿（动画表）,yaoshou,3,,,False,bestiary_v120.json,长臂巨力、面有智光
anim_beast_blood_jiao,血蛟（动画表）,yaoshou,3,,,False,bestiary_v120.json,蜿体鳞层、须眉杀气、盘/游姿态
anim_beast_three_tailed_fox,三尾妖狐（动画表）,lingshou,3,,,True,bestiary_v120.json,三尾妖狐：擅幻术，灵狐一脉。
anim_beast_iron_lion_beast,铁甲狮兽（动画表）,lingshou,3,,,True,bestiary_v120.json,铁甲狮兽：体修型妖兽，皮糙肉厚。
anim_beast_cloud_silk_spider,云丝蛛（动画表）,lingshou,3,,,True,bestiary_v120.json,云丝蛛：吐丝缚敌，可炼蛛丝材料。
anim_beast_flame_salamander,火蜥兽（动画表）,lingshou,3,,,True,bestiary_v120.json,火蜥兽：火系低阶妖兽，内丹可入药。
anim_beast_ice_phoenix_chick,冰凤幼禽（动画表）,lingshou,3,,,True,bestiary_v120.json,华羽开屏、冠羽
anim_beast_void_mantis,虚空螳螂（动画表）,yaoshou,3,,,False,bestiary_v120.json,虚空螳螂：灵界虫族，前肢如刃。
expr_npc_npc_huangfeng_valley_sect_master,黄枫谷·掌门/代掌（表情）,humanoid_other,1,,,,bestiary_v120.json,"表情组['威默', '微颔', '目压']"
expr_npc_npc_huangfeng_valley_great_elder,黄枫谷·大长老（表情）,humanoid_other,1,,,,bestiary_v120.json,"表情组['审', '斥', '允']"
expr_npc_npc_huangfeng_valley_alchemy_elder,黄枫谷·丹堂执事（表情）,humanoid_other,1,,,,bestiary_v120.json,"表情组['皱眉看火', '点头', '嫌弃炸炉']"
expr_npc_npc_huangfeng_valley_outer_deacon,黄枫谷·外门执事（表情）,humanoid_other,1,,,,bestiary_v120.json,"表情组['势利笑', '公事脸', '驱赶']"
expr_npc_npc_huangfeng_valley_patrol_captain,黄枫谷·巡卫队长（表情）,humanoid_other,1,,,,bestiary_v120.json,"表情组['扫描', '拔势', '收势']"
expr_npc_npc_yanyue_sect_sect_master,掩月宗·掌门/代掌（表情）,humanoid_other,1,,,,bestiary_v120.json,"表情组['威默', '微颔', '目压']"
expr_npc_npc_yanyue_sect_great_elder,掩月宗·大长老（表情）,humanoid_other,1,,,,bestiary_v120.json,"表情组['审', '斥', '允']"
expr_npc_npc_yanyue_sect_alchemy_elder,掩月宗·丹堂执事（表情）,humanoid_other,1,,,,bestiary_v120.json,"表情组['皱眉看火', '点头', '嫌弃炸炉']"
expr_npc_npc_yanyue_sect_outer_deacon,掩月宗·外门执事（表情）,humanoid_other,1,,,,bestiary_v120.json,"表情组['势利笑', '公事脸', '驱赶']"
expr_npc_npc_yanyue_sect_patrol_captain,掩月宗·巡卫队长（表情）,humanoid_other,1,,,,bestiary_v120.json,"表情组['扫描', '拔势', '收势']"
expr_npc_npc_spirit_beast_mountain_sect_master,灵兽山·掌门/代掌（表情）,humanoid_other,1,,,,bestiary_v120.json,"表情组['威默', '微颔', '目压']"
expr_npc_npc_spirit_beast_mountain_great_elder,灵兽山·大长老（表情）,humanoid_other,1,,,,bestiary_v120.json,"表情组['审', '斥', '允']"
expr_npc_npc_spirit_beast_mountain_alchemy_elder,灵兽山·丹堂执事（表情）,humanoid_other,1,,,,bestiary_v120.json,"表情组['皱眉看火', '点头', '嫌弃炸炉']"
expr_npc_npc_spirit_beast_mountain_outer_deacon,灵兽山·外门执事（表情）,humanoid_other,1,,,,bestiary_v120.json,"表情组['势利笑', '公事脸', '驱赶']"
expr_npc_npc_spirit_beast_mountain_patrol_captain,灵兽山·巡卫队长（表情）,humanoid_other,1,,,,bestiary_v120.json,"表情组['扫描', '拔势', '收势']"
expr_npc_npc_qingxu_gate_sect_master,清虚门·掌门/代掌（表情）,humanoid_other,1,,,,bestiary_v120.json,"表情组['威默', '微颔', '目压']"
expr_npc_npc_qingxu_gate_great_elder,清虚门·大长老（表情）,humanoid_other,1,,,,bestiary_v120.json,"表情组['审', '斥', '允']"
expr_npc_npc_qingxu_gate_alchemy_elder,清虚门·丹堂执事（表情）,humanoid_other,1,,,,bestiary_v120.json,"表情组['皱眉看火', '点头', '嫌弃炸炉']"
expr_npc_npc_qingxu_gate_outer_deacon,清虚门·外门执事（表情）,humanoid_other,1,,,,bestiary_v120.json,"表情组['势利笑', '公事脸', '驱赶']"
expr_npc_npc_qingxu_gate_patrol_captain,清虚门·巡卫队长（表情）,humanoid_other,1,,,,bestiary_v120.json,"表情组['扫描', '拔势', '收势']"
expr_npc_npc_huadao_wu_sect_master,化刀坞·掌门/代掌（表情）,humanoid_other,1,,,,bestiary_v120.json,"表情组['威默', '微颔', '目压']"
expr_npc_npc_huadao_wu_great_elder,化刀坞·大长老（表情）,humanoid_other,1,,,,bestiary_v120.json,"表情组['审', '斥', '允']"
expr_npc_npc_huadao_wu_alchemy_elder,化刀坞·丹堂执事（表情）,humanoid_other,1,,,,bestiary_v120.json,"表情组['皱眉看火', '点头', '嫌弃炸炉']"
expr_npc_npc_huadao_wu_outer_deacon,化刀坞·外门执事（表情）,humanoid_other,1,,,,bestiary_v120.json,"表情组['势利笑', '公事脸', '驱赶']"
expr_npc_npc_huadao_wu_patrol_captain,化刀坞·巡卫队长（表情）,humanoid_other,1,,,,bestiary_v120.json,"表情组['扫描', '拔势', '收势']"
expr_npc_npc_tianque_fort_sect_master,天阙堡·掌门/代掌（表情）,humanoid_other,1,,,,bestiary_v120.json,"表情组['威默', '微颔', '目压']"
expr_npc_npc_tianque_fort_great_elder,天阙堡·大长老（表情）,humanoid_other,1,,,,bestiary_v120.json,"表情组['审', '斥', '允']"
expr_npc_npc_tianque_fort_alchemy_elder,天阙堡·丹堂执事（表情）,humanoid_other,1,,,,bestiary_v120.json,"表情组['皱眉看火', '点头', '嫌弃炸炉']"
expr_npc_npc_tianque_fort_outer_deacon,天阙堡·外门执事（表情）,humanoid_other,1,,,,bestiary_v120.json,"表情组['势利笑', '公事脸', '驱赶']"
expr_npc_npc_tianque_fort_patrol_captain,天阙堡·巡卫队长（表情）,humanoid_other,1,,,,bestiary_v120.json,"表情组['扫描', '拔势', '收势']"
expr_npc_npc_giant_sword_gate_sect_master,巨剑门·掌门/代掌（表情）,humanoid_other,1,,,,bestiary_v120.json,"表情组['威默', '微颔', '目压']"
expr_npc_npc_giant_sword_gate_great_elder,巨剑门·大长老（表情）,humanoid_other,1,,,,bestiary_v120.json,"表情组['审', '斥', '允']"
expr_npc_npc_giant_sword_gate_alchemy_elder,巨剑门·丹堂执事（表情）,humanoid_other,1,,,,bestiary_v120.json,"表情组['皱眉看火', '点头', '嫌弃炸炉']"
expr_npc_npc_giant_sword_gate_outer_deacon,巨剑门·外门执事（表情）,humanoid_other,1,,,,bestiary_v120.json,"表情组['势利笑', '公事脸', '驱赶']"
expr_npc_npc_giant_sword_gate_patrol_captain,巨剑门·巡卫队长（表情）,humanoid_other,1,,,,bestiary_v120.json,"表情组['扫描', '拔势', '收势']"
expr_npc_npc_qixuan_men_sect_master,七玄门·掌门/代掌（表情）,humanoid_other,1,,,,bestiary_v120.json,"表情组['威默', '微颔', '目压']"
expr_npc_npc_qixuan_men_great_elder,七玄门·大长老（表情）,humanoid_other,1,,,,bestiary_v120.json,"表情组['审', '斥', '允']"
expr_npc_npc_qixuan_men_alchemy_elder,七玄门·丹堂执事（表情）,humanoid_other,1,,,,bestiary_v120.json,"表情组['皱眉看火', '点头', '嫌弃炸炉']"
expr_npc_npc_qixuan_men_outer_deacon,七玄门·外门执事（表情）,humanoid_other,1,,,,bestiary_v120.json,"表情组['势利笑', '公事脸', '驱赶']"
expr_npc_npc_qixuan_men_patrol_captain,七玄门·巡卫队长（表情）,humanoid_other,1,,,,bestiary_v120.json,"表情组['扫描', '拔势', '收势']"
expr_npc_npc_ghost_spirit_gate_sect_master,鬼灵门·掌门/代掌（表情）,humanoid_other,1,,,,bestiary_v120.json,"表情组['威默', '微颔', '目压']"
expr_npc_npc_ghost_spirit_gate_great_elder,鬼灵门·大长老（表情）,humanoid_other,1,,,,bestiary_v120.json,"表情组['审', '斥', '允']"
expr_npc_npc_ghost_spirit_gate_alchemy_elder,鬼灵门·丹堂执事（表情）,humanoid_other,1,,,,bestiary_v120.json,"表情组['皱眉看火', '点头', '嫌弃炸炉']"
expr_npc_npc_ghost_spirit_gate_outer_deacon,鬼灵门·外门执事（表情）,humanoid_other,1,,,,bestiary_v120.json,"表情组['势利笑', '公事脸', '驱赶']"
expr_npc_npc_ghost_spirit_gate_patrol_captain,鬼灵门·巡卫队长（表情）,humanoid_other,1,,,,bestiary_v120.json,"表情组['扫描', '拔势', '收势']"
expr_npc_npc_hehuan_sect_sect_master,合欢宗·掌门/代掌（表情）,humanoid_other,1,,,,bestiary_v120.json,"表情组['威默', '微颔', '目压']"
expr_npc_npc_hehuan_sect_great_elder,合欢宗·大长老（表情）,humanoid_other,1,,,,bestiary_v120.json,"表情组['审', '斥', '允']"
expr_npc_npc_hehuan_sect_alchemy_elder,合欢宗·丹堂执事（表情）,humanoid_other,1,,,,bestiary_v120.json,"表情组['皱眉看火', '点头', '嫌弃炸炉']"
expr_npc_npc_hehuan_sect_outer_deacon,合欢宗·外门执事（表情）,humanoid_other,1,,,,bestiary_v120.json,"表情组['势利笑', '公事脸', '驱赶']"
expr_npc_npc_hehuan_sect_patrol_captain,合欢宗·巡卫队长（表情）,humanoid_other,1,,,,bestiary_v120.json,"表情组['扫描', '拔势', '收势']"
expr_npc_npc_moyan_gate_sect_master,魔焰门·掌门/代掌（表情）,humanoid_other,1,,,,bestiary_v120.json,"表情组['威默', '微颔', '目压']"
expr_npc_npc_moyan_gate_great_elder,魔焰门·大长老（表情）,humanoid_other,1,,,,bestiary_v120.json,"表情组['审', '斥', '允']"
expr_npc_npc_moyan_gate_alchemy_elder,魔焰门·丹堂执事（表情）,humanoid_other,1,,,,bestiary_v120.json,"表情组['皱眉看火', '点头', '嫌弃炸炉']"
expr_npc_npc_moyan_gate_outer_deacon,魔焰门·外门执事（表情）,humanoid_other,1,,,,bestiary_v120.json,"表情组['势利笑', '公事脸', '驱赶']"
expr_npc_npc_moyan_gate_patrol_captain,魔焰门·巡卫队长（表情）,humanoid_other,1,,,,bestiary_v120.json,"表情组['扫描', '拔势', '收势']"
expr_npc_npc_tiansha_sect_sect_master,天煞宗·掌门/代掌（表情）,humanoid_other,1,,,,bestiary_v120.json,"表情组['威默', '微颔', '目压']"
expr_npc_npc_tiansha_sect_great_elder,天煞宗·大长老（表情）,humanoid_other,1,,,,bestiary_v120.json,"表情组['审', '斥', '允']"
expr_npc_npc_tiansha_sect_alchemy_elder,天煞宗·丹堂执事（表情）,humanoid_other,1,,,,bestiary_v120.json,"表情组['皱眉看火', '点头', '嫌弃炸炉']"
expr_npc_npc_tiansha_sect_outer_deacon,天煞宗·外门执事（表情）,humanoid_other,1,,,,bestiary_v120.json,"表情组['势利笑', '公事脸', '驱赶']"
expr_npc_npc_tiansha_sect_patrol_captain,天煞宗·巡卫队长（表情）,humanoid_other,1,,,,bestiary_v120.json,"表情组['扫描', '拔势', '收势']"
expr_npc_npc_yuling_sect_sect_master,御灵宗·掌门/代掌（表情）,humanoid_other,1,,,,bestiary_v120.json,"表情组['威默', '微颔', '目压']"
expr_npc_npc_yuling_sect_great_elder,御灵宗·大长老（表情）,humanoid_other,1,,,,bestiary_v120.json,"表情组['审', '斥', '允']"
expr_npc_npc_yuling_sect_alchemy_elder,御灵宗·丹堂执事（表情）,humanoid_other,1,,,,bestiary_v120.json,"表情组['皱眉看火', '点头', '嫌弃炸炉']"
expr_npc_npc_yuling_sect_outer_deacon,御灵宗·外门执事（表情）,humanoid_other,1,,,,bestiary_v120.json,"表情组['势利笑', '公事脸', '驱赶']"
expr_npc_npc_yuling_sect_patrol_captain,御灵宗·巡卫队长（表情）,humanoid_other,1,,,,bestiary_v120.json,"表情组['扫描', '拔势', '收势']"
expr_npc_npc_qianhuan_sect_sect_master,千幻宗·掌门/代掌（表情）,humanoid_other,1,,,,bestiary_v120.json,"表情组['威默', '微颔', '目压']"
expr_npc_npc_qianhuan_sect_great_elder,千幻宗·大长老（表情）,humanoid_other,1,,,,bestiary_v120.json,"表情组['审', '斥', '允']"
expr_npc_npc_qianhuan_sect_alchemy_elder,千幻宗·丹堂执事（表情）,humanoid_other,1,,,,bestiary_v120.json,"表情组['皱眉看火', '点头', '嫌弃炸炉']"
expr_npc_npc_qianhuan_sect_outer_deacon,千幻宗·外门执事（表情）,humanoid_other,1,,,,bestiary_v120.json,"表情组['势利笑', '公事脸', '驱赶']"
expr_npc_npc_qianhuan_sect_patrol_captain,千幻宗·巡卫队长（表情）,humanoid_other,1,,,,bestiary_v120.json,"表情组['扫描', '拔势', '收势']"
expr_npc_npc_luoyun_sect_sect_master,落云宗·掌门/代掌（表情）,humanoid_other,1,,,,bestiary_v120.json,"表情组['威默', '微颔', '目压']"
expr_npc_npc_luoyun_sect_great_elder,落云宗·大长老（表情）,humanoid_other,1,,,,bestiary_v120.json,"表情组['审', '斥', '允']"
expr_npc_npc_luoyun_sect_alchemy_elder,落云宗·丹堂执事（表情）,humanoid_other,1,,,,bestiary_v120.json,"表情组['皱眉看火', '点头', '嫌弃炸炉']"
expr_npc_npc_luoyun_sect_outer_deacon,落云宗·外门执事（表情）,humanoid_other,1,,,,bestiary_v120.json,"表情组['势利笑', '公事脸', '驱赶']"
expr_npc_npc_luoyun_sect_patrol_captain,落云宗·巡卫队长（表情）,humanoid_other,1,,,,bestiary_v120.json,"表情组['扫描', '拔势', '收势']"
expr_npc_npc_star_palace_sect_master,星宫·掌门/代掌（表情）,humanoid_other,1,,,,bestiary_v120.json,"表情组['威默', '微颔', '目压']"
expr_npc_npc_star_palace_great_elder,星宫·大长老（表情）,humanoid_other,1,,,,bestiary_v120.json,"表情组['审', '斥', '允']"
expr_npc_npc_star_palace_alchemy_elder,星宫·丹堂执事（表情）,humanoid_other,1,,,,bestiary_v120.json,"表情组['皱眉看火', '点头', '嫌弃炸炉']"
expr_npc_npc_star_palace_outer_deacon,星宫·外门执事（表情）,humanoid_other,1,,,,bestiary_v120.json,"表情组['势利笑', '公事脸', '驱赶']"
expr_npc_npc_star_palace_patrol_captain,星宫·巡卫队长（表情）,humanoid_other,1,,,,bestiary_v120.json,"表情组['扫描', '拔势', '收势']"
expr_npc_npc_inverse_star_alliance_sect_master,逆星盟·掌门/代掌（表情）,humanoid_other,1,,,,bestiary_v120.json,"表情组['威默', '微颔', '目压']"
expr_npc_npc_inverse_star_alliance_great_elder,逆星盟·大长老（表情）,humanoid_other,1,,,,bestiary_v120.json,"表情组['审', '斥', '允']"
expr_npc_npc_inverse_star_alliance_alchemy_elder,逆星盟·丹堂执事（表情）,humanoid_other,1,,,,bestiary_v120.json,"表情组['皱眉看火', '点头', '嫌弃炸炉']"
expr_npc_npc_inverse_star_alliance_outer_deacon,逆星盟·外门执事（表情）,humanoid_other,1,,,,bestiary_v120.json,"表情组['势利笑', '公事脸', '驱赶']"
expr_npc_npc_inverse_star_alliance_patrol_captain,逆星盟·巡卫队长（表情）,humanoid_other,1,,,,bestiary_v120.json,"表情组['扫描', '拔势', '收势']"
expr_npc_npc_qianzhu_teach_sect_master,千竹教·掌门/代掌（表情）,humanoid_other,1,,,,bestiary_v120.json,"表情组['威默', '微颔', '目压']"
expr_npc_npc_qianzhu_teach_great_elder,千竹教·大长老（表情）,humanoid_other,1,,,,bestiary_v120.json,"表情组['审', '斥', '允']"
expr_npc_npc_qianzhu_teach_alchemy_elder,千竹教·丹堂执事（表情）,humanoid_other,1,,,,bestiary_v120.json,"表情组['皱眉看火', '点头', '嫌弃炸炉']"
expr_npc_npc_qianzhu_teach_outer_deacon,千竹教·外门执事（表情）,humanoid_other,1,,,,bestiary_v120.json,"表情组['势利笑', '公事脸', '驱赶']"
expr_npc_npc_qianzhu_teach_patrol_captain,千竹教·巡卫队长（表情）,humanoid_other,1,,,,bestiary_v120.json,"表情组['扫描', '拔势', '收势']"
expr_npc_npc_mulan_fashi_council_sect_master,慕兰神师府·掌门/代掌（表情）,humanoid_other,1,,,,bestiary_v120.json,"表情组['威默', '微颔', '目压']"
expr_npc_npc_mulan_fashi_council_great_elder,慕兰神师府·大长老（表情）,humanoid_other,1,,,,bestiary_v120.json,"表情组['审', '斥', '允']"
expr_npc_npc_mulan_fashi_council_alchemy_elder,慕兰神师府·丹堂执事（表情）,humanoid_other,1,,,,bestiary_v120.json,"表情组['皱眉看火', '点头', '嫌弃炸炉']"
expr_npc_npc_mulan_fashi_council_outer_deacon,慕兰神师府·外门执事（表情）,humanoid_other,1,,,,bestiary_v120.json,"表情组['势利笑', '公事脸', '驱赶']"
expr_npc_npc_mulan_fashi_council_patrol_captain,慕兰神师府·巡卫队长（表情）,humanoid_other,1,,,,bestiary_v120.json,"表情组['扫描', '拔势', '收势']"
expr_npc_npc_tianlan_temple_sect_master,天澜圣殿·掌门/代掌（表情）,humanoid_other,1,,,,bestiary_v120.json,"表情组['威默', '微颔', '目压']"
expr_npc_npc_tianlan_temple_great_elder,天澜圣殿·大长老（表情）,humanoid_other,1,,,,bestiary_v120.json,"表情组['审', '斥', '允']"
expr_npc_npc_tianlan_temple_alchemy_elder,天澜圣殿·丹堂执事（表情）,humanoid_other,1,,,,bestiary_v120.json,"表情组['皱眉看火', '点头', '嫌弃炸炉']"
expr_npc_npc_tianlan_temple_outer_deacon,天澜圣殿·外门执事（表情）,humanoid_other,1,,,,bestiary_v120.json,"表情组['势利笑', '公事脸', '驱赶']"
expr_npc_npc_tianlan_temple_patrol_captain,天澜圣殿·巡卫队长（表情）,humanoid_other,1,,,,bestiary_v120.json,"表情组['扫描', '拔势', '收势']"
expr_npc_npc_qianzhu_sect_sect_master,千竹教·掌门/代掌（表情）,humanoid_other,1,,,,bestiary_v120.json,"表情组['威默', '微颔', '目压']"
expr_npc_npc_qianzhu_sect_great_elder,千竹教·大长老（表情）,humanoid_other,1,,,,bestiary_v120.json,"表情组['审', '斥', '允']"
expr_npc_npc_qianzhu_sect_alchemy_elder,千竹教·丹堂执事（表情）,humanoid_other,1,,,,bestiary_v120.json,"表情组['皱眉看火', '点头', '嫌弃炸炉']"
expr_npc_npc_qianzhu_sect_outer_deacon,千竹教·外门执事（表情）,humanoid_other,1,,,,bestiary_v120.json,"表情组['势利笑', '公事脸', '驱赶']"
expr_npc_npc_qianzhu_sect_patrol_captain,千竹教·巡卫队长（表情）,humanoid_other,1,,,,bestiary_v120.json,"表情组['扫描', '拔势', '收势']"
expr_npc_npc_yuling_sect_secret_sect_master,御灵宗·掌门/代掌（表情）,humanoid_other,1,,,,bestiary_v120.json,"表情组['威默', '微颔', '目压']"
expr_npc_npc_yuling_sect_secret_great_elder,御灵宗·大长老（表情）,humanoid_other,1,,,,bestiary_v120.json,"表情组['审', '斥', '允']"
expr_npc_npc_yuling_sect_secret_alchemy_elder,御灵宗·丹堂执事（表情）,humanoid_other,1,,,,bestiary_v120.json,"表情组['皱眉看火', '点头', '嫌弃炸炉']"
expr_npc_npc_yuling_sect_secret_outer_deacon,御灵宗·外门执事（表情）,humanoid_other,1,,,,bestiary_v120.json,"表情组['势利笑', '公事脸', '驱赶']"
expr_npc_npc_yuling_sect_secret_patrol_captain,御灵宗·巡卫队长（表情）,humanoid_other,1,,,,bestiary_v120.json,"表情组['扫描', '拔势', '收势']"
expr_npc_npc_guiling_gate_sect_master,鬼灵门·掌门/代掌（表情）,humanoid_other,1,,,,bestiary_v120.json,"表情组['威默', '微颔', '目压']"
expr_npc_npc_guiling_gate_great_elder,鬼灵门·大长老（表情）,humanoid_other,1,,,,bestiary_v120.json,"表情组['审', '斥', '允']"
expr_npc_npc_guiling_gate_alchemy_elder,鬼灵门·丹堂执事（表情）,humanoid_other,1,,,,bestiary_v120.json,"表情组['皱眉看火', '点头', '嫌弃炸炉']"
expr_npc_npc_guiling_gate_outer_deacon,鬼灵门·外门执事（表情）,humanoid_other,1,,,,bestiary_v120.json,"表情组['势利笑', '公事脸', '驱赶']"
expr_npc_npc_guiling_gate_patrol_captain,鬼灵门·巡卫队长（表情）,humanoid_other,1,,,,bestiary_v120.json,"表情组['扫描', '拔势', '收势']"
expr_npc_npc_tianmo_sect_sect_master,天魔宗·掌门/代掌（表情）,humanoid_other,1,,,,bestiary_v120.json,"表情组['威默', '微颔', '目压']"
expr_npc_npc_tianmo_sect_great_elder,天魔宗·大长老（表情）,humanoid_other,1,,,,bestiary_v120.json,"表情组['审', '斥', '允']"
expr_npc_npc_tianmo_sect_alchemy_elder,天魔宗·丹堂执事（表情）,humanoid_other,1,,,,bestiary_v120.json,"表情组['皱眉看火', '点头', '嫌弃炸炉']"
expr_npc_npc_tianmo_sect_outer_deacon,天魔宗·外门执事（表情）,humanoid_other,1,,,,bestiary_v120.json,"表情组['势利笑', '公事脸', '驱赶']"
expr_npc_npc_tianmo_sect_patrol_captain,天魔宗·巡卫队长（表情）,humanoid_other,1,,,,bestiary_v120.json,"表情组['扫描', '拔势', '收势']"
expr_npc_npc_qingluo_sect_sect_master,青罗宗·掌门/代掌（表情）,humanoid_other,1,,,,bestiary_v120.json,"表情组['威默', '微颔', '目压']"
expr_npc_npc_qingluo_sect_great_elder,青罗宗·大长老（表情）,humanoid_other,1,,,,bestiary_v120.json,"表情组['审', '斥', '允']"
expr_npc_npc_qingluo_sect_alchemy_elder,青罗宗·丹堂执事（表情）,humanoid_other,1,,,,bestiary_v120.json,"表情组['皱眉看火', '点头', '嫌弃炸炉']"
expr_npc_npc_qingluo_sect_outer_deacon,青罗宗·外门执事（表情）,humanoid_other,1,,,,bestiary_v120.json,"表情组['势利笑', '公事脸', '驱赶']"
expr_npc_npc_qingluo_sect_patrol_captain,青罗宗·巡卫队长（表情）,humanoid_other,1,,,,bestiary_v120.json,"表情组['扫描', '拔势', '收势']"
expr_npc_npc_wanhu_sect_sect_master,万狐宗·掌门/代掌（表情）,humanoid_other,1,,,,bestiary_v120.json,"表情组['威默', '微颔', '目压']"
expr_npc_npc_wanhu_sect_great_elder,万狐宗·大长老（表情）,humanoid_other,1,,,,bestiary_v120.json,"表情组['审', '斥', '允']"
expr_npc_npc_wanhu_sect_alchemy_elder,万狐宗·丹堂执事（表情）,humanoid_other,1,,,,bestiary_v120.json,"表情组['皱眉看火', '点头', '嫌弃炸炉']"
expr_npc_npc_wanhu_sect_outer_deacon,万狐宗·外门执事（表情）,humanoid_other,1,,,,bestiary_v120.json,"表情组['势利笑', '公事脸', '驱赶']"
expr_npc_npc_wanhu_sect_patrol_captain,万狐宗·巡卫队长（表情）,humanoid_other,1,,,,bestiary_v120.json,"表情组['扫描', '拔势', '收势']"
expr_npc_npc_xuewu_sect_sect_master,血巫教·掌门/代掌（表情）,humanoid_other,1,,,,bestiary_v120.json,"表情组['威默', '微颔', '目压']"
expr_npc_npc_xuewu_sect_great_elder,血巫教·大长老（表情）,humanoid_other,1,,,,bestiary_v120.json,"表情组['审', '斥', '允']"
expr_npc_npc_xuewu_sect_alchemy_elder,血巫教·丹堂执事（表情）,humanoid_other,1,,,,bestiary_v120.json,"表情组['皱眉看火', '点头', '嫌弃炸炉']"
expr_npc_npc_xuewu_sect_outer_deacon,血巫教·外门执事（表情）,humanoid_other,1,,,,bestiary_v120.json,"表情组['势利笑', '公事脸', '驱赶']"
expr_npc_npc_xuewu_sect_patrol_captain,血巫教·巡卫队长（表情）,humanoid_other,1,,,,bestiary_v120.json,"表情组['扫描', '拔势', '收势']"
expr_npc_npc_dajin_buddhist_temple_line_sect_master,大晋佛寺一脉·掌门/代掌（表情）,humanoid_other,1,,,,bestiary_v120.json,"表情组['威默', '微颔', '目压']"
expr_npc_npc_dajin_buddhist_temple_line_great_elder,大晋佛寺一脉·大长老（表情）,humanoid_other,1,,,,bestiary_v120.json,"表情组['审', '斥', '允']"
expr_npc_npc_dajin_buddhist_temple_line_alchemy_elder,大晋佛寺一脉·丹堂执事（表情）,humanoid_other,1,,,,bestiary_v120.json,"表情组['皱眉看火', '点头', '嫌弃炸炉']"
expr_npc_npc_dajin_buddhist_temple_line_outer_deacon,大晋佛寺一脉·外门执事（表情）,humanoid_other,1,,,,bestiary_v120.json,"表情组['势利笑', '公事脸', '驱赶']"
expr_npc_npc_dajin_buddhist_temple_line_patrol_captain,大晋佛寺一脉·巡卫队长（表情）,humanoid_other,1,,,,bestiary_v120.json,"表情组['扫描', '拔势', '收势']"
expr_npc_npc_huangfeng_dan_tang,黄枫谷·丹堂管事（表情）,humanoid_other,1,,,,bestiary_v120.json,"表情组['皱眉看火', '点头', '嫌弃炸炉']"
expr_npc_npc_huangfeng_outer,黄枫谷·外门赵执事（表情）,humanoid_other,1,,,,bestiary_v120.json,"表情组['势利笑', '公事脸', '驱赶']"
expr_npc_npc_yanyue_shadow,掩月宗·影堂引路人（表情）,humanoid_other,1,,,,bestiary_v120.json,"表情组['招呼', '嘱咐', '担忧']"
expr_npc_npc_spirit_beast_herder,灵兽山·御兽长（表情）,humanoid_other,1,,,,bestiary_v120.json,"表情组['审', '斥', '允']"
expr_npc_npc_qingxu_quiet,清虚门·静修堂主（表情）,humanoid_other,1,,,,bestiary_v120.json,"表情组['审', '斥', '允']"
expr_npc_npc_jujian_forge,巨剑门·剑冢执事（表情）,humanoid_other,1,,,,bestiary_v120.json,"表情组['扫描', '拔势', '收势']"
expr_npc_npc_qixuan_chief,七玄门·门主（江湖）（表情）,humanoid_other,1,,,,bestiary_v120.json,"表情组['威默', '微颔', '目压']"
expr_npc_npc_ghost_spirit_ferry,鬼灵门·引渡使（表情）,humanoid_other,1,,,,bestiary_v120.json,"表情组['招呼', '嘱咐', '担忧']"
expr_npc_npc_hehuan_host,合欢宗·堂主（表情）,humanoid_other,1,,,,bestiary_v120.json,"表情组['威默', '微颔', '目压']"
expr_npc_npc_star_palace_censor,星宫·巡察使（表情）,humanoid_other,1,,,,bestiary_v120.json,"表情组['扫描', '拔势', '收势']"
expr_npc_npc_inverse_star_broker,逆星·灰市掮客（表情）,humanoid_other,1,,,,bestiary_v120.json,"表情组['半笑', '眨眼接头', '变脸切割']"
expr_npc_npc_liulian_envoy,六连殿·联络修（表情）,humanoid_other,1,,,,bestiary_v120.json,"表情组['招呼', '嘱咐', '担忧']"
expr_npc_npc_dajin_auctioneer,大晋·拍卖行掌柜（表情）,humanoid_other,1,,,,bestiary_v120.json,"表情组['半笑', '眨眼接头', '变脸切割']"
expr_npc_npc_dajin_border_general,大晋边军·校尉（表情）,humanoid_other,1,,,,bestiary_v120.json,"表情组['扫描', '拔势', '收势']"
expr_npc_npc_mulan_fashi,慕兰·法师长老（表情）,humanoid_other,1,,,,bestiary_v120.json,"表情组['审', '斥', '允']"
expr_npc_npc_mulan_scout_chief,慕兰·斥候长（表情）,humanoid_other,1,,,,bestiary_v120.json,"表情组['扫描', '拔势', '收势']"
expr_npc_npc_tianyuan_clerk,天渊城·功勋吏（表情）,humanoid_other,1,,,,bestiary_v120.json,"表情组['势利笑', '公事脸', '驱赶']"
expr_npc_npc_qianzhu_mechanic,千竹·机关长老（表情）,humanoid_other,1,,,,bestiary_v120.json,"表情组['皱眉看火', '点头', '嫌弃炸炉']"
expr_npc_npc_kunwu_guide,昆吾·火脉向导（表情）,humanoid_other,1,,,,bestiary_v120.json,"表情组['招呼', '嘱咐', '担忧']"
expr_npc_npc_nether_ferryman,冥河·摆渡残影（表情）,humanoid_other,1,,,,bestiary_v120.json,"表情组['招呼', '嘱咐', '担忧']"
expr_npc_npc_blood_forbidden_guard,血色禁地·守界修（表情）,humanoid_other,1,,,,bestiary_v120.json,"表情组['扫描', '拔势', '收势']"
expr_npc_npc_xutian_observer,虚天殿·观殿人（表情）,humanoid_other,1,,,,bestiary_v120.json,"表情组['审', '斥', '允']"
expr_npc_npc_diyuan_miner,地渊·矿脉包工头（表情）,humanoid_other,1,,,,bestiary_v120.json,"表情组['势利笑', '公事脸', '驱赶']"
expr_npc_npc_asura_trial_warden,修罗界·试炼令使（表情）,humanoid_other,1,,,,bestiary_v120.json,"表情组['招呼', '嘱咐', '担忧']"
expr_npc_npc_jiuxian_gatekeeper,九仙山·守峰人（表情）,humanoid_other,1,,,,bestiary_v120.json,"表情组['威默', '微颔', '目压']"
expr_npc_npc_garden_auditor,灵缈园·采药审计（表情）,humanoid_other,1,,,,bestiary_v120.json,"表情组['扫描', '拔势', '收势']"
expr_npc_npc_wandering_appraiser,散修·鉴宝张（表情）,humanoid_other,1,,,,bestiary_v120.json,"表情组['半笑', '眨眼接头', '变脸切割']"
expr_npc_npc_seven_meridian_judge,七脉试炼·评分执事（表情）,humanoid_other,1,,,,bestiary_v120.json,"表情组['势利笑', '公事脸', '驱赶']"
v120_vfx_director,视效总监（结构）,humanoid_other,0,,,,bestiary_v120.json,指向 visual_effect_sheets_v120 / item_descriptions_v120
hitloc_beast_twin_pupil_rat,双瞳鼠（受击）,lingshou,3,,,True,bestiary_v121.json,血暗赤 弱头/腹 甲皮毛
hitloc_beast_red_leopard_beast,红狸兽（受击）,lingshou,3,,,True,bestiary_v121.json,血暗赤 弱头/腹 甲皮毛
hitloc_beast_fire_horn_deer,炙角鹿（受击）,yaoshou,3,,,False,bestiary_v121.json,血暗赤 弱头/腹 甲皮毛
hitloc_beast_wind_screech_hawk,风啸鹰（受击）,lingshou,3,,,True,bestiary_v121.json,血暗赤 弱头/腹 甲皮毛
hitloc_beast_scent_spirit_beast,嗅灵兽（受击）,lingshou,3,,,True,bestiary_v121.json,血暗赤 弱头/腹 甲皮毛
hitloc_beast_giant_centipede,巨型蜈蚣（受击）,yaoshou,3,,,False,bestiary_v121.json,血暗赤 弱头/腹 甲皮毛
hitloc_beast_ink_flood_dragon,墨蛟（受击）,yaoshou,3,,,False,bestiary_v121.json,血墨/赤浆 弱七寸/颌下 甲鳞甲金属火花
hitloc_beast_heart_bore_worm,钻心虫（受击）,yaoshou,3,,,False,bestiary_v121.json,血绿黄汁 弱腹节 甲甲壳崩屑
hitloc_beast_fire_crow,火鸦（受击）,yaoshou,3,,,False,bestiary_v121.json,血暗赤 弱头/腹 甲皮毛
hitloc_beast_green_vine_demon,青木妖藤（受击）,yaoshou,3,,,False,bestiary_v121.json,血暗赤 弱头/腹 甲皮毛
hitloc_beast_mystic_water_turtle,玄水龟（受击）,yaoshou,3,,,False,bestiary_v121.json,血暗赤 弱头/腹 甲皮毛
hitloc_beast_thunder_horn_tiger,雷角虎（受击）,yaoshou,3,,,False,bestiary_v121.json,血暗赤 弱头/腹 甲皮毛
hitloc_beast_demon_core_bear,妖丹熊（受击）,yaoshou,3,,,False,bestiary_v121.json,血暗赤 弱头/腹 甲皮毛
hitloc_beast_baby_carp_demon,婴鲤兽（受击）,yaoshou,3,,,False,bestiary_v121.json,血暗赤 弱头/腹 甲皮毛
hitloc_beast_ice_soul_serpent,冰魄蛇（受击）,yaoshou,3,,,False,bestiary_v121.json,血暗赤 弱头/腹 甲皮毛
hitloc_beast_spirit_fox,灵狐（受击）,lingshou,3,,,True,bestiary_v121.json,血暗赤 弱头/腹 甲皮毛
hitloc_beast_shape_shift_trial_beast,化形试炼兽（受击）,yaoshou,3,,,False,bestiary_v121.json,血暗赤 弱头/腹 甲皮毛
hitloc_beast_thunder_jiao,雷劫蛟（受击）,yaoshou,3,,,False,bestiary_v121.json,血墨/赤浆 弱七寸/颌下 甲鳞甲金属火花
hitloc_beast_silver_wing_yaksha,银翅夜叉（受击）,yaoshou,3,,,False,bestiary_v121.json,血暗赤 弱头/腹 甲皮毛
hitloc_beast_wind_split_beast,裂风兽（受击）,yaoshou,3,,,False,bestiary_v121.json,血暗赤 弱头/腹 甲皮毛
hitloc_beast_earth_armor_dragon,土甲龙（受击）,yaoshou,3,,,False,bestiary_v121.json,血墨/赤浆 弱七寸/颌下 甲鳞甲金属火花
hitloc_beast_fire_jiao_adult,离火蛟（受击）,yaoshou,3,,,False,bestiary_v121.json,血墨/赤浆 弱七寸/颌下 甲鳞甲金属火花
hitloc_beast_suanni_beast,狻猊兽（受击）,yaoshou,3,,,False,bestiary_v121.json,血暗赤 弱头/腹 甲皮毛
hitloc_beast_four_ear_gold_ape,四耳金猿（受击）,yaoshou,3,,,False,bestiary_v121.json,血赤 弱胸/面 甲金毛抗切
hitloc_beast_gold_body_moon_corpse,金身月尸（受击）,yaoshou,3,,,False,bestiary_v121.json,血黑粉 弱金皮接缝 甲金皮 spark
hitloc_beast_six_wing_frost_centipede,六翼霜蚣（受击）,yaoshou,3,,,False,bestiary_v121.json,血暗赤 弱头/腹 甲皮毛
hitloc_beast_leopard_qilin_beast,豹麟兽（受击）,yaoshou,3,,,False,bestiary_v121.json,血暗赤 弱头/腹 甲皮毛
hitloc_beast_mirage_sand_beast,蜃兽（受击）,yaoshou,3,,,False,bestiary_v121.json,血暗赤 弱头/腹 甲皮毛
hitloc_beast_sky_tiger_beast,天虎兽（受击）,yaoshou,3,,,False,bestiary_v121.json,血暗赤 弱头/腹 甲皮毛
hitloc_beast_holy_peacock,圣禽（青孔雀）（受击）,yaoshou,3,,,False,bestiary_v121.json,血金赤 弱翅根 甲羽盾挡弹道
hitloc_beast_soul_weep_beast,泣魂兽（受击）,yaoshou,3,,,False,bestiary_v121.json,血暗赤 弱头/腹 甲皮毛
hitloc_beast_phantom_flame_moth,幻焰蛾（受击）,yaoshou,3,,,False,bestiary_v121.json,血暗赤 弱头/腹 甲皮毛
hitloc_beast_gold_devour_beetle,噬金虫（受击）,lingshou,3,,,True,bestiary_v121.json,血绿黄汁 弱腹节 甲甲壳崩屑
hitloc_beast_soul_weeping_beast,啼魂兽（受击）,lingshou,3,,,True,bestiary_v121.json,血暗赤 弱头/腹 甲皮毛
hitloc_beast_mountain_giant_ape,山岳巨猿（受击）,yaoshou,3,,,False,bestiary_v121.json,血赤 弱胸/面 甲金毛抗切
hitloc_beast_blood_jiao,血蛟（受击）,yaoshou,3,,,False,bestiary_v121.json,血墨/赤浆 弱七寸/颌下 甲鳞甲金属火花
hitloc_beast_three_tailed_fox,三尾妖狐（受击）,lingshou,3,,,True,bestiary_v121.json,血暗赤 弱头/腹 甲皮毛
hitloc_beast_iron_lion_beast,铁甲狮兽（受击）,lingshou,3,,,True,bestiary_v121.json,血暗赤 弱头/腹 甲皮毛
hitloc_beast_cloud_silk_spider,云丝蛛（受击）,lingshou,3,,,True,bestiary_v121.json,血暗赤 弱头/腹 甲皮毛
hitloc_beast_flame_salamander,火蜥兽（受击）,lingshou,3,,,True,bestiary_v121.json,血暗赤 弱头/腹 甲皮毛
hitloc_beast_ice_phoenix_chick,冰凤幼禽（受击）,lingshou,3,,,True,bestiary_v121.json,血金赤 弱翅根 甲羽盾挡弹道
hitloc_beast_void_mantis,虚空螳螂（受击）,yaoshou,3,,,False,bestiary_v121.json,血暗赤 弱头/腹 甲皮毛
v121_fx_pipeline,视效管线司书,humanoid_other,0,,,,bestiary_v121.json,指向 visual_fx_pipeline_v121
look_beast_twin_pupil_rat,双瞳鼠（外貌卡）,lingshou,3,,,True,bestiary_v122.json,按栖息域去饱和或灵光点缀 双瞳看穿迷雾，喜灵浓处筑窝。
look_beast_red_leopard_beast,红狸兽（外貌卡）,lingshou,3,,,True,bestiary_v122.json,按栖息域去饱和或灵光点缀 敏捷、嗅觉超常。
look_beast_fire_horn_deer,炙角鹿（外貌卡）,yaoshou,3,,,False,bestiary_v122.json,按栖息域去饱和或灵光点缀 火红独角。
look_beast_wind_screech_hawk,风啸鹰（外貌卡）,lingshou,3,,,True,bestiary_v122.json,按栖息域去饱和或灵光点缀 驯养放哨侦察。
look_beast_scent_spirit_beast,嗅灵兽（外貌卡）,lingshou,3,,,True,bestiary_v122.json,按栖息域去饱和或灵光点缀 查违禁物品。
look_beast_giant_centipede,巨型蜈蚣（外貌卡）,yaoshou,3,,,False,bestiary_v122.json,按栖息域去饱和或灵光点缀 黑色甲壳。
look_beast_ink_flood_dragon,墨蛟（外貌卡）,yaoshou,3,,,False,bestiary_v122.json,墨黑/灰腹/黄浊瞳 低阶蛟形。
look_beast_heart_bore_worm,钻心虫（外貌卡）,yaoshou,3,,,False,bestiary_v122.json,按栖息域去饱和或灵光点缀 沿血脉钻心。
look_beast_fire_crow,火鸦（外貌卡）,yaoshou,3,,,False,bestiary_v122.json,按栖息域去饱和或灵光点缀 火属性远程。
look_beast_green_vine_demon,青木妖藤（外貌卡）,yaoshou,3,,,False,bestiary_v122.json,按栖息域去饱和或灵光点缀 束缚毒回血。
look_beast_mystic_water_turtle,玄水龟（外貌卡）,yaoshou,3,,,False,bestiary_v122.json,按栖息域去饱和或灵光点缀 高防水系控制。
look_beast_thunder_horn_tiger,雷角虎（外貌卡）,yaoshou,3,,,False,bestiary_v122.json,乌云紫电 冲锋雷击。
look_beast_demon_core_bear,妖丹熊（外貌卡）,yaoshou,3,,,False,bestiary_v122.json,按栖息域去饱和或灵光点缀 结丹初，体内结妖丹。
look_beast_baby_carp_demon,婴鲤兽（外貌卡）,yaoshou,3,,,False,bestiary_v122.json,按栖息域去饱和或灵光点缀 娃娃脸鱼尾，水罡神雷。
look_beast_ice_soul_serpent,冰魄蛇（外貌卡）,yaoshou,3,,,False,bestiary_v122.json,按栖息域去饱和或灵光点缀 冰冻毒。
look_beast_spirit_fox,灵狐（外貌卡）,lingshou,3,,,True,bestiary_v122.json,按栖息域去饱和或灵光点缀 幻术闪避可驯服。
look_beast_shape_shift_trial_beast,化形试炼兽（外貌卡）,yaoshou,3,,,False,bestiary_v122.json,按栖息域去饱和或灵光点缀 七级渡劫化形模板。
look_beast_thunder_jiao,雷劫蛟（外貌卡）,yaoshou,3,,,False,bestiary_v122.json,乌云紫电 雷暴秘境Boss雏形。
look_beast_silver_wing_yaksha,银翅夜叉（外貌卡）,yaoshou,3,,,False,bestiary_v122.json,按栖息域去饱和或灵光点缀 炼尸/妖 hybrid，风土遁幻术。
look_beast_wind_split_beast,裂风兽（外貌卡）,yaoshou,3,,,False,bestiary_v122.json,按栖息域去饱和或灵光点缀 妖王级，学人族技术。
look_beast_earth_armor_dragon,土甲龙（外貌卡）,yaoshou,3,,,False,bestiary_v122.json,按栖息域去饱和或灵光点缀 寻宝天赋。
look_beast_fire_jiao_adult,离火蛟（外貌卡）,yaoshou,3,,,False,bestiary_v122.json,按栖息域去饱和或灵光点缀 海域蛟龙。
look_beast_suanni_beast,狻猊兽（外貌卡）,yaoshou,3,,,False,bestiary_v122.json,按栖息域去饱和或灵光点缀 上古兽形。
look_beast_four_ear_gold_ape,四耳金猿（外貌卡）,yaoshou,3,,,False,bestiary_v122.json,金黑甲/金属反光 金黄巨猴凶恶。
look_beast_gold_body_moon_corpse,金身月尸（外貌卡）,yaoshou,3,,,False,bestiary_v122.json,金黑甲/金属反光 人界顶阶炼尸，金遁。
look_beast_six_wing_frost_centipede,六翼霜蚣（外貌卡）,yaoshou,3,,,False,bestiary_v122.json,按栖息域去饱和或灵光点缀 冰龙血统灵虫。
look_beast_leopard_qilin_beast,豹麟兽（外貌卡）,yaoshou,3,,,False,bestiary_v122.json,按栖息域去饱和或灵光点缀 麒麟血脉，元婴实力幼体。
look_beast_mirage_sand_beast,蜃兽（外貌卡）,yaoshou,3,,,False,bestiary_v122.json,按栖息域去饱和或灵光点缀 双蛇首蛙身，幻化。
look_beast_sky_tiger_beast,天虎兽（外貌卡）,yaoshou,3,,,False,bestiary_v122.json,按栖息域去饱和或灵光点缀 土风法术瞬移。
look_beast_holy_peacock,圣禽（青孔雀）（外貌卡）,yaoshou,3,,,False,bestiary_v122.json,青翠华羽/智金瞳 慕兰供奉，妖火。
look_beast_soul_weep_beast,泣魂兽（外貌卡）,yaoshou,3,,,False,bestiary_v122.json,按栖息域去饱和或灵光点缀 冥河阴兽，啼哭可乱人心神，常伴尸气。
look_beast_phantom_flame_moth,幻焰蛾（外貌卡）,yaoshou,3,,,False,bestiary_v122.json,按栖息域去饱和或灵光点缀 堕魔谷群居妖蛾，鳞粉引幻火，遇风则燎原。
look_beast_gold_devour_beetle,噬金虫（外貌卡）,lingshou,3,,,True,bestiary_v122.json,金黑甲/金属反光 啃噬五金法宝灵光，群居奇虫。
look_beast_soul_weeping_beast,啼魂兽（外貌卡）,lingshou,3,,,True,bestiary_v122.json,按栖息域去饱和或灵光点缀 尖啸伤魂，对鬼物克制极强。
look_beast_mountain_giant_ape,山岳巨猿（外貌卡）,yaoshou,3,,,False,bestiary_v122.json,按栖息域去饱和或灵光点缀 力大无穷，可化形前兆。
look_beast_blood_jiao,血蛟（外貌卡）,yaoshou,3,,,False,bestiary_v122.json,暗赤鳞沟/血线 海域凶蛟，妖丹珍贵。
look_beast_three_tailed_fox,三尾妖狐（外貌卡）,lingshou,3,,,True,bestiary_v122.json,按栖息域去饱和或灵光点缀 擅幻术，灵狐一脉。
look_beast_iron_lion_beast,铁甲狮兽（外貌卡）,lingshou,3,,,True,bestiary_v122.json,按栖息域去饱和或灵光点缀 体修型妖兽，皮糙肉厚。
look_beast_cloud_silk_spider,云丝蛛（外貌卡）,lingshou,3,,,True,bestiary_v122.json,按栖息域去饱和或灵光点缀 吐丝缚敌，可炼蛛丝材料。
look_beast_flame_salamander,火蜥兽（外貌卡）,lingshou,3,,,True,bestiary_v122.json,按栖息域去饱和或灵光点缀 火系低阶妖兽，内丹可入药。
look_beast_ice_phoenix_chick,冰凤幼禽（外貌卡）,lingshou,3,,,True,bestiary_v122.json,按栖息域去饱和或灵光点缀 灵界珍禽幼体，极难驯服。
look_beast_void_mantis,虚空螳螂（外貌卡）,yaoshou,3,,,False,bestiary_v122.json,按栖息域去饱和或灵光点缀 灵界虫族，前肢如刃。
look_npc_npc_huangfeng_valley_sect_master,黄枫谷·掌门/代掌（外貌）,humanoid_other,1,,,,bestiary_v122.json,气沉印堂，眉目少波，年貌可逆于境界 / 袍制最尊，步稳无尘 / 青灰月白
look_npc_npc_huangfeng_valley_great_elder,黄枫谷·大长老（外貌）,humanoid_other,1,,,,bestiary_v122.json,法令纹，目如秤 / 长身或清癯，佩令 / 青灰月白
look_npc_npc_huangfeng_valley_alchemy_elder,黄枫谷·丹堂执事（外貌）,humanoid_other,1,,,,bestiary_v122.json,指黄、眼有火映 / 耐火短袍，袖防溅 / 青灰月白
look_npc_npc_huangfeng_valley_outer_deacon,黄枫谷·外门执事（外貌）,humanoid_other,1,,,,bestiary_v122.json,笑薄、眼活 / 青灰袍腰牌 / 青灰月白
look_npc_npc_huangfeng_valley_patrol_captain,黄枫谷·巡卫队长（外貌）,humanoid_other,1,,,,bestiary_v122.json,下颌硬、扫描式注视 / 甲叶劲装钉靴 / 青灰月白
look_npc_npc_yanyue_sect_sect_master,掩月宗·掌门/代掌（外貌）,humanoid_other,1,,,,bestiary_v122.json,气沉印堂，眉目少波，年貌可逆于境界 / 袍制最尊，步稳无尘 / 青灰月白
look_npc_npc_yanyue_sect_great_elder,掩月宗·大长老（外貌）,humanoid_other,1,,,,bestiary_v122.json,法令纹，目如秤 / 长身或清癯，佩令 / 青灰月白
look_npc_npc_yanyue_sect_alchemy_elder,掩月宗·丹堂执事（外貌）,humanoid_other,1,,,,bestiary_v122.json,指黄、眼有火映 / 耐火短袍，袖防溅 / 青灰月白
look_npc_npc_yanyue_sect_outer_deacon,掩月宗·外门执事（外貌）,humanoid_other,1,,,,bestiary_v122.json,笑薄、眼活 / 青灰袍腰牌 / 青灰月白
look_npc_npc_yanyue_sect_patrol_captain,掩月宗·巡卫队长（外貌）,humanoid_other,1,,,,bestiary_v122.json,下颌硬、扫描式注视 / 甲叶劲装钉靴 / 青灰月白
look_npc_npc_spirit_beast_mountain_sect_master,灵兽山·掌门/代掌（外貌）,humanoid_other,1,,,,bestiary_v122.json,气沉印堂，眉目少波，年貌可逆于境界 / 袍制最尊，步稳无尘 / 青灰月白
look_npc_npc_spirit_beast_mountain_great_elder,灵兽山·大长老（外貌）,humanoid_other,1,,,,bestiary_v122.json,法令纹，目如秤 / 长身或清癯，佩令 / 青灰月白
look_npc_npc_spirit_beast_mountain_alchemy_elder,灵兽山·丹堂执事（外貌）,humanoid_other,1,,,,bestiary_v122.json,指黄、眼有火映 / 耐火短袍，袖防溅 / 青灰月白
look_npc_npc_spirit_beast_mountain_outer_deacon,灵兽山·外门执事（外貌）,humanoid_other,1,,,,bestiary_v122.json,笑薄、眼活 / 青灰袍腰牌 / 青灰月白
look_npc_npc_spirit_beast_mountain_patrol_captain,灵兽山·巡卫队长（外貌）,humanoid_other,1,,,,bestiary_v122.json,下颌硬、扫描式注视 / 甲叶劲装钉靴 / 青灰月白
look_npc_npc_qingxu_gate_sect_master,清虚门·掌门/代掌（外貌）,humanoid_other,1,,,,bestiary_v122.json,气沉印堂，眉目少波，年貌可逆于境界 / 袍制最尊，步稳无尘 / 青灰月白
look_npc_npc_qingxu_gate_great_elder,清虚门·大长老（外貌）,humanoid_other,1,,,,bestiary_v122.json,法令纹，目如秤 / 长身或清癯，佩令 / 青灰月白
look_npc_npc_qingxu_gate_alchemy_elder,清虚门·丹堂执事（外貌）,humanoid_other,1,,,,bestiary_v122.json,指黄、眼有火映 / 耐火短袍，袖防溅 / 青灰月白
look_npc_npc_qingxu_gate_outer_deacon,清虚门·外门执事（外貌）,humanoid_other,1,,,,bestiary_v122.json,笑薄、眼活 / 青灰袍腰牌 / 青灰月白
look_npc_npc_qingxu_gate_patrol_captain,清虚门·巡卫队长（外貌）,humanoid_other,1,,,,bestiary_v122.json,下颌硬、扫描式注视 / 甲叶劲装钉靴 / 青灰月白
look_npc_npc_huadao_wu_sect_master,化刀坞·掌门/代掌（外貌）,humanoid_other,1,,,,bestiary_v122.json,气沉印堂，眉目少波，年貌可逆于境界 / 袍制最尊，步稳无尘 / 青灰月白
look_npc_npc_huadao_wu_great_elder,化刀坞·大长老（外貌）,humanoid_other,1,,,,bestiary_v122.json,法令纹，目如秤 / 长身或清癯，佩令 / 青灰月白
look_npc_npc_huadao_wu_alchemy_elder,化刀坞·丹堂执事（外貌）,humanoid_other,1,,,,bestiary_v122.json,指黄、眼有火映 / 耐火短袍，袖防溅 / 青灰月白
look_npc_npc_huadao_wu_outer_deacon,化刀坞·外门执事（外貌）,humanoid_other,1,,,,bestiary_v122.json,笑薄、眼活 / 青灰袍腰牌 / 青灰月白
look_npc_npc_huadao_wu_patrol_captain,化刀坞·巡卫队长（外貌）,humanoid_other,1,,,,bestiary_v122.json,下颌硬、扫描式注视 / 甲叶劲装钉靴 / 青灰月白
look_npc_npc_tianque_fort_sect_master,天阙堡·掌门/代掌（外貌）,humanoid_other,1,,,,bestiary_v122.json,气沉印堂，眉目少波，年貌可逆于境界 / 袍制最尊，步稳无尘 / 青灰月白
look_npc_npc_tianque_fort_great_elder,天阙堡·大长老（外貌）,humanoid_other,1,,,,bestiary_v122.json,法令纹，目如秤 / 长身或清癯，佩令 / 青灰月白
look_npc_npc_tianque_fort_alchemy_elder,天阙堡·丹堂执事（外貌）,humanoid_other,1,,,,bestiary_v122.json,指黄、眼有火映 / 耐火短袍，袖防溅 / 青灰月白
look_npc_npc_tianque_fort_outer_deacon,天阙堡·外门执事（外貌）,humanoid_other,1,,,,bestiary_v122.json,笑薄、眼活 / 青灰袍腰牌 / 青灰月白
look_npc_npc_tianque_fort_patrol_captain,天阙堡·巡卫队长（外貌）,humanoid_other,1,,,,bestiary_v122.json,下颌硬、扫描式注视 / 甲叶劲装钉靴 / 青灰月白
look_npc_npc_giant_sword_gate_sect_master,巨剑门·掌门/代掌（外貌）,humanoid_other,1,,,,bestiary_v122.json,气沉印堂，眉目少波，年貌可逆于境界 / 袍制最尊，步稳无尘 / 青灰月白
look_npc_npc_giant_sword_gate_great_elder,巨剑门·大长老（外貌）,humanoid_other,1,,,,bestiary_v122.json,法令纹，目如秤 / 长身或清癯，佩令 / 青灰月白
look_npc_npc_giant_sword_gate_alchemy_elder,巨剑门·丹堂执事（外貌）,humanoid_other,1,,,,bestiary_v122.json,指黄、眼有火映 / 耐火短袍，袖防溅 / 青灰月白
look_npc_npc_giant_sword_gate_outer_deacon,巨剑门·外门执事（外貌）,humanoid_other,1,,,,bestiary_v122.json,笑薄、眼活 / 青灰袍腰牌 / 青灰月白
look_npc_npc_giant_sword_gate_patrol_captain,巨剑门·巡卫队长（外貌）,humanoid_other,1,,,,bestiary_v122.json,下颌硬、扫描式注视 / 甲叶劲装钉靴 / 青灰月白
look_npc_npc_qixuan_men_sect_master,七玄门·掌门/代掌（外貌）,humanoid_other,1,,,,bestiary_v122.json,气沉印堂，眉目少波，年貌可逆于境界 / 袍制最尊，步稳无尘 / 灰褐
look_npc_npc_qixuan_men_great_elder,七玄门·大长老（外貌）,humanoid_other,1,,,,bestiary_v122.json,法令纹，目如秤 / 长身或清癯，佩令 / 灰褐
look_npc_npc_qixuan_men_alchemy_elder,七玄门·丹堂执事（外貌）,humanoid_other,1,,,,bestiary_v122.json,指黄、眼有火映 / 耐火短袍，袖防溅 / 灰褐
look_npc_npc_qixuan_men_outer_deacon,七玄门·外门执事（外貌）,humanoid_other,1,,,,bestiary_v122.json,笑薄、眼活 / 青灰袍腰牌 / 灰褐
look_npc_npc_qixuan_men_patrol_captain,七玄门·巡卫队长（外貌）,humanoid_other,1,,,,bestiary_v122.json,下颌硬、扫描式注视 / 甲叶劲装钉靴 / 灰褐
look_npc_npc_ghost_spirit_gate_sect_master,鬼灵门·掌门/代掌（外貌）,humanoid_other,1,,,,bestiary_v122.json,气沉印堂，眉目少波，年貌可逆于境界 / 袍制最尊，步稳无尘 / 黑紫湿暗
look_npc_npc_ghost_spirit_gate_great_elder,鬼灵门·大长老（外貌）,humanoid_other,1,,,,bestiary_v122.json,法令纹，目如秤 / 长身或清癯，佩令 / 黑紫湿暗
look_npc_npc_ghost_spirit_gate_alchemy_elder,鬼灵门·丹堂执事（外貌）,humanoid_other,1,,,,bestiary_v122.json,指黄、眼有火映 / 耐火短袍，袖防溅 / 黑紫湿暗
look_npc_npc_ghost_spirit_gate_outer_deacon,鬼灵门·外门执事（外貌）,humanoid_other,1,,,,bestiary_v122.json,笑薄、眼活 / 青灰袍腰牌 / 黑紫湿暗
look_npc_npc_ghost_spirit_gate_patrol_captain,鬼灵门·巡卫队长（外貌）,humanoid_other,1,,,,bestiary_v122.json,下颌硬、扫描式注视 / 甲叶劲装钉靴 / 黑紫湿暗
look_npc_npc_hehuan_sect_sect_master,合欢宗·掌门/代掌（外貌）,humanoid_other,1,,,,bestiary_v122.json,气沉印堂，眉目少波，年貌可逆于境界 / 袍制最尊，步稳无尘 / 黑紫湿暗
look_npc_npc_hehuan_sect_great_elder,合欢宗·大长老（外貌）,humanoid_other,1,,,,bestiary_v122.json,法令纹，目如秤 / 长身或清癯，佩令 / 黑紫湿暗
look_npc_npc_hehuan_sect_alchemy_elder,合欢宗·丹堂执事（外貌）,humanoid_other,1,,,,bestiary_v122.json,指黄、眼有火映 / 耐火短袍，袖防溅 / 黑紫湿暗
look_npc_npc_hehuan_sect_outer_deacon,合欢宗·外门执事（外貌）,humanoid_other,1,,,,bestiary_v122.json,笑薄、眼活 / 青灰袍腰牌 / 黑紫湿暗
look_npc_npc_hehuan_sect_patrol_captain,合欢宗·巡卫队长（外貌）,humanoid_other,1,,,,bestiary_v122.json,下颌硬、扫描式注视 / 甲叶劲装钉靴 / 黑紫湿暗
look_npc_npc_moyan_gate_sect_master,魔焰门·掌门/代掌（外貌）,humanoid_other,1,,,,bestiary_v122.json,气沉印堂，眉目少波，年貌可逆于境界 / 袍制最尊，步稳无尘 / 黑紫湿暗
look_npc_npc_moyan_gate_great_elder,魔焰门·大长老（外貌）,humanoid_other,1,,,,bestiary_v122.json,法令纹，目如秤 / 长身或清癯，佩令 / 黑紫湿暗
look_npc_npc_moyan_gate_alchemy_elder,魔焰门·丹堂执事（外貌）,humanoid_other,1,,,,bestiary_v122.json,指黄、眼有火映 / 耐火短袍，袖防溅 / 黑紫湿暗
look_npc_npc_moyan_gate_outer_deacon,魔焰门·外门执事（外貌）,humanoid_other,1,,,,bestiary_v122.json,笑薄、眼活 / 青灰袍腰牌 / 黑紫湿暗
look_npc_npc_moyan_gate_patrol_captain,魔焰门·巡卫队长（外貌）,humanoid_other,1,,,,bestiary_v122.json,下颌硬、扫描式注视 / 甲叶劲装钉靴 / 黑紫湿暗
look_npc_npc_tiansha_sect_sect_master,天煞宗·掌门/代掌（外貌）,humanoid_other,1,,,,bestiary_v122.json,气沉印堂，眉目少波，年貌可逆于境界 / 袍制最尊，步稳无尘 / 黑紫湿暗
look_npc_npc_tiansha_sect_great_elder,天煞宗·大长老（外貌）,humanoid_other,1,,,,bestiary_v122.json,法令纹，目如秤 / 长身或清癯，佩令 / 黑紫湿暗
look_npc_npc_tiansha_sect_alchemy_elder,天煞宗·丹堂执事（外貌）,humanoid_other,1,,,,bestiary_v122.json,指黄、眼有火映 / 耐火短袍，袖防溅 / 黑紫湿暗
look_npc_npc_tiansha_sect_outer_deacon,天煞宗·外门执事（外貌）,humanoid_other,1,,,,bestiary_v122.json,笑薄、眼活 / 青灰袍腰牌 / 黑紫湿暗
look_npc_npc_tiansha_sect_patrol_captain,天煞宗·巡卫队长（外貌）,humanoid_other,1,,,,bestiary_v122.json,下颌硬、扫描式注视 / 甲叶劲装钉靴 / 黑紫湿暗
look_npc_npc_yuling_sect_sect_master,御灵宗·掌门/代掌（外貌）,humanoid_other,1,,,,bestiary_v122.json,气沉印堂，眉目少波，年貌可逆于境界 / 袍制最尊，步稳无尘 / 黑紫湿暗
look_npc_npc_yuling_sect_great_elder,御灵宗·大长老（外貌）,humanoid_other,1,,,,bestiary_v122.json,法令纹，目如秤 / 长身或清癯，佩令 / 黑紫湿暗
look_npc_npc_yuling_sect_alchemy_elder,御灵宗·丹堂执事（外貌）,humanoid_other,1,,,,bestiary_v122.json,指黄、眼有火映 / 耐火短袍，袖防溅 / 黑紫湿暗
look_npc_npc_yuling_sect_outer_deacon,御灵宗·外门执事（外貌）,humanoid_other,1,,,,bestiary_v122.json,笑薄、眼活 / 青灰袍腰牌 / 黑紫湿暗
look_npc_npc_yuling_sect_patrol_captain,御灵宗·巡卫队长（外貌）,humanoid_other,1,,,,bestiary_v122.json,下颌硬、扫描式注视 / 甲叶劲装钉靴 / 黑紫湿暗
look_npc_npc_qianhuan_sect_sect_master,千幻宗·掌门/代掌（外貌）,humanoid_other,1,,,,bestiary_v122.json,气沉印堂，眉目少波，年貌可逆于境界 / 袍制最尊，步稳无尘 / 黑紫湿暗
look_npc_npc_qianhuan_sect_great_elder,千幻宗·大长老（外貌）,humanoid_other,1,,,,bestiary_v122.json,法令纹，目如秤 / 长身或清癯，佩令 / 黑紫湿暗
look_npc_npc_qianhuan_sect_alchemy_elder,千幻宗·丹堂执事（外貌）,humanoid_other,1,,,,bestiary_v122.json,指黄、眼有火映 / 耐火短袍，袖防溅 / 黑紫湿暗
look_npc_npc_qianhuan_sect_outer_deacon,千幻宗·外门执事（外貌）,humanoid_other,1,,,,bestiary_v122.json,笑薄、眼活 / 青灰袍腰牌 / 黑紫湿暗
look_npc_npc_qianhuan_sect_patrol_captain,千幻宗·巡卫队长（外貌）,humanoid_other,1,,,,bestiary_v122.json,下颌硬、扫描式注视 / 甲叶劲装钉靴 / 黑紫湿暗
look_npc_npc_luoyun_sect_sect_master,落云宗·掌门/代掌（外貌）,humanoid_other,1,,,,bestiary_v122.json,气沉印堂，眉目少波，年貌可逆于境界 / 袍制最尊，步稳无尘 / 青灰月白
look_npc_npc_luoyun_sect_great_elder,落云宗·大长老（外貌）,humanoid_other,1,,,,bestiary_v122.json,法令纹，目如秤 / 长身或清癯，佩令 / 青灰月白
look_npc_npc_luoyun_sect_alchemy_elder,落云宗·丹堂执事（外貌）,humanoid_other,1,,,,bestiary_v122.json,指黄、眼有火映 / 耐火短袍，袖防溅 / 青灰月白
look_npc_npc_luoyun_sect_outer_deacon,落云宗·外门执事（外貌）,humanoid_other,1,,,,bestiary_v122.json,笑薄、眼活 / 青灰袍腰牌 / 青灰月白
look_npc_npc_luoyun_sect_patrol_captain,落云宗·巡卫队长（外貌）,humanoid_other,1,,,,bestiary_v122.json,下颌硬、扫描式注视 / 甲叶劲装钉靴 / 青灰月白
look_npc_npc_star_palace_sect_master,星宫·掌门/代掌（外貌）,humanoid_other,1,,,,bestiary_v122.json,气沉印堂，眉目少波，年貌可逆于境界 / 袍制最尊，步稳无尘 / 灰
look_npc_npc_star_palace_great_elder,星宫·大长老（外貌）,humanoid_other,1,,,,bestiary_v122.json,法令纹，目如秤 / 长身或清癯，佩令 / 灰
look_npc_npc_star_palace_alchemy_elder,星宫·丹堂执事（外貌）,humanoid_other,1,,,,bestiary_v122.json,指黄、眼有火映 / 耐火短袍，袖防溅 / 灰
look_npc_npc_star_palace_outer_deacon,星宫·外门执事（外貌）,humanoid_other,1,,,,bestiary_v122.json,笑薄、眼活 / 青灰袍腰牌 / 灰
look_npc_npc_star_palace_patrol_captain,星宫·巡卫队长（外貌）,humanoid_other,1,,,,bestiary_v122.json,下颌硬、扫描式注视 / 甲叶劲装钉靴 / 灰
look_npc_npc_inverse_star_alliance_sect_master,逆星盟·掌门/代掌（外貌）,humanoid_other,1,,,,bestiary_v122.json,气沉印堂，眉目少波，年貌可逆于境界 / 袍制最尊，步稳无尘 / 脏灰暗青
look_npc_npc_inverse_star_alliance_great_elder,逆星盟·大长老（外貌）,humanoid_other,1,,,,bestiary_v122.json,法令纹，目如秤 / 长身或清癯，佩令 / 脏灰暗青
look_npc_npc_inverse_star_alliance_alchemy_elder,逆星盟·丹堂执事（外貌）,humanoid_other,1,,,,bestiary_v122.json,指黄、眼有火映 / 耐火短袍，袖防溅 / 脏灰暗青
look_npc_npc_inverse_star_alliance_outer_deacon,逆星盟·外门执事（外貌）,humanoid_other,1,,,,bestiary_v122.json,笑薄、眼活 / 青灰袍腰牌 / 脏灰暗青
look_npc_npc_inverse_star_alliance_patrol_captain,逆星盟·巡卫队长（外貌）,humanoid_other,1,,,,bestiary_v122.json,下颌硬、扫描式注视 / 甲叶劲装钉靴 / 脏灰暗青
look_npc_npc_qianzhu_teach_sect_master,千竹教·掌门/代掌（外貌）,humanoid_other,1,,,,bestiary_v122.json,气沉印堂，眉目少波，年貌可逆于境界 / 袍制最尊，步稳无尘 / 灰褐
look_npc_npc_qianzhu_teach_great_elder,千竹教·大长老（外貌）,humanoid_other,1,,,,bestiary_v122.json,法令纹，目如秤 / 长身或清癯，佩令 / 灰褐
look_npc_npc_qianzhu_teach_alchemy_elder,千竹教·丹堂执事（外貌）,humanoid_other,1,,,,bestiary_v122.json,指黄、眼有火映 / 耐火短袍，袖防溅 / 灰褐
look_npc_npc_qianzhu_teach_outer_deacon,千竹教·外门执事（外貌）,humanoid_other,1,,,,bestiary_v122.json,笑薄、眼活 / 青灰袍腰牌 / 灰褐
look_npc_npc_qianzhu_teach_patrol_captain,千竹教·巡卫队长（外貌）,humanoid_other,1,,,,bestiary_v122.json,下颌硬、扫描式注视 / 甲叶劲装钉靴 / 灰褐
look_npc_npc_mulan_fashi_council_sect_master,慕兰神师府·掌门/代掌（外貌）,humanoid_other,1,,,,bestiary_v122.json,气沉印堂，眉目少波，年貌可逆于境界 / 袍制最尊，步稳无尘 / 灰
look_npc_npc_mulan_fashi_council_great_elder,慕兰神师府·大长老（外貌）,humanoid_other,1,,,,bestiary_v122.json,法令纹，目如秤 / 长身或清癯，佩令 / 灰
look_npc_npc_mulan_fashi_council_alchemy_elder,慕兰神师府·丹堂执事（外貌）,humanoid_other,1,,,,bestiary_v122.json,指黄、眼有火映 / 耐火短袍，袖防溅 / 灰
look_npc_npc_mulan_fashi_council_outer_deacon,慕兰神师府·外门执事（外貌）,humanoid_other,1,,,,bestiary_v122.json,笑薄、眼活 / 青灰袍腰牌 / 灰
look_npc_npc_mulan_fashi_council_patrol_captain,慕兰神师府·巡卫队长（外貌）,humanoid_other,1,,,,bestiary_v122.json,下颌硬、扫描式注视 / 甲叶劲装钉靴 / 灰
look_npc_npc_tianlan_temple_sect_master,天澜圣殿·掌门/代掌（外貌）,humanoid_other,1,,,,bestiary_v122.json,气沉印堂，眉目少波，年貌可逆于境界 / 袍制最尊，步稳无尘 / 灰
look_npc_npc_tianlan_temple_great_elder,天澜圣殿·大长老（外貌）,humanoid_other,1,,,,bestiary_v122.json,法令纹，目如秤 / 长身或清癯，佩令 / 灰
look_npc_npc_tianlan_temple_alchemy_elder,天澜圣殿·丹堂执事（外貌）,humanoid_other,1,,,,bestiary_v122.json,指黄、眼有火映 / 耐火短袍，袖防溅 / 灰
look_npc_npc_tianlan_temple_outer_deacon,天澜圣殿·外门执事（外貌）,humanoid_other,1,,,,bestiary_v122.json,笑薄、眼活 / 青灰袍腰牌 / 灰
look_npc_npc_tianlan_temple_patrol_captain,天澜圣殿·巡卫队长（外貌）,humanoid_other,1,,,,bestiary_v122.json,下颌硬、扫描式注视 / 甲叶劲装钉靴 / 灰
look_npc_npc_qianzhu_sect_sect_master,千竹教·掌门/代掌（外貌）,humanoid_other,1,,,,bestiary_v122.json,气沉印堂，眉目少波，年貌可逆于境界 / 袍制最尊，步稳无尘 / 青灰月白
look_npc_npc_qianzhu_sect_great_elder,千竹教·大长老（外貌）,humanoid_other,1,,,,bestiary_v122.json,法令纹，目如秤 / 长身或清癯，佩令 / 青灰月白
look_npc_npc_qianzhu_sect_alchemy_elder,千竹教·丹堂执事（外貌）,humanoid_other,1,,,,bestiary_v122.json,指黄、眼有火映 / 耐火短袍，袖防溅 / 青灰月白
look_npc_npc_qianzhu_sect_outer_deacon,千竹教·外门执事（外貌）,humanoid_other,1,,,,bestiary_v122.json,笑薄、眼活 / 青灰袍腰牌 / 青灰月白
look_npc_npc_qianzhu_sect_patrol_captain,千竹教·巡卫队长（外貌）,humanoid_other,1,,,,bestiary_v122.json,下颌硬、扫描式注视 / 甲叶劲装钉靴 / 青灰月白
look_npc_npc_yuling_sect_secret_sect_master,御灵宗·掌门/代掌（外貌）,humanoid_other,1,,,,bestiary_v122.json,气沉印堂，眉目少波，年貌可逆于境界 / 袍制最尊，步稳无尘 / 灰褐
look_npc_npc_yuling_sect_secret_great_elder,御灵宗·大长老（外貌）,humanoid_other,1,,,,bestiary_v122.json,法令纹，目如秤 / 长身或清癯，佩令 / 灰褐
look_npc_npc_yuling_sect_secret_alchemy_elder,御灵宗·丹堂执事（外貌）,humanoid_other,1,,,,bestiary_v122.json,指黄、眼有火映 / 耐火短袍，袖防溅 / 灰褐
look_npc_npc_yuling_sect_secret_outer_deacon,御灵宗·外门执事（外貌）,humanoid_other,1,,,,bestiary_v122.json,笑薄、眼活 / 青灰袍腰牌 / 灰褐
look_npc_npc_yuling_sect_secret_patrol_captain,御灵宗·巡卫队长（外貌）,humanoid_other,1,,,,bestiary_v122.json,下颌硬、扫描式注视 / 甲叶劲装钉靴 / 灰褐
look_npc_npc_guiling_gate_sect_master,鬼灵门·掌门/代掌（外貌）,humanoid_other,1,,,,bestiary_v122.json,气沉印堂，眉目少波，年貌可逆于境界 / 袍制最尊，步稳无尘 / 黑紫湿暗
look_npc_npc_guiling_gate_great_elder,鬼灵门·大长老（外貌）,humanoid_other,1,,,,bestiary_v122.json,法令纹，目如秤 / 长身或清癯，佩令 / 黑紫湿暗
look_npc_npc_guiling_gate_alchemy_elder,鬼灵门·丹堂执事（外貌）,humanoid_other,1,,,,bestiary_v122.json,指黄、眼有火映 / 耐火短袍，袖防溅 / 黑紫湿暗
look_npc_npc_guiling_gate_outer_deacon,鬼灵门·外门执事（外貌）,humanoid_other,1,,,,bestiary_v122.json,笑薄、眼活 / 青灰袍腰牌 / 黑紫湿暗
look_npc_npc_guiling_gate_patrol_captain,鬼灵门·巡卫队长（外貌）,humanoid_other,1,,,,bestiary_v122.json,下颌硬、扫描式注视 / 甲叶劲装钉靴 / 黑紫湿暗
look_npc_npc_tianmo_sect_sect_master,天魔宗·掌门/代掌（外貌）,humanoid_other,1,,,,bestiary_v122.json,气沉印堂，眉目少波，年貌可逆于境界 / 袍制最尊，步稳无尘 / 黑紫湿暗
look_npc_npc_tianmo_sect_great_elder,天魔宗·大长老（外貌）,humanoid_other,1,,,,bestiary_v122.json,法令纹，目如秤 / 长身或清癯，佩令 / 黑紫湿暗
look_npc_npc_tianmo_sect_alchemy_elder,天魔宗·丹堂执事（外貌）,humanoid_other,1,,,,bestiary_v122.json,指黄、眼有火映 / 耐火短袍，袖防溅 / 黑紫湿暗
look_npc_npc_tianmo_sect_outer_deacon,天魔宗·外门执事（外貌）,humanoid_other,1,,,,bestiary_v122.json,笑薄、眼活 / 青灰袍腰牌 / 黑紫湿暗
look_npc_npc_tianmo_sect_patrol_captain,天魔宗·巡卫队长（外貌）,humanoid_other,1,,,,bestiary_v122.json,下颌硬、扫描式注视 / 甲叶劲装钉靴 / 黑紫湿暗
look_npc_npc_qingluo_sect_sect_master,青罗宗·掌门/代掌（外貌）,humanoid_other,1,,,,bestiary_v122.json,气沉印堂，眉目少波，年貌可逆于境界 / 袍制最尊，步稳无尘 / 黑紫湿暗
look_npc_npc_qingluo_sect_great_elder,青罗宗·大长老（外貌）,humanoid_other,1,,,,bestiary_v122.json,法令纹，目如秤 / 长身或清癯，佩令 / 黑紫湿暗
look_npc_npc_qingluo_sect_alchemy_elder,青罗宗·丹堂执事（外貌）,humanoid_other,1,,,,bestiary_v122.json,指黄、眼有火映 / 耐火短袍，袖防溅 / 黑紫湿暗
look_npc_npc_qingluo_sect_outer_deacon,青罗宗·外门执事（外貌）,humanoid_other,1,,,,bestiary_v122.json,笑薄、眼活 / 青灰袍腰牌 / 黑紫湿暗
look_npc_npc_qingluo_sect_patrol_captain,青罗宗·巡卫队长（外貌）,humanoid_other,1,,,,bestiary_v122.json,下颌硬、扫描式注视 / 甲叶劲装钉靴 / 黑紫湿暗
look_npc_npc_wanhu_sect_sect_master,万狐宗·掌门/代掌（外貌）,humanoid_other,1,,,,bestiary_v122.json,气沉印堂，眉目少波，年貌可逆于境界 / 袍制最尊，步稳无尘 / 黑紫湿暗
look_npc_npc_wanhu_sect_great_elder,万狐宗·大长老（外貌）,humanoid_other,1,,,,bestiary_v122.json,法令纹，目如秤 / 长身或清癯，佩令 / 黑紫湿暗
look_npc_npc_wanhu_sect_alchemy_elder,万狐宗·丹堂执事（外貌）,humanoid_other,1,,,,bestiary_v122.json,指黄、眼有火映 / 耐火短袍，袖防溅 / 黑紫湿暗
look_npc_npc_wanhu_sect_outer_deacon,万狐宗·外门执事（外貌）,humanoid_other,1,,,,bestiary_v122.json,笑薄、眼活 / 青灰袍腰牌 / 黑紫湿暗
look_npc_npc_wanhu_sect_patrol_captain,万狐宗·巡卫队长（外貌）,humanoid_other,1,,,,bestiary_v122.json,下颌硬、扫描式注视 / 甲叶劲装钉靴 / 黑紫湿暗
look_npc_npc_xuewu_sect_sect_master,血巫教·掌门/代掌（外貌）,humanoid_other,1,,,,bestiary_v122.json,气沉印堂，眉目少波，年貌可逆于境界 / 袍制最尊，步稳无尘 / 黑紫湿暗
look_npc_npc_xuewu_sect_great_elder,血巫教·大长老（外貌）,humanoid_other,1,,,,bestiary_v122.json,法令纹，目如秤 / 长身或清癯，佩令 / 黑紫湿暗
look_npc_npc_xuewu_sect_alchemy_elder,血巫教·丹堂执事（外貌）,humanoid_other,1,,,,bestiary_v122.json,指黄、眼有火映 / 耐火短袍，袖防溅 / 黑紫湿暗
look_npc_npc_xuewu_sect_outer_deacon,血巫教·外门执事（外貌）,humanoid_other,1,,,,bestiary_v122.json,笑薄、眼活 / 青灰袍腰牌 / 黑紫湿暗
look_npc_npc_xuewu_sect_patrol_captain,血巫教·巡卫队长（外貌）,humanoid_other,1,,,,bestiary_v122.json,下颌硬、扫描式注视 / 甲叶劲装钉靴 / 黑紫湿暗
look_npc_npc_dajin_buddhist_temple_line_sect_master,大晋佛寺一脉·掌门/代掌（外貌）,humanoid_other,1,,,,bestiary_v122.json,气沉印堂，眉目少波，年貌可逆于境界 / 袍制最尊，步稳无尘 / 灰
look_npc_npc_dajin_buddhist_temple_line_great_elder,大晋佛寺一脉·大长老（外貌）,humanoid_other,1,,,,bestiary_v122.json,法令纹，目如秤 / 长身或清癯，佩令 / 灰
look_npc_npc_dajin_buddhist_temple_line_alchemy_elder,大晋佛寺一脉·丹堂执事（外貌）,humanoid_other,1,,,,bestiary_v122.json,指黄、眼有火映 / 耐火短袍，袖防溅 / 灰
look_npc_npc_dajin_buddhist_temple_line_outer_deacon,大晋佛寺一脉·外门执事（外貌）,humanoid_other,1,,,,bestiary_v122.json,笑薄、眼活 / 青灰袍腰牌 / 灰
look_npc_npc_dajin_buddhist_temple_line_patrol_captain,大晋佛寺一脉·巡卫队长（外貌）,humanoid_other,1,,,,bestiary_v122.json,下颌硬、扫描式注视 / 甲叶劲装钉靴 / 灰
look_npc_npc_huangfeng_dan_tang,黄枫谷·丹堂管事（外貌）,humanoid_other,1,,,,bestiary_v122.json,指黄、眼有火映 / 耐火短袍，袖防溅 / 灰
look_npc_npc_huangfeng_outer,黄枫谷·外门赵执事（外貌）,humanoid_other,1,,,,bestiary_v122.json,笑薄、眼活 / 青灰袍腰牌 / 灰
look_npc_npc_yanyue_shadow,掩月宗·影堂引路人（外貌）,humanoid_other,1,,,,bestiary_v122.json,可亲藏锋 / 半正式赶路袍 / 灰
look_npc_npc_spirit_beast_herder,灵兽山·御兽长（外貌）,humanoid_other,1,,,,bestiary_v122.json,法令纹，目如秤 / 长身或清癯，佩令 / 灰
look_npc_npc_qingxu_quiet,清虚门·静修堂主（外貌）,humanoid_other,1,,,,bestiary_v122.json,法令纹，目如秤 / 长身或清癯，佩令 / 灰
look_npc_npc_jujian_forge,巨剑门·剑冢执事（外貌）,humanoid_other,1,,,,bestiary_v122.json,下颌硬、扫描式注视 / 甲叶劲装钉靴 / 灰
look_npc_npc_qixuan_chief,七玄门·门主（江湖）（外貌）,humanoid_other,1,,,,bestiary_v122.json,气沉印堂，眉目少波，年貌可逆于境界 / 袍制最尊，步稳无尘 / 灰
look_npc_npc_ghost_spirit_ferry,鬼灵门·引渡使（外貌）,humanoid_other,1,,,,bestiary_v122.json,可亲藏锋 / 半正式赶路袍 / 灰
look_npc_npc_hehuan_host,合欢宗·堂主（外貌）,humanoid_other,1,,,,bestiary_v122.json,气沉印堂，眉目少波，年貌可逆于境界 / 袍制最尊，步稳无尘 / 灰
look_npc_npc_star_palace_censor,星宫·巡察使（外貌）,humanoid_other,1,,,,bestiary_v122.json,下颌硬、扫描式注视 / 甲叶劲装钉靴 / 灰
look_npc_npc_inverse_star_broker,逆星·灰市掮客（外貌）,humanoid_other,1,,,,bestiary_v122.json,半脸常阴影，笑单侧 / 多层斗篷 / 灰
look_npc_npc_liulian_envoy,六连殿·联络修（外貌）,humanoid_other,1,,,,bestiary_v122.json,可亲藏锋 / 半正式赶路袍 / 灰
look_npc_npc_dajin_auctioneer,大晋·拍卖行掌柜（外貌）,humanoid_other,1,,,,bestiary_v122.json,半脸常阴影，笑单侧 / 多层斗篷 / 灰
look_npc_npc_dajin_border_general,大晋边军·校尉（外貌）,humanoid_other,1,,,,bestiary_v122.json,下颌硬、扫描式注视 / 甲叶劲装钉靴 / 灰
look_npc_npc_mulan_fashi,慕兰·法师长老（外貌）,humanoid_other,1,,,,bestiary_v122.json,法令纹，目如秤 / 长身或清癯，佩令 / 灰
look_npc_npc_mulan_scout_chief,慕兰·斥候长（外貌）,humanoid_other,1,,,,bestiary_v122.json,下颌硬、扫描式注视 / 甲叶劲装钉靴 / 灰
look_npc_npc_tianyuan_clerk,天渊城·功勋吏（外貌）,humanoid_other,1,,,,bestiary_v122.json,笑薄、眼活 / 青灰袍腰牌 / 灰
look_npc_npc_qianzhu_mechanic,千竹·机关长老（外貌）,humanoid_other,1,,,,bestiary_v122.json,指黄、眼有火映 / 耐火短袍，袖防溅 / 灰
look_npc_npc_kunwu_guide,昆吾·火脉向导（外貌）,humanoid_other,1,,,,bestiary_v122.json,可亲藏锋 / 半正式赶路袍 / 灰
look_npc_npc_nether_ferryman,冥河·摆渡残影（外貌）,humanoid_other,1,,,,bestiary_v122.json,可亲藏锋 / 半正式赶路袍 / 灰
look_npc_npc_blood_forbidden_guard,血色禁地·守界修（外貌）,humanoid_other,1,,,,bestiary_v122.json,下颌硬、扫描式注视 / 甲叶劲装钉靴 / 灰
look_npc_npc_xutian_observer,虚天殿·观殿人（外貌）,humanoid_other,1,,,,bestiary_v122.json,法令纹，目如秤 / 长身或清癯，佩令 / 灰
look_npc_npc_diyuan_miner,地渊·矿脉包工头（外貌）,humanoid_other,1,,,,bestiary_v122.json,笑薄、眼活 / 青灰袍腰牌 / 灰
look_npc_npc_asura_trial_warden,修罗界·试炼令使（外貌）,humanoid_other,1,,,,bestiary_v122.json,可亲藏锋 / 半正式赶路袍 / 灰
look_npc_npc_jiuxian_gatekeeper,九仙山·守峰人（外貌）,humanoid_other,1,,,,bestiary_v122.json,气沉印堂，眉目少波，年貌可逆于境界 / 袍制最尊，步稳无尘 / 灰
look_npc_npc_garden_auditor,灵缈园·采药审计（外貌）,humanoid_other,1,,,,bestiary_v122.json,下颌硬、扫描式注视 / 甲叶劲装钉靴 / 灰
look_npc_npc_wandering_appraiser,散修·鉴宝张（外貌）,humanoid_other,1,,,,bestiary_v122.json,半脸常阴影，笑单侧 / 多层斗篷 / 灰
look_npc_npc_seven_meridian_judge,七脉试炼·评分执事（外貌）,humanoid_other,1,,,,bestiary_v122.json,笑薄、眼活 / 青灰袍腰牌 / 灰
v122_look_librarian,外貌司书,humanoid_other,0,,,,bestiary_v122.json,指向 visual_look_cards_v122
